Date,vstoxx
7/5/2022,31.604
7/1/2022,28.7616
6/30/2022,29.7804
6/29/2022,28.1127
6/28/2022,26.6834
6/27/2022,27.0179
6/24/2022,27.7689
6/23/2022,29.209
6/22/2022,28.6815
6/21/2022,28.1129
6/17/2022,30.893
6/16/2022,32.5946
6/15/2022,30.0721
6/14/2022,31.5667
6/13/2022,31.8085
6/10/2022,27.6629
6/9/2022,23.9731
6/8/2022,23.1306
6/7/2022,23.5931
6/6/2022,22.97
6/3/2022,23.3949
6/2/2022,23.3885
6/1/2022,25.4388
5/31/2022,25.249
5/27/2022,23.8505
5/26/2022,25.6642
5/25/2022,27.4222
5/24/2022,28.6123
5/23/2022,27.5784
5/20/2022,28.6575
5/19/2022,29.4669
5/18/2022,27.6329
5/17/2022,26.2385
5/16/2022,28.2178
5/13/2022,29.1149
5/12/2022,32.3963
5/11/2022,31.1216
5/10/2022,35.0146
5/9/2022,35.9089
5/6/2022,32.8002
5/5/2022,32.7671
5/4/2022,31.2319
5/3/2022,31.3834
5/2/2022,34.0677
4/29/2022,30.7732
4/28/2022,31.2799
4/27/2022,32.7446
4/26/2022,32.7093
4/25/2022,31.4602
4/22/2022,28.345
4/21/2022,24.5398
4/20/2022,24.9786
4/19/2022,27.4395
4/18/2022,26.7531
4/14/2022,26.7531
4/13/2022,28.843
4/12/2022,30.0143
4/11/2022,30.2283
4/8/2022,30.7314
4/7/2022,32.5322
4/6/2022,32.238
4/5/2022,29.1551
4/4/2022,26.725
4/1/2022,28.5011
3/31/2022,28.9898
3/30/2022,28.1001
3/29/2022,26.582
3/28/2022,30.5027
3/25/2022,32.2262
3/24/2022,31.1577
3/23/2022,30.7746
3/22/2022,27.484
3/21/2022,28.3402
3/18/2022,29.9048
3/17/2022,32.017
3/16/2022,36.0127
3/15/2022,41.1972
3/14/2022,40.6415
3/11/2022,41.3743
3/10/2022,43.3509
3/9/2022,41.497
3/8/2022,45.5607
3/7/2022,48.2373
3/4/2022,49.6395
3/3/2022,40.4507
3/2/2022,38.7848
3/1/2022,41.5796
2/28/2022,35.293
2/25/2022,32.1184
2/24/2022,38.1264
2/23/2022,33.4572
2/22/2022,32.9766
2/18/2022,31.2669
2/17/2022,28.7931
2/16/2022,26.6138
2/15/2022,27.055
2/14/2022,30.0547
2/11/2022,24.6637
2/10/2022,21.8414
2/9/2022,21.4117
2/8/2022,23.1564
2/7/2022,24.2433
2/4/2022,26.3008
2/3/2022,24.3287
2/2/2022,22.6402
2/1/2022,24.0892
1/31/2022,27.0084
1/28/2022,29.4111
1/27/2022,28.028
1/26/2022,28.3362
1/25/2022,31.453
1/24/2022,32.6811
1/21/2022,24.2217
1/20/2022,20.4033
1/19/2022,22.3578
1/18/2022,21.9614
1/14/2022,21.3963
1/13/2022,18.4609
1/12/2022,18.3029
1/11/2022,19.7861
1/10/2022,22.543
1/7/2022,20.6232
1/6/2022,20.0961
1/5/2022,17.7553
1/4/2022,18.6397
1/3/2022,19.1696
12/30/2021,19.2677
12/29/2021,20.1834
12/28/2021,19.0728
12/27/2021,19.6616
12/23/2021,19.0369
12/22/2021,21.0421
12/21/2021,22.8332
12/20/2021,26.835
12/17/2021,21.9842
12/16/2021,20.6116
12/15/2021,24.7416
12/14/2021,24.418
12/13/2021,23.0184
12/10/2021,22.4272
12/9/2021,23.516
12/8/2021,24.708
12/7/2021,24.873
12/6/2021,30.041
12/3/2021,31.4794
12/2/2021,30.469
12/1/2021,26.0164
11/30/2021,30.0679
11/29/2021,28.8033
11/26/2021,32.3129
11/24/2021,20.666
11/23/2021,20.6416
11/22/2021,18.8846
11/19/2021,19.1166
11/18/2021,17.7692
11/17/2021,16.6822
11/16/2021,16.7973
11/15/2021,16.6495
11/12/2021,16.1449
11/11/2021,17.0902
11/10/2021,17.1761
11/9/2021,18.062
11/8/2021,17.1981
11/5/2021,16.4029
11/4/2021,15.9723
11/3/2021,16.4717
11/2/2021,16.8576
11/1/2021,17.4961
10/29/2021,17.6164
10/28/2021,17.6094
10/27/2021,16.9191
10/26/2021,16.1505
10/25/2021,16.2815
10/22/2021,16.4007
10/21/2021,16.7516
10/20/2021,15.9796
10/19/2021,16.2901
10/18/2021,17.1324
10/15/2021,16.3486
10/14/2021,16.9918
10/13/2021,19.8415
10/12/2021,20.7442
10/11/2021,20.1795
10/8/2021,20.2799
10/7/2021,21.0201
10/6/2021,24.3318
10/5/2021,22.2252
10/4/2021,25.1857
10/1/2021,24.0389
9/30/2021,23.2428
9/29/2021,23.9588
9/28/2021,24.8941
9/27/2021,20.8349
9/24/2021,21.8467
9/23/2021,20.6244
9/22/2021,22.8073
9/21/2021,25.5096
9/20/2021,26.4695
9/17/2021,23.1662
9/16/2021,21.6515
9/15/2021,21.6946
9/14/2021,20.4635
9/13/2021,20.7429
9/10/2021,20.357
9/9/2021,19.6412
9/8/2021,20.4927
9/7/2021,18.6
9/3/2021,18.1919
9/2/2021,16.9721
9/1/2021,17.4679
8/31/2021,18.7654
8/30/2021,17.498
8/27/2021,17.6003
8/26/2021,19.0944
8/25/2021,17.8302
8/24/2021,18.0943
8/23/2021,17.8943
8/20/2021,20.1509
8/19/2021,22.1296
8/18/2021,18.4705
8/17/2021,18.3901
8/16/2021,18.0025
8/13/2021,15.8002
8/12/2021,16.1073
8/11/2021,17.038
8/10/2021,17.2752
8/9/2021,17.5508
8/6/2021,17.8883
8/5/2021,18.2492
8/4/2021,19.2129
8/3/2021,20.2233
8/2/2021,19.8395
7/30/2021,20.9392
7/29/2021,19.2556
7/28/2021,19.4809
7/27/2021,21.3563
7/26/2021,18.5323
7/23/2021,17.5527
7/22/2021,19.9131
7/21/2021,21.5241
7/20/2021,24.4923
7/19/2021,25.4361
7/16/2021,19.4537
7/15/2021,18.642
7/14/2021,17.6841
7/13/2021,17.9989
7/12/2021,17.9521
7/9/2021,17.9506
7/8/2021,19.9652
7/7/2021,17.3168
7/6/2021,18.1255
7/2/2021,16.5747
7/1/2021,17.7267
6/30/2021,18.1849
6/29/2021,16.9495
6/28/2021,17.6455
6/25/2021,16.6823
6/24/2021,17.3518
6/23/2021,18.549
6/22/2021,17.5733
6/21/2021,19.4847
6/18/2021,20.7634
6/17/2021,17.0804
6/16/2021,16.1772
6/15/2021,16.4055
6/14/2021,16.0495
6/11/2021,15.1511
6/10/2021,16.6565
6/9/2021,17.2322
6/8/2021,17.7247
6/7/2021,17.711
6/4/2021,17.376
6/3/2021,18.2446
6/2/2021,17.8481
6/1/2021,18.7726
5/28/2021,17.1662
5/27/2021,17.8227
5/26/2021,18.2823
5/25/2021,19.0816
5/24/2021,19.2364
5/21/2021,20.3521
5/20/2021,22.1023
5/19/2021,24.4802
5/18/2021,21.3082
5/17/2021,21.8052
5/14/2021,19.5457
5/13/2021,23.3498
5/12/2021,23.9387
5/11/2021,22.5573
5/10/2021,18.5019
5/7/2021,18.3838
5/6/2021,20.3775
5/5/2021,19.9042
5/4/2021,22.8185
5/3/2021,19.9314
4/30/2021,20.6309
4/29/2021,18.8768
4/28/2021,18.377
4/27/2021,19.2123
4/26/2021,18.2841
4/23/2021,18.1883
4/22/2021,17.7562
4/21/2021,19.2813
4/20/2021,21.0797
4/19/2021,17.2101
4/16/2021,16.1131
4/15/2021,15.7081
4/14/2021,16.1903
4/13/2021,16.3086
4/12/2021,17.0514
4/9/2021,16.1768
4/8/2021,16.1602
4/7/2021,16.6645
4/6/2021,17.1057
4/5/2021,16.8956
4/1/2021,16.8956
3/31/2021,17.9742
3/30/2021,18.4722
3/29/2021,18.348
3/26/2021,17.112
3/25/2021,18.8836
3/24/2021,17.7712
3/23/2021,17.5964
3/22/2021,17.6826
3/19/2021,18.395
3/18/2021,17.4622
3/17/2021,17.5706
3/16/2021,17.5488
3/15/2021,18.6234
3/12/2021,18.7087
3/11/2021,18.8846
3/10/2021,19.6671
3/9/2021,20.2608
3/8/2021,20.8952
3/5/2021,25.0782
3/4/2021,22.0916
3/3/2021,21.6956
3/2/2021,21.8134
3/1/2021,22.1594
2/26/2021,26.8632
2/25/2021,22.0962
2/24/2021,21.4258
2/23/2021,23.1325
2/22/2021,21.6934
2/19/2021,20.4844
2/18/2021,22.5234
2/17/2021,21.829
2/16/2021,20.9294
2/12/2021,20.0616
2/11/2021,21.2082
2/10/2021,22.4678
2/9/2021,21.1232
2/8/2021,20.4375
2/5/2021,20.6436
2/4/2021,21.3727
2/3/2021,22.7195
2/2/2021,24.0219
2/1/2021,27.3261
1/29/2021,29.0082
1/28/2021,25.9287
1/27/2021,26.7698
1/26/2021,23.0994
1/25/2021,26.0059
1/22/2021,21.317
1/21/2021,19.9362
1/20/2021,20.2772
1/19/2021,21.749
1/15/2021,22.4344
1/14/2021,19.6932
1/13/2021,21.0937
1/12/2021,21.9516
1/11/2021,21.9797
1/8/2021,20.5276
1/7/2021,21.0154
1/6/2021,21.4423
1/5/2021,25.1986
1/4/2021,24.8416
12/30/2020,23.369
12/29/2020,22.3828
12/28/2020,21.7054
12/23/2020,23.1531
12/22/2020,25.2067
12/21/2020,27.2641
12/18/2020,21.6252
12/17/2020,20.5099
12/16/2020,21.1372
12/15/2020,21.7301
12/14/2020,22.521
12/11/2020,23.6144
12/10/2020,20.6617
12/9/2020,20.0186
12/8/2020,20.5353
12/7/2020,21.4355
12/4/2020,20.8186
12/3/2020,21.3172
12/2/2020,21.694
12/1/2020,21.3014
11/30/2020,22.9149
11/27/2020,20.0788
11/25/2020,20.7778
11/24/2020,21.3674
11/23/2020,22.4894
11/20/2020,21.4393
11/19/2020,21.9714
11/18/2020,20.9029
11/17/2020,22.2529
11/16/2020,22.3849
11/13/2020,23.1431
11/12/2020,23.3023
11/11/2020,23.1256
11/10/2020,25.0803
11/9/2020,23.8631
11/6/2020,25.6153
11/5/2020,26.3725
11/4/2020,28.0023
11/3/2020,32.763
11/2/2020,35.233
10/30/2020,35.3472
10/29/2020,37.5504
10/28/2020,38.2587
10/27/2020,32.7397
10/26/2020,31.7557
10/23/2020,28.157
10/22/2020,28.9879
10/21/2020,29.4488
10/20/2020,27.6293
10/19/2020,26.6186
10/16/2020,25.3165
10/15/2020,26.8422
10/14/2020,23.2425
10/13/2020,22.9397
10/12/2020,22.2531
10/9/2020,22.2369
10/8/2020,23.98
10/7/2020,24.9744
10/6/2020,25.2128
10/5/2020,26.2763
10/2/2020,26.8168
10/1/2020,26.5374
9/30/2020,26.0598
9/29/2020,26.9026
9/28/2020,26.8241
9/25/2020,27.8075
9/24/2020,28.3437
9/23/2020,27.1669
9/22/2020,28.1097
9/21/2020,29.8809
9/18/2020,22.6496
9/17/2020,22.5468
9/16/2020,21.9927
9/15/2020,22.1155
9/14/2020,22.5682
9/11/2020,23.7249
9/10/2020,25.0052
9/9/2020,25.8888
9/8/2020,28.4501
9/4/2020,31.7117
9/3/2020,29.0121
9/2/2020,26.6145
9/1/2020,27.1192
8/31/2020,26.7213
8/28/2020,25.1579
8/27/2020,23.5584
8/26/2020,22.0013
8/25/2020,23.3594
8/24/2020,23.1101
8/21/2020,24.3375
8/20/2020,24.0354
8/19/2020,21.9882
8/18/2020,23.269
8/17/2020,22.7835
8/14/2020,23.8671
8/13/2020,22.691
8/12/2020,22.4674
8/11/2020,23.3863
8/10/2020,24.1127
8/7/2020,24.1977
8/6/2020,24.9371
8/5/2020,23.9421
8/4/2020,25.087
8/3/2020,25.7571
7/31/2020,26.6625
7/30/2020,28.024
7/29/2020,24.2316
7/28/2020,24.3987
7/27/2020,25.238
7/24/2020,25.5773
7/23/2020,23.3144
7/22/2020,24.2123
7/21/2020,23.4879
7/20/2020,24.2112
7/17/2020,25.5762
7/16/2020,26.8067
7/15/2020,27.5724
7/14/2020,28.9278
7/13/2020,27.1352
7/10/2020,28.4276
7/9/2020,30.4505
7/8/2020,29.5725
7/7/2020,27.9345
7/6/2020,27.6015
7/1/2020,30.1305
6/30/2020,31.7179
6/29/2020,34.4922
6/26/2020,35.1735
6/25/2020,34.6839
6/24/2020,36.8071
6/23/2020,31.3419
6/22/2020,33.781
6/19/2020,32.2142
6/18/2020,35.0461
6/17/2020,35.3603
6/16/2020,36.0977
6/15/2020,38.4135
6/12/2020,41.4116
6/11/2020,36.0215
6/10/2020,30.0524
6/9/2020,29.7453
6/8/2020,28.1197
6/5/2020,27.8909
6/4/2020,27.6617
6/3/2020,29.6082
6/2/2020,30.678
5/29/2020,31.1263
5/28/2020,29.0063
5/27/2020,29.3988
5/26/2020,28.0385
5/22/2020,31.4161
5/21/2020,32.315
5/20/2020,29.1093
5/19/2020,30.1699
5/18/2020,29.0582
5/15/2020,34.4706
5/14/2020,36.3219
5/13/2020,33.4196
5/12/2020,27.6697
5/8/2020,29.6643
5/7/2020,32.4312
5/6/2020,34.8075
5/5/2020,34.5055
5/4/2020,38.322
4/30/2020,33.9105
4/29/2020,30.7205
4/28/2020,33.012
4/27/2020,34.7193
4/24/2020,40.1744
4/23/2020,40.3534
4/22/2020,43.9569
4/21/2020,48.2215
4/17/2020,41.201
4/16/2020,43.2623
4/15/2020,44.9575
4/14/2020,40.4768
4/13/2020,44.7106
4/9/2020,44.7106
4/8/2020,45.2972
4/7/2020,46.2871
4/6/2020,43.0301
4/3/2020,45.8806
4/2/2020,49.9156
4/1/2020,51.1408
3/31/2020,48.5926
3/30/2020,55.6324
3/27/2020,60.9948
3/26/2020,54.3148
3/25/2020,57.1305
3/24/2020,52.5304
3/23/2020,64.4283
3/20/2020,68.2146
3/19/2020,78.3461
3/18/2020,84.7969
3/17/2020,77.2625
3/16/2020,85.6206
3/13/2020,74.3321
3/12/2020,71.5196
3/11/2020,53.7615
3/10/2020,53.8031
3/9/2020,54.0993
3/6/2020,43.0212
3/5/2020,33.1404
3/4/2020,29.7565
3/3/2020,33.4532
3/2/2020,36.1186
2/28/2020,42.2369
2/27/2020,34.6989
2/26/2020,24.5403
2/25/2020,27.4449
2/24/2020,22.6584
2/21/2020,15.7536
2/20/2020,14.09
2/19/2020,12.8829
2/18/2020,13.8431
2/14/2020,13.0625
2/13/2020,13.2476
2/12/2020,12.4526
2/11/2020,12.9201
2/10/2020,13.7034
2/7/2020,13.3241
2/6/2020,12.9889
2/5/2020,13.6052
2/4/2020,14.4971
2/3/2020,16.2837
1/31/2020,17.1542
1/30/2020,16.4174
1/29/2020,14.4199
1/28/2020,15.1979
1/27/2020,17.1711
1/24/2020,12.6665
1/23/2020,13.164
1/22/2020,12.2389
1/21/2020,11.8141
1/17/2020,10.6899
1/16/2020,11.0223
1/15/2020,12.0408
1/14/2020,12.4099
1/13/2020,12.7138
1/10/2020,12.3886
1/9/2020,13.0363
1/8/2020,14.0401
1/7/2020,14.2117
1/6/2020,15.1404
1/3/2020,13.9588
1/2/2020,12.6736
12/30/2019,13.9548
12/27/2019,12.0913
12/23/2019,11.6482
12/20/2019,11.0774
12/19/2019,12.1761
12/18/2019,11.8244
12/17/2019,12.1489
12/16/2019,11.644
12/13/2019,13.1174
12/12/2019,14.6631
12/11/2019,15.2345
12/10/2019,15.022
12/9/2019,14.9246
12/6/2019,14.1327
12/5/2019,15.3707
12/4/2019,15.2237
12/3/2019,16.9096
12/2/2019,15.8889
11/29/2019,13.174
11/27/2019,12.2032
11/26/2019,12.0954
11/25/2019,12.3837
11/22/2019,13.0888
11/21/2019,13.1317
11/20/2019,12.7274
11/19/2019,12.3699
11/18/2019,12.0372
11/15/2019,11.537
11/14/2019,12.4735
11/13/2019,12.7955
11/12/2019,12.6338
11/11/2019,13.0887
11/8/2019,12.8514
11/7/2019,12.7542
11/6/2019,12.9335
11/5/2019,12.9226
11/4/2019,12.9047
11/1/2019,12.8444
10/31/2019,13.7919
10/30/2019,13.7963
10/29/2019,13.7262
10/28/2019,13.2006
10/25/2019,12.8208
10/24/2019,13.0918
10/23/2019,13.4557
10/22/2019,14.1743
10/21/2019,14.7438
10/18/2019,15.3746
10/17/2019,14.9276
10/16/2019,14.76
10/15/2019,14.4716
10/14/2019,15.9171
10/11/2019,15.8911
10/10/2019,17.418
10/9/2019,18.3918
10/8/2019,19.2294
10/7/2019,17.856
10/4/2019,18.5245
10/3/2019,20.5011
10/2/2019,21.0071
10/1/2019,17.26
9/30/2019,15.8282
9/27/2019,15.8826
9/26/2019,16.587
9/25/2019,17.2313
9/24/2019,15.9723
9/23/2019,15.5783
9/20/2019,13.9744
9/19/2019,14.501
9/18/2019,15.2097
9/17/2019,15.5502
9/16/2019,15.2467
9/13/2019,13.7364
9/12/2019,14.4138
9/11/2019,15.4354
9/10/2019,15.2574
9/9/2019,14.9418
9/6/2019,14.6313
9/5/2019,15.5052
9/4/2019,16.5794
9/3/2019,18.2403
8/30/2019,17.6681
8/29/2019,17.601
8/28/2019,19.3267
8/27/2019,19.4399
8/26/2019,20.2502
8/23/2019,20.1473
8/22/2019,18.2332
8/21/2019,16.7721
8/20/2019,18.4289
8/19/2019,18.2556
8/16/2019,20.3841
8/15/2019,22.5419
8/14/2019,22.0616
8/13/2019,18.6224
8/12/2019,19.2544
8/9/2019,18.9533
8/8/2019,18.0037
8/7/2019,21.039
8/6/2019,21.3783
8/5/2019,21.0618
8/2/2019,18.3481
8/1/2019,13.7348
7/31/2019,14.3909
7/30/2019,14.4662
7/29/2019,12.6386
7/26/2019,12.669
7/25/2019,13.2666
7/24/2019,13.1227
7/23/2019,12.7137
7/22/2019,13.5495
7/19/2019,13.6973
7/18/2019,13.332
7/17/2019,12.6034
7/16/2019,12.1592
7/15/2019,12.6064
7/12/2019,12.3888
7/11/2019,12.4747
7/10/2019,12.8191
7/9/2019,12.7504
7/8/2019,12.616
7/5/2019,12.4185
7/3/2019,11.7045
7/2/2019,11.8371
7/1/2019,12.383
6/28/2019,13.7342
6/27/2019,14.1174
6/26/2019,14.0634
6/25/2019,13.9815
6/24/2019,13.9669
6/21/2019,13.3894
6/20/2019,13.3474
6/19/2019,13.6604
6/18/2019,13.2695
6/17/2019,14.0293
6/14/2019,14.3629
6/13/2019,14.3656
6/12/2019,14.945
6/11/2019,14.796
6/10/2019,14.8913
6/7/2019,14.9085
6/6/2019,15.6299
6/5/2019,16.1034
6/4/2019,16.42
6/3/2019,17.2417
5/31/2019,17.4218
5/30/2019,16.7607
5/29/2019,17.7806
5/28/2019,16.1658
5/24/2019,16.7146
5/23/2019,17.637
5/22/2019,15.4494
5/21/2019,15.8302
5/20/2019,17.3812
5/17/2019,14.9769
5/16/2019,15.0605
5/15/2019,16.7467
5/14/2019,17.5609
5/13/2019,19.4264
5/10/2019,18.5073
5/9/2019,20.0378
5/8/2019,17.6428
5/7/2019,18.0429
5/6/2019,15.7375
5/3/2019,13.3808
5/2/2019,14.3357
4/30/2019,13.2624
4/29/2019,13.0278
4/26/2019,12.6034
4/25/2019,12.9572
4/24/2019,12.5447
4/23/2019,12.204
4/22/2019,11.0066
4/18/2019,11.0066
4/17/2019,11.2672
4/16/2019,11.3012
4/15/2019,11.4864
4/12/2019,11.877
4/11/2019,12.595
4/10/2019,14.281
4/9/2019,14.5187
4/8/2019,14.603
4/5/2019,13.552
4/4/2019,14.2468
4/3/2019,14.1923
4/2/2019,14.7848
4/1/2019,14.7903
3/29/2019,15.2748
3/28/2019,16.6715
3/27/2019,16.3337
3/26/2019,15.8457
3/25/2019,17.3356
3/22/2019,17.6785
3/21/2019,15.6876
3/20/2019,14.4778
3/19/2019,13.0007
3/18/2019,13.2122
3/15/2019,12.9242
3/14/2019,13.6478
3/13/2019,13.9503
3/12/2019,13.8356
3/11/2019,14.1546
3/8/2019,14.411
3/7/2019,13.8671
3/6/2019,13.4409
3/5/2019,13.5075
3/4/2019,13.6499
3/1/2019,13.3709
2/28/2019,13.5876
2/27/2019,14.3497
2/26/2019,13.8942
2/25/2019,13.8464
2/22/2019,13.9767
2/21/2019,14.3444
2/20/2019,14.2742
2/19/2019,14.6143
2/15/2019,14.2944
2/14/2019,15.757
2/13/2019,13.9695
2/12/2019,14.2814
2/11/2019,15.2186
2/8/2019,16.3132
2/7/2019,16.1706
2/6/2019,13.616
2/5/2019,13.5808
2/4/2019,14.2075
2/1/2019,13.9879
1/31/2019,15.1126
1/30/2019,16.0154
1/29/2019,16.0456
1/28/2019,16.1551
1/25/2019,14.7823
1/24/2019,15.5603
1/23/2019,16.4792
1/22/2019,15.9971
1/18/2019,14.28
1/17/2019,15.4064
1/16/2019,15.7177
1/15/2019,16.9334
1/14/2019,17.8987
1/11/2019,17.4182
1/10/2019,18.6879
1/9/2019,18.997
1/8/2019,19.4803
1/7/2019,20.151
1/4/2019,20.4827
1/3/2019,22.9978
1/2/2019,23.3924
12/28/2018,23.8643
12/27/2018,25.6882
12/21/2018,20.3984
12/20/2018,20.733
12/19/2018,19.6024
12/18/2018,20.0366
12/17/2018,19.8187
12/14/2018,19.1643
12/13/2018,19.1773
12/12/2018,19.7254
12/11/2018,21.0925
12/10/2018,23.6592
12/7/2018,21.6688
12/6/2018,24.6155
12/4/2018,17.2085
12/3/2018,16.9152
11/30/2018,18.4935
11/29/2018,18.61
11/28/2018,18.5952
11/27/2018,18.479
11/26/2018,18.4228
11/23/2018,18.9738
11/21/2018,18.2397
11/20/2018,19.9622
11/19/2018,18.032
11/16/2018,18.0762
11/15/2018,20.1522
11/14/2018,18.4549
11/13/2018,17.029
11/12/2018,17.8587
11/9/2018,16.3773
11/8/2018,15.881
11/7/2018,16.4264
11/6/2018,18.1091
11/5/2018,18.3296
11/2/2018,18.848
11/1/2018,18.995
10/31/2018,20.3038
10/30/2018,22.2249
10/29/2018,22.2872
10/26/2018,23.7391
10/25/2018,20.7552
10/24/2018,21.9772
10/23/2018,21.3624
10/22/2018,19.3581
10/19/2018,18.7838
10/18/2018,18.1712
10/17/2018,17.0163
10/16/2018,16.8341
10/15/2018,19.0703
10/12/2018,20.2103
10/11/2018,21.2373
10/10/2018,18.4029
10/9/2018,16.9002
10/8/2018,17.6264
10/5/2018,16.6807
10/4/2018,16.0249
10/3/2018,14.6064
10/2/2018,15.4784
10/1/2018,14.2333
9/28/2018,14.7637
9/27/2018,13.171
9/26/2018,12.8518
9/25/2018,13.1636
9/24/2018,13.7328
9/21/2018,12.8151
9/20/2018,13.1843
9/19/2018,13.5296
9/18/2018,14.356
9/17/2018,14.5708
9/14/2018,13.8963
9/13/2018,14.5934
9/12/2018,15.3235
9/11/2018,15.7862
9/10/2018,15.8948
9/7/2018,16.4546
9/6/2018,17.1012
9/5/2018,17.2886
9/4/2018,16.3854
8/31/2018,15.6343
8/30/2018,14.1532
8/29/2018,12.9914
8/28/2018,13.1602
8/27/2018,13.1149
8/24/2018,13.1882
8/23/2018,13.6438
8/22/2018,13.8512
8/21/2018,13.8748
8/20/2018,14.5019
8/17/2018,16.0982
8/16/2018,16.2633
8/15/2018,18.4755
8/14/2018,15.861
8/13/2018,15.9406
8/10/2018,15.1113
8/9/2018,12.4882
8/8/2018,12.8654
8/7/2018,12.6265
8/6/2018,13.47
8/3/2018,13.3973
8/2/2018,14.5051
8/1/2018,13.028
7/31/2018,12.5596
7/30/2018,12.7107
7/27/2018,11.6594
7/26/2018,12.1361
7/25/2018,13.5029
7/24/2018,12.7259
7/23/2018,14.1892
7/20/2018,13.7747
7/19/2018,12.8476
7/18/2018,11.9617
7/17/2018,12.556
7/16/2018,13.0323
7/13/2018,12.8035
7/12/2018,13.4596
7/11/2018,14.5961
7/10/2018,12.9935
7/9/2018,14.0711
7/6/2018,14.7428
7/5/2018,15.731
7/3/2018,16.3909
7/2/2018,17.9959
6/29/2018,16.6333
6/28/2018,18.4191
6/27/2018,17.1802
6/26/2018,17.2411
6/25/2018,17.8727
6/22/2018,14.2065
6/21/2018,16.0901
6/20/2018,13.9834
6/19/2018,14.8685
6/18/2018,13.763
6/15/2018,12.1297
6/14/2018,11.4418
6/13/2018,13.198
6/12/2018,13.6885
6/11/2018,13.9917
6/8/2018,14.9616
6/7/2018,14.4204
6/6/2018,14.7989
6/5/2018,14.7988
6/4/2018,14.3641
6/1/2018,15.6231
5/31/2018,17.6547
5/30/2018,18.3411
5/29/2018,20.1545
5/25/2018,16.0228
5/24/2018,15.6902
5/23/2018,15.0616
5/22/2018,12.9845
5/21/2018,13.7761
5/18/2018,13.9673
5/17/2018,13.0848
5/16/2018,13.5725
5/15/2018,12.6765
5/14/2018,12.6448
5/11/2018,12.4351
5/10/2018,12.8229
5/9/2018,13.3529
5/8/2018,13.7161
5/7/2018,13.3159
5/4/2018,13.4198
5/3/2018,14.4576
5/2/2018,13.5282
4/30/2018,13.7154
4/27/2018,13.1315
4/26/2018,13.6785
4/25/2018,14.6576
4/24/2018,13.4086
4/23/2018,13.328
4/20/2018,13.756
4/19/2018,13.7415
4/18/2018,13.0383
4/17/2018,13.288
4/16/2018,14.5036
4/13/2018,15.2974
4/12/2018,15.8108
4/11/2018,16.9837
4/10/2018,16.3164
4/9/2018,17.353
4/6/2018,17.4368
4/5/2018,16.9025
4/4/2018,19.5763
4/3/2018,18.8146
4/2/2018,17.4364
3/29/2018,17.4364
3/28/2018,19.6857
3/27/2018,18.9761
3/26/2018,22.0543
3/23/2018,21.0758
3/22/2018,18.551
3/21/2018,14.8531
3/20/2018,15.3836
3/19/2018,16.4988
3/16/2018,13.389
3/15/2018,15.2246
3/14/2018,16.9106
3/13/2018,16.6195
3/12/2018,15.4002
3/9/2018,15.4054
3/8/2018,16.6065
3/7/2018,18.1546
3/6/2018,18.6852
3/5/2018,18.8922
3/2/2018,23.386
3/1/2018,20.5673
2/28/2018,18.0002
2/27/2018,17.5944
2/26/2018,16.7709
2/23/2018,18.1752
2/22/2018,18.6903
2/21/2018,18.6489
2/20/2018,18.6401
2/16/2018,17.7606
2/15/2018,20.5158
2/14/2018,20.7053
2/13/2018,25.9501
2/12/2018,28.1626
2/9/2018,34.737
2/8/2018,32.0402
2/7/2018,21.3656
2/6/2018,30.1771
2/5/2018,18.855
2/2/2018,17.5594
2/1/2018,16.1394
1/31/2018,15.1644
1/30/2018,14.811
1/29/2018,13.2927
1/26/2018,12.4779
1/25/2018,12.691
1/24/2018,12.3924
1/23/2018,11.9508
1/22/2018,11.9678
1/19/2018,11.8533
1/18/2018,11.9883
1/17/2018,11.9473
1/16/2018,11.3466
1/12/2018,10.9024
1/11/2018,11.3595
1/10/2018,11.759
1/9/2018,11.262
1/8/2018,11.4954
1/5/2018,11.1245
1/4/2018,11.4105
1/3/2018,12.1367
1/2/2018,13.3676
12/29/2017,13.5114
12/28/2017,13.6229
12/27/2017,12.7143
12/26/2017,12.0057
12/22/2017,12.0057
12/21/2017,11.7371
12/20/2017,12.5108
12/19/2017,11.197
12/18/2017,10.6783
12/15/2017,11.792
12/14/2017,12.2635
12/13/2017,12.7344
12/12/2017,12.4734
12/11/2017,12.9236
12/8/2017,12.8484
12/7/2017,13.4513
12/6/2017,13.9107
12/5/2017,13.1587
12/4/2017,13.7242
12/1/2017,16.0124
11/30/2017,13.4708
11/29/2017,13.5436
11/28/2017,12.8773
11/27/2017,13.5459
11/24/2017,12.8582
11/22/2017,12.8717
11/21/2017,12.9355
11/20/2017,13.7039
11/17/2017,14.7428
11/16/2017,15.0291
11/15/2017,15.5778
11/14/2017,15.2348
11/13/2017,14.3816
11/10/2017,14.453
11/9/2017,13.9158
11/8/2017,12.4069
11/7/2017,12.1337
11/6/2017,11.6934
11/3/2017,11.5635
11/2/2017,12.0219
11/1/2017,11.7924
10/31/2017,11.9864
10/30/2017,12.8308
10/27/2017,12.4951
10/26/2017,12.9159
10/25/2017,14.5349
10/24/2017,12.9424
10/23/2017,12.5904
10/20/2017,12.2167
10/19/2017,12.4435
10/18/2017,11.0514
10/17/2017,11.6299
10/16/2017,11.9037
10/13/2017,11.8458
10/12/2017,12.3247
10/11/2017,12.6695
10/10/2017,13.3944
10/9/2017,12.6102
10/6/2017,12.5055
10/5/2017,12.087
10/4/2017,12.7752
10/3/2017,11.8365
10/2/2017,12.1739
9/29/2017,12.1208
9/28/2017,12.1259
9/27/2017,12.1282
9/26/2017,12.5406
9/25/2017,12.3663
9/22/2017,11.708
9/21/2017,11.1906
9/20/2017,11.7949
9/19/2017,11.7216
9/18/2017,11.943
9/15/2017,12.1972
9/14/2017,12.2739
9/13/2017,13.0423
9/12/2017,13.4464
9/11/2017,13.96
9/8/2017,15.199
9/7/2017,15.1482
9/6/2017,16.3786
9/5/2017,16.4848
9/1/2017,14.7167
8/31/2017,15.6317
8/30/2017,16.468
8/29/2017,17.3169
8/28/2017,15.8508
8/25/2017,15.3262
8/24/2017,15.6665
8/23/2017,16.2275
8/22/2017,16.412
8/21/2017,18.5553
8/18/2017,17.5746
8/17/2017,15.3859
8/16/2017,14.2468
8/15/2017,14.8801
8/14/2017,15.6664
8/11/2017,19.3101
8/10/2017,18.9131
8/9/2017,15.0152
8/8/2017,12.7883
8/7/2017,13.1992
8/4/2017,13.0654
8/3/2017,13.7302
8/2/2017,13.7531
8/1/2017,13.4724
7/31/2017,13.9033
7/28/2017,13.7331
7/27/2017,12.7697
7/26/2017,12.9971
7/25/2017,13.6357
7/24/2017,15.0827
7/21/2017,15.3262
7/20/2017,13.0879
7/19/2017,13.2685
7/18/2017,13.6841
7/17/2017,12.6334
7/14/2017,12.6504
7/13/2017,13.1228
7/12/2017,13.7485
7/11/2017,14.7732
7/10/2017,14.783
7/7/2017,15.1824
7/6/2017,15.4722
7/5/2017,14.7011
7/3/2017,14.4888
6/30/2017,17.2533
6/29/2017,17.6032
6/28/2017,14.8525
6/27/2017,14.7743
6/26/2017,13.6567
6/23/2017,14.2214
6/22/2017,14.0328
6/21/2017,14.1788
6/20/2017,14.0291
6/19/2017,13.0325
6/16/2017,13.7442
6/15/2017,14.9445
6/14/2017,13.9464
6/13/2017,13.5587
6/12/2017,14.5102
6/9/2017,13.3926
6/8/2017,14.0799
6/7/2017,14.6073
6/6/2017,14.3862
6/5/2017,13.9431
6/2/2017,13.3345
6/1/2017,13.6227
5/31/2017,14.5538
5/30/2017,14.4715
5/26/2017,13.8547
5/25/2017,13.9599
5/24/2017,13.8757
5/23/2017,13.8428
5/22/2017,14.8259
5/19/2017,15.4679
5/18/2017,17.0825
5/17/2017,16.1438
5/16/2017,13.5401
5/15/2017,14.2041
5/12/2017,13.8689
5/11/2017,14.3491
5/10/2017,14.0655
5/9/2017,14.0868
5/8/2017,14.393
5/5/2017,17.0143
5/4/2017,16.4843
5/3/2017,17.3982
5/2/2017,17.2673
4/28/2017,17.0495
4/27/2017,16.107
4/26/2017,15.584
4/25/2017,15.4196
4/24/2017,16.2463
4/21/2017,25.0928
4/20/2017,24.8992
4/19/2017,24.2021
4/18/2017,25.5942
4/17/2017,23.3883
4/13/2017,23.3883
4/12/2017,22.7155
4/11/2017,22.9518
4/10/2017,22.0934
4/7/2017,19.5373
4/6/2017,18.8703
4/5/2017,18.5205
4/4/2017,18.005
4/3/2017,17.9597
3/31/2017,16.5221
3/30/2017,16.1041
3/29/2017,15.9304
3/28/2017,15.8635
3/27/2017,16.3493
3/24/2017,15.1975
3/23/2017,15.0982
3/22/2017,14.5148
3/21/2017,13.7745
3/20/2017,13.0797
3/17/2017,11.1647
3/16/2017,11.5181
3/15/2017,15.5983
3/14/2017,15.9737
3/13/2017,15.5803
3/10/2017,15.3441
3/9/2017,15.2123
3/8/2017,14.9751
3/7/2017,15.3718
3/6/2017,15.7683
3/3/2017,15.2708
3/2/2017,15.2754
3/1/2017,15.3905
2/28/2017,16.2849
2/27/2017,16.0402
2/24/2017,15.8552
2/23/2017,15.4578
2/22/2017,14.8577
2/21/2017,14.5706
2/17/2017,14.8315
2/16/2017,15.3999
2/15/2017,14.6829
2/14/2017,14.6469
2/13/2017,14.8043
2/10/2017,15.1125
2/9/2017,15.2973
2/8/2017,16.831
2/7/2017,16.9147
2/6/2017,16.4328
2/3/2017,15.1332
2/2/2017,16.1939
2/1/2017,16.6427
1/31/2017,17.3682
1/30/2017,17.4653
1/27/2017,15.847
1/26/2017,15.6052
1/25/2017,15.6958
1/24/2017,16.3083
1/23/2017,17.1108
1/20/2017,14.5963
1/19/2017,14.8475
1/18/2017,14.8506
1/17/2017,15.6671
1/13/2017,14.8618
1/12/2017,16.2935
1/11/2017,15.7011
1/10/2017,15.3547
1/9/2017,15.5143
1/6/2017,15.3421
1/5/2017,15.9801
1/4/2017,16.4641
1/3/2017,17.3519
12/30/2016,18.123
12/29/2016,17.771
12/28/2016,17.0648
12/27/2016,16.718
12/23/2016,15.0936
12/22/2016,14.8767
12/21/2016,14.7373
12/20/2016,14.8754
12/19/2016,15.1177
12/16/2016,15.098
12/15/2016,15.8633
12/14/2016,17.1147
12/13/2016,16.8704
12/12/2016,16.9318
12/9/2016,16.6203
12/8/2016,16.1593
12/7/2016,17.1436
12/6/2016,17.6341
12/5/2016,18.9556
12/2/2016,22.6159
12/1/2016,22.6014
11/30/2016,21.4372
11/29/2016,21.7987
11/28/2016,22.533
11/25/2016,20.4086
11/23/2016,20.1928
11/22/2016,20.2468
11/21/2016,20.5539
11/18/2016,20.3697
11/17/2016,19.9481
11/16/2016,21.1147
11/15/2016,20.6381
11/14/2016,22.1941
11/11/2016,21.9585
11/10/2016,21.0959
11/9/2016,21.1011
11/8/2016,24.9341
11/7/2016,24.6196
11/4/2016,25.2078
11/3/2016,24.6804
11/2/2016,23.6546
11/1/2016,23.4631
10/31/2016,21.4449
10/28/2016,19.2694
10/27/2016,18.7315
10/26/2016,18.674
10/25/2016,18.2257
10/24/2016,17.7055
10/21/2016,16.599
10/20/2016,17.2172
10/19/2016,18.0718
10/18/2016,19.069
10/17/2016,20.6231
10/14/2016,19.4618
10/13/2016,20.9273
10/12/2016,20.1318
10/11/2016,19.8788
10/10/2016,19.2601
10/7/2016,20.0387
10/6/2016,19.1722
10/5/2016,19.4441
10/4/2016,19.2097
10/3/2016,20.3951
9/30/2016,19.7693
9/29/2016,19.9598
9/28/2016,19.6948
9/27/2016,20.6567
9/26/2016,20.2181
9/23/2016,16.8292
9/22/2016,17.2703
9/21/2016,20.0923
9/20/2016,20.6992
9/19/2016,20.3183
9/16/2016,21.3052
9/15/2016,20.5507
9/14/2016,22.2142
9/13/2016,22.7814
9/12/2016,21.8999
9/9/2016,19.2991
9/8/2016,17.8149
9/7/2016,18.5743
9/6/2016,19.0847
9/2/2016,18.2963
9/1/2016,20.0636
8/31/2016,19.4166
8/30/2016,19.3723
8/29/2016,20.1851
8/26/2016,19.4893
8/25/2016,20.4096
8/24/2016,19.8311
8/23/2016,20.2231
8/22/2016,21.6649
8/19/2016,21.1313
8/18/2016,20.3198
8/17/2016,21.1903
8/16/2016,20.0679
8/15/2016,18.8343
8/12/2016,17.8981
8/11/2016,18.3588
8/10/2016,19.1902
8/9/2016,18.2898
8/8/2016,18.9378
8/5/2016,19.3019
8/4/2016,21.4128
8/3/2016,22.9514
8/2/2016,23.1234
8/1/2016,20.3298
7/29/2016,20.2451
7/28/2016,20.9929
7/27/2016,20.5334
7/26/2016,20.1355
7/25/2016,19.918
7/22/2016,19.1159
7/21/2016,19.4501
7/20/2016,20.345
7/19/2016,21.0119
7/18/2016,20.8355
7/15/2016,20.92
7/14/2016,21.8141
7/13/2016,23.0918
7/12/2016,22.3198
7/11/2016,23.5704
7/8/2016,24.6151
7/7/2016,26.545
7/6/2016,28.2579
7/5/2016,26.7055
7/1/2016,25.0196
6/30/2016,26.0765
6/29/2016,28.553
6/28/2016,31.0147
6/27/2016,34.9988
6/24/2016,35.4279
6/23/2016,32.0555
6/22/2016,36.0375
6/21/2016,34.4684
6/20/2016,34.2207
6/17/2016,38.0273
6/16/2016,39.8975
6/15/2016,37.6871
6/14/2016,38.3353
6/13/2016,34.3644
6/10/2016,30.2251
6/9/2016,25.8413
6/8/2016,24.3166
6/7/2016,23.3496
6/6/2016,24.0527
6/3/2016,23.5541
6/2/2016,23.1068
6/1/2016,23.9317
5/31/2016,22.1149
5/27/2016,20.4629
5/26/2016,20.819
5/25/2016,21.0604
5/24/2016,21.7857
5/23/2016,23.2929
5/20/2016,22.6043
5/19/2016,24.3817
5/18/2016,23.2967
5/17/2016,24.474
5/16/2016,24.2125
5/13/2016,23.5957
5/12/2016,24.4471
5/11/2016,23.8595
5/10/2016,23.891
5/9/2016,24.956
5/6/2016,25.1235
5/5/2016,25.9343
5/4/2016,27.0373
5/3/2016,26.4095
5/2/2016,25.1167
4/29/2016,24.033
4/28/2016,20.8538
4/27/2016,21.2843
4/26/2016,21.2816
4/25/2016,21.8388
4/22/2016,20.6022
4/21/2016,20.3114
4/20/2016,19.8831
4/19/2016,20.3617
4/18/2016,21.2846
4/15/2016,20.5487
4/14/2016,20.6302
4/13/2016,22.3118
4/12/2016,24.0775
4/11/2016,24.8863
4/8/2016,24.8054
4/7/2016,26.1571
4/6/2016,25.1686
4/5/2016,26.623
4/4/2016,24.509
4/1/2016,25.1088
3/31/2016,23.4487
3/30/2016,22.6443
3/29/2016,24.9043
3/28/2016,24.6287
3/24/2016,24.6287
3/23/2016,22.0971
3/22/2016,22.0365
3/21/2016,21.8265
3/18/2016,20.6567
3/17/2016,22.7536
3/16/2016,23.0994
3/15/2016,23.2425
3/14/2016,22.9607
3/11/2016,24.1107
3/10/2016,28.1781
3/9/2016,28.0607
3/8/2016,27.8475
3/7/2016,26.2052
3/4/2016,24.5116
3/3/2016,26.5186
3/2/2016,27.1243
3/1/2016,28.5424
2/29/2016,29.7298
2/26/2016,29.2756
2/25/2016,31.0305
2/24/2016,33.1178
2/23/2016,30.5366
2/22/2016,29.9498
2/19/2016,31.2656
2/18/2016,30.9172
2/17/2016,30.4983
2/16/2016,33.5213
2/12/2016,35.6846
2/11/2016,38.3051
2/10/2016,33.4528
2/9/2016,33.9664
2/8/2016,33.3917
2/5/2016,30.0529
2/4/2016,29.6423
2/3/2016,30.7369
2/2/2016,29.1542
2/1/2016,27.3303
1/29/2016,27.389
1/28/2016,29.8315
1/27/2016,27.7832
1/26/2016,28.1187
1/25/2016,28.4443
1/22/2016,28.3356
1/21/2016,31.7894
1/20/2016,35.1133
1/19/2016,30.7571
1/15/2016,34.5856
1/14/2016,29.939
1/13/2016,28.1348
1/12/2016,28.5388
1/11/2016,30.2182
1/8/2016,30.4005
1/7/2016,29.7899
1/6/2016,26.309
1/5/2016,26.2087
1/4/2016,26.998
12/30/2015,22.1745
12/29/2015,21.6067
12/28/2015,22.4544
12/23/2015,20.2504
12/22/2015,22.5361
12/21/2015,23.8836
12/18/2015,23.8989
12/17/2015,22.5761
12/16/2015,25.4362
12/15/2015,27.4591
12/14/2015,30.411
12/11/2015,26.5766
12/10/2015,24.5343
12/9/2015,24.2947
12/8/2015,23.5733
12/7/2015,22.0447
12/4/2015,22.6816
12/3/2015,22.6526
12/2/2015,22.8176
12/1/2015,23.6051
11/30/2015,23.6503
11/27/2015,23.0669
11/25/2015,23.9372
11/24/2015,24.8133
11/23/2015,22.9841
11/20/2015,22.6528
11/19/2015,23.4423
11/18/2015,24.748
11/17/2015,23.6199
11/16/2015,25.8488
11/13/2015,24.9526
11/12/2015,23.4483
11/11/2015,21.839
11/10/2015,22.3923
11/9/2015,21.984
11/6/2015,20.4363
11/5/2015,20.9361
11/4/2015,20.7464
11/3/2015,20.0632
11/2/2015,20.7672
10/30/2015,20.3569
10/29/2015,21.0418
10/28/2015,20.7149
10/27/2015,20.6863
10/26/2015,20.6403
10/23/2015,19.8009
10/22/2015,19.9722
10/21/2015,21.8297
10/20/2015,21.7156
10/19/2015,22.4522
10/16/2015,22.7408
10/15/2015,24.1188
10/14/2015,25.158
10/13/2015,24.0398
10/12/2015,23.1872
10/9/2015,23.4173
10/8/2015,24.5243
10/7/2015,26.3912
10/6/2015,26.257
10/5/2015,28.6187
10/2/2015,30.9395
10/1/2015,31.7174
9/30/2015,32.0459
9/29/2015,33.7366
9/28/2015,33.0825
9/25/2015,30.5182
9/24/2015,33.4567
9/23/2015,31.0561
9/22/2015,32.1618
9/21/2015,27.0169
9/18/2015,28.4011
9/17/2015,27.0649
9/16/2015,27.9163
9/15/2015,29.9496
9/14/2015,31.355
9/11/2015,31.6478
9/10/2015,32.0034
9/9/2015,30.4496
9/8/2015,32.2298
9/4/2015,34.8152
9/3/2015,29.8773
9/2/2015,33.7021
9/1/2015,34.264
8/31/2015,31.0718
8/28/2015,31.0337
8/27/2015,30.5602
8/26/2015,35.2896
8/25/2015,33.6485
8/24/2015,40.803
8/21/2015,30.2101
8/20/2015,25.4949
8/19/2015,23.7117
8/18/2015,22.5001
8/17/2015,22.3811
8/14/2015,22.8364
8/13/2015,23.2434
8/12/2015,24.4678
8/11/2015,20.4012
8/10/2015,18.3067
8/7/2015,18.7066
8/6/2015,18.2603
8/5/2015,17.5482
8/4/2015,18.2536
8/3/2015,18.5935
7/31/2015,19.2878
7/30/2015,20.2348
7/29/2015,20.0336
7/28/2015,20.8092
7/27/2015,21.9151
7/24/2015,19.0408
7/23/2015,17.4317
7/22/2015,18.16
7/21/2015,17.9144
7/20/2015,18.1165
7/17/2015,18.9656
7/16/2015,19.018
7/15/2015,21.0969
7/14/2015,21.5485
7/13/2015,23.2482
7/10/2015,27.8763
7/9/2015,30.7656
7/8/2015,31.6348
7/7/2015,30.9878
7/6/2015,29.9819
7/2/2015,31.6721
7/1/2015,30.285
6/30/2015,32.3071
6/29/2015,30.6468
6/26/2015,26.7172
6/25/2015,25.6433
6/24/2015,24.9348
6/23/2015,23.5179
6/22/2015,23.5436
6/19/2015,28.6184
6/18/2015,28.4283
6/17/2015,28.2724
6/16/2015,28.7447
6/15/2015,27.8467
6/12/2015,25.2594
6/11/2015,23.6341
6/10/2015,23.8291
6/9/2015,24.9865
6/8/2015,25.604
6/5/2015,25.2745
6/4/2015,24.4495
6/3/2015,24.0513
6/2/2015,24.5107
6/1/2015,24.5648
5/29/2015,23.5386
5/28/2015,22.0181
5/27/2015,20.8183
5/26/2015,22.5012
5/22/2015,19.6309
5/21/2015,19.5296
5/20/2015,19.5695
5/19/2015,20.0541
5/18/2015,21.0066
5/15/2015,21.5088
5/14/2015,21.7425
5/13/2015,23.0546
5/12/2015,23.2326
5/11/2015,21.8358
5/8/2015,21.1296
5/7/2015,23.7527
5/6/2015,24.7232
5/5/2015,25.2236
5/4/2015,23.4264
4/30/2015,24.2128
4/29/2015,24.0466
4/28/2015,22.1195
4/27/2015,20.8863
4/24/2015,21.92
4/23/2015,22.5723
4/22/2015,22.3273
4/21/2015,22.3991
4/20/2015,22.3
4/17/2015,25.0553
4/16/2015,20.1086
4/15/2015,18.2074
4/14/2015,18.8576
4/13/2015,17.8638
4/10/2015,17.5116
4/9/2015,18.3136
4/8/2015,19.4281
4/7/2015,20.0561
4/6/2015,20.7203
4/2/2015,20.7203
4/1/2015,20.9691
3/31/2015,21.1004
3/30/2015,19.7608
3/27/2015,20.4715
3/26/2015,19.6535
3/25/2015,19.158
3/24/2015,17.6675
3/23/2015,19.8323
3/20/2015,17.4772
3/19/2015,18.9138
3/18/2015,19.6938
3/17/2015,20.2476
3/16/2015,19.3889
3/13/2015,18.8262
3/12/2015,18.967
3/11/2015,19.4698
3/10/2015,20.4652
3/9/2015,18.8112
3/6/2015,18.4149
3/5/2015,18.1841
3/4/2015,18.9188
3/3/2015,19.5843
3/2/2015,17.7992
2/27/2015,17.7528
2/26/2015,17.3519
2/25/2015,17.8235
2/24/2015,18.398
2/23/2015,20.625
2/20/2015,24.2039
2/19/2015,23.2086
2/18/2015,23.3392
2/17/2015,24.9047
2/13/2015,24.1849
2/12/2015,24.3635
2/11/2015,25.721
2/10/2015,25.1067
2/9/2015,25.3712
2/6/2015,21.8332
2/5/2015,22.2611
2/4/2015,22.2736
2/3/2015,22.7637
2/2/2015,24.3214
1/30/2015,24.731
1/29/2015,23.3237
1/28/2015,21.8259
1/27/2015,22.4298
1/26/2015,21.3426
1/23/2015,23.1125
1/22/2015,22.9441
1/21/2015,26.0176
1/20/2015,27.0724
1/16/2015,29.3287
1/15/2015,29.026
1/14/2015,29.4845
1/13/2015,28.5404
1/12/2015,29.7249
1/9/2015,28.7787
1/8/2015,25.9087
1/7/2015,28.1715
1/6/2015,28.8317
1/5/2015,29.6236
1/2/2015,26.2531
12/31/2014,26.1876
12/30/2014,26.1876
12/29/2014,24.9354
12/23/2014,22.0804
12/22/2014,22.9656
12/19/2014,23.6176
12/18/2014,22.5806
12/17/2014,27.228
12/16/2014,25.6614
12/15/2014,29.5265
12/12/2014,26.4981
12/11/2014,20.8103
12/10/2014,21.7342
12/9/2014,21.4418
12/8/2014,16.6347
12/5/2014,16.3307
12/4/2014,18.1098
12/3/2014,18.7911
12/2/2014,19.1189
12/1/2014,19.3406
11/28/2014,18.0253
11/26/2014,18.2837
11/25/2014,19.1485
11/24/2014,19.3169
11/21/2014,18.9133
11/20/2014,19.9065
11/19/2014,19.5753
11/18/2014,18.9696
11/17/2014,19.416
11/14/2014,19.5586
11/13/2014,20.0406
11/12/2014,20.6145
11/11/2014,18.2589
11/10/2014,19.1799
11/7/2014,21.1162
11/6/2014,20.7181
11/5/2014,21.9455
11/4/2014,22.8946
11/3/2014,21.364
10/31/2014,20.3172
10/30/2014,20.8846
10/29/2014,20.7403
10/28/2014,20.4123
10/27/2014,23.0205
10/24/2014,21.3229
10/23/2014,20.8792
10/22/2014,21.6951
10/21/2014,22.2422
10/20/2014,25.1853
10/17/2014,25.3527
10/16/2014,31.5233
10/15/2014,28.7576
10/14/2014,23.3811
10/13/2014,23.4966
10/10/2014,23.1168
10/9/2014,20.5162
10/8/2014,20.9036
10/7/2014,21.0076
10/6/2014,19.7614
10/3/2014,19.695
10/2/2014,21.0788
10/1/2014,19.014
9/30/2014,17.8514
9/29/2014,18.7975
9/26/2014,17.6012
9/25/2014,17.5658
9/24/2014,15.9504
9/23/2014,17.7684
9/22/2014,15.8303
9/19/2014,15.0596
9/18/2014,16.6266
9/17/2014,16.432
9/16/2014,17.096
9/15/2014,16.7209
9/12/2014,15.9108
9/11/2014,16.6097
9/10/2014,16.4187
9/9/2014,15.878
9/8/2014,15.8479
9/5/2014,15.4702
9/4/2014,16.161
9/3/2014,16.8103
9/2/2014,17.835
8/29/2014,17.1888
8/28/2014,17.2795
8/27/2014,16.1061
8/26/2014,15.8972
8/25/2014,16.4519
8/22/2014,17.2349
8/21/2014,16.0345
8/20/2014,16.7278
8/19/2014,16.3083
8/18/2014,17.0294
8/15/2014,20.3569
8/14/2014,17.2978
8/13/2014,18.2314
8/12/2014,19.562
8/11/2014,19.4288
8/8/2014,21.2386
8/7/2014,20.7973
8/6/2014,19.1494
8/5/2014,18.4436
8/4/2014,19.094
8/1/2014,19.8142
7/31/2014,19.1221
7/30/2014,17.4831
7/29/2014,16.7601
7/28/2014,17.0697
7/25/2014,16.7309
7/24/2014,14.8523
7/23/2014,15.5898
7/22/2014,15.6723
7/21/2014,17.7222
7/18/2014,16.5305
7/17/2014,17.6468
7/16/2014,14.8111
7/15/2014,15.8707
7/14/2014,14.9871
7/11/2014,16.3382
7/10/2014,16.6584
7/9/2014,15.092
7/8/2014,15.8867
7/7/2014,14.3276
7/3/2014,12.8852
7/2/2014,13.9595
7/1/2014,14.3916
6/30/2014,15.269
6/27/2014,15.2961
6/26/2014,14.7994
6/25/2014,14.3007
6/24/2014,13.1291
6/23/2014,13.5834
6/20/2014,12.7797
6/19/2014,12.713
6/18/2014,13.8823
6/17/2014,14.3399
6/16/2014,15.3716
6/13/2014,14.1513
6/12/2014,13.8464
6/11/2014,13.7325
6/10/2014,13.0399
6/9/2014,13.1403
6/6/2014,13.4607
6/5/2014,14.6235
6/4/2014,16.5083
6/3/2014,16.5208
6/2/2014,16.2586
5/30/2014,15.7845
5/29/2014,15.5171
5/28/2014,15.0184
5/27/2014,15.1522
5/23/2014,15.5997
5/22/2014,15.2602
5/21/2014,15.2901
5/20/2014,15.7231
5/19/2014,15.9315
5/16/2014,15.7941
5/15/2014,17.4465
5/14/2014,15.8782
5/13/2014,15.9994
5/12/2014,16.2491
5/9/2014,16.6668
5/8/2014,16.7342
5/7/2014,17.5579
5/6/2014,18.5097
5/5/2014,18.0644
5/2/2014,17.9023
4/30/2014,17.0713
4/29/2014,17.343
4/28/2014,18.4517
4/25/2014,18.7678
4/24/2014,16.9981
4/23/2014,17.1008
4/22/2014,16.8121
4/21/2014,16.9939
4/17/2014,16.9939
4/16/2014,17.3181
4/15/2014,19.6432
4/14/2014,18.4986
4/11/2014,18.2955
4/10/2014,17.2542
4/9/2014,16.9287
4/8/2014,17.6031
4/7/2014,17.5437
4/4/2014,15.875
4/3/2014,16.3742
4/2/2014,17.1108
4/1/2014,16.9064
3/31/2014,17.6639
3/28/2014,17.0324
3/27/2014,17.6397
3/26/2014,17.5869
3/25/2014,18.2637
3/24/2014,19.4248
3/21/2014,17.1916
3/20/2014,18.1292
3/19/2014,19.293
3/18/2014,20.1089
3/17/2014,21.4617
3/14/2014,23.2095
3/13/2014,22.0896
3/12/2014,20.212
3/11/2014,19.7688
3/10/2014,20.1237
3/7/2014,20.473
3/6/2014,17.8166
3/5/2014,18.7004
3/4/2014,18.6455
3/3/2014,21.8609
2/28/2014,16.7667
2/27/2014,17.1187
2/26/2014,16.1415
2/25/2014,16.2399
2/24/2014,16.7175
2/21/2014,17.3772
2/20/2014,17.7721
2/19/2014,17.448
2/18/2014,17.0973
2/14/2014,16.3821
2/13/2014,17.4978
2/12/2014,17.9259
2/11/2014,17.6719
2/10/2014,19.3075
2/7/2014,19.2347
2/6/2014,20.801
2/5/2014,22.6486
2/4/2014,23.0114
2/3/2014,24.0207
1/31/2014,21.8188
1/30/2014,21.1181
1/29/2014,21.8127
1/28/2014,19.9723
1/27/2014,20.6842
1/24/2014,20.9333
1/23/2014,17.5122
1/22/2014,16.4469
1/21/2014,16.1749
1/17/2014,15.7352
1/16/2014,17.0561
1/15/2014,16.5089
1/14/2014,16.8066
1/13/2014,17.0978
1/10/2014,16.5627
1/9/2014,17.3584
1/8/2014,17.3671
1/7/2014,17.1932
1/6/2014,18.1672
1/3/2014,18.0018
1/2/2014,18.9286
12/31/2013,17.2549
12/30/2013,17.2549
12/27/2013,16.4643
12/26/2013,15.8067
12/24/2013,15.8067
12/23/2013,15.8067
12/20/2013,16.0088
12/19/2013,15.4029
12/18/2013,17.2028
12/17/2013,18.179
12/16/2013,18.4886
12/13/2013,18.2036
12/12/2013,18.0599
12/11/2013,17.3558
12/10/2013,16.7351
12/9/2013,16.2138
12/6/2013,16.4994
12/5/2013,18.378
12/4/2013,17.8791
12/3/2013,17.098
12/2/2013,15.4364
11/29/2013,14.6502
11/27/2013,14.117
11/26/2013,14.5147
11/25/2013,14.5254
11/22/2013,14.2629
11/21/2013,15.082
11/20/2013,15.5212
11/19/2013,15.6565
11/18/2013,15.3971
11/15/2013,15.1624
11/14/2013,15.9077
11/13/2013,17.1273
11/12/2013,17.2688
11/11/2013,17.2356
11/8/2013,17.2896
11/7/2013,16.69
11/6/2013,16.828
11/5/2013,16.7541
11/4/2013,16.2488
11/1/2013,16.205
10/31/2013,15.888
10/30/2013,16.1548
10/29/2013,15.1884
10/28/2013,15.8884
10/25/2013,15.0179
10/24/2013,15.56
10/23/2013,16.62
10/22/2013,15.61
10/21/2013,16
10/18/2013,15.42
10/17/2013,16.83
10/16/2013,18.6
10/15/2013,18.62
10/14/2013,20.16
10/11/2013,18.26
10/10/2013,19.84
10/9/2013,23.36
10/8/2013,20.89
10/7/2013,20.16
10/4/2013,19.54
10/3/2013,20.06
10/2/2013,19.26
10/1/2013,18.32
9/30/2013,19.45
9/27/2013,16.92
9/26/2013,16.47
9/25/2013,16.4
9/24/2013,16.62
9/23/2013,17.45
9/20/2013,16.76
9/19/2013,16.87
9/18/2013,18.17
9/17/2013,18.99
9/16/2013,18.72
9/13/2013,18.38
9/12/2013,18.41
9/11/2013,18.43
9/10/2013,19.31
9/9/2013,20.47
9/6/2013,20.23
9/5/2013,21.51
9/4/2013,22.09
9/3/2013,23.05
8/30/2013,23.48
8/29/2013,21.15
8/28/2013,22.31
8/27/2013,22.17
8/26/2013,17.9
8/23/2013,17.82
8/22/2013,18.71
8/21/2013,20.54
8/20/2013,19.2
8/19/2013,17.49
8/16/2013,16.41
8/15/2013,17.29
8/14/2013,16.64
8/13/2013,17.08
8/12/2013,17.36
8/9/2013,17.17
8/8/2013,17.35
8/7/2013,18.27
8/6/2013,17.92
8/5/2013,17.33
8/2/2013,16.82
7/31/2013,19.06
7/30/2013,18.84
7/29/2013,18.7
7/26/2013,18.11
7/25/2013,17.48
7/24/2013,17.09
7/23/2013,17.34
7/22/2013,17.47
7/19/2013,17.23
7/18/2013,17.69
7/17/2013,18.49
7/16/2013,19.24
7/15/2013,18.9
7/12/2013,19.07
7/11/2013,18.98
7/10/2013,20.37
7/9/2013,20.64
7/8/2013,21.58
7/5/2013,22.59
7/3/2013,22.65
7/2/2013,21.59
7/1/2013,21.83
6/28/2013,21.82
6/27/2013,21.69
6/26/2013,22.55
6/25/2013,24.14
6/24/2013,25.3
6/21/2013,24.05
6/20/2013,23.61
6/19/2013,20.41
6/18/2013,20.84
6/17/2013,21.1
6/14/2013,21.26
6/13/2013,22.11
6/12/2013,21.74
6/11/2013,21.01
6/10/2013,19.59
6/7/2013,19.95
6/6/2013,22.2
6/5/2013,22.27
6/4/2013,21
6/3/2013,21.38
5/31/2013,19.6
5/30/2013,18.86
5/29/2013,19.68
5/28/2013,17.75
5/24/2013,18.49
5/23/2013,18.36
5/22/2013,16.29
5/21/2013,16.91
5/20/2013,16.67
5/17/2013,16.31
5/16/2013,16.26
5/15/2013,16.64
5/14/2013,17.14
5/13/2013,17.67
5/10/2013,17.43
5/9/2013,17.22
5/8/2013,17.36
5/7/2013,17.45
5/6/2013,18.06
5/3/2013,17.63
5/2/2013,18.75
5/1/2013,20.26
4/30/2013,20.26
4/29/2013,19.98
4/26/2013,19.71
4/25/2013,19.41
4/24/2013,18.98
4/23/2013,19.21
4/22/2013,20.64
4/19/2013,20.5
4/18/2013,21.95
4/17/2013,22.75
4/16/2013,20.51
4/15/2013,20.2
4/12/2013,20.21
4/11/2013,18.85
4/10/2013,19.18
4/9/2013,20.42
4/8/2013,21.49
4/5/2013,22.29
4/4/2013,21.1
4/3/2013,20.76
4/2/2013,19.62
4/1/2013,20.89
3/28/2013,20.89
3/27/2013,21.86
3/26/2013,20.88
3/25/2013,21.24
3/22/2013,21.29
3/21/2013,19.79
3/20/2013,18.87
3/19/2013,21.53
3/18/2013,18.1
3/15/2013,15.73
3/14/2013,15.08
3/13/2013,16.93
3/12/2013,17.32
3/11/2013,17.62
3/8/2013,17.38
3/7/2013,18.74
3/6/2013,20.11
3/5/2013,19.55
3/4/2013,21.44
3/1/2013,21.77
2/28/2013,21
2/27/2013,22
2/26/2013,25.9
2/25/2013,21.31
2/22/2013,20.86
2/21/2013,21.51
2/20/2013,19.61
2/19/2013,18.46
2/15/2013,18.85
2/14/2013,18.65
2/13/2013,18.28
2/12/2013,18.37
2/11/2013,18.93
2/8/2013,18.56
2/7/2013,20.8
2/6/2013,20.21
2/5/2013,19.26
2/4/2013,20.15
2/1/2013,15.99
1/31/2013,16.64
1/30/2013,15.94
1/29/2013,14.86
1/28/2013,15.2
1/25/2013,14.91
1/24/2013,15.31
1/23/2013,16.22
1/22/2013,16.06
1/18/2013,15.88
1/17/2013,15.91
1/16/2013,16.15
1/15/2013,15.97
1/14/2013,15.7
1/11/2013,15.57
1/10/2013,16.12
1/9/2013,16.15
1/8/2013,16.9
1/7/2013,16.82
1/4/2013,16.07
1/3/2013,17.54
1/2/2013,18.36
12/31/2012,21.35
12/28/2012,21.35
12/27/2012,17.89
12/26/2012,17.89
12/24/2012,17.89
12/21/2012,17.89
12/20/2012,15.76
12/19/2012,15.65
12/18/2012,15.86
12/17/2012,16.46
12/14/2012,16.48
12/13/2012,16.95
12/12/2012,17.05
12/11/2012,17.03
12/10/2012,17.4
12/7/2012,17.2
12/6/2012,16.99
12/5/2012,17.39
12/4/2012,17.28
12/3/2012,17.31
11/30/2012,16.55
11/29/2012,16.49
11/28/2012,17.26
11/27/2012,17.7
11/26/2012,18.5
11/23/2012,17.75
11/21/2012,17.85
11/20/2012,18.77
11/19/2012,19.64
11/16/2012,22.17
11/15/2012,21.98
11/14/2012,21.53
11/13/2012,21.85
11/12/2012,22.71
11/9/2012,22.57
11/8/2012,23.1
11/7/2012,23.28
11/6/2012,21.79
11/5/2012,22.22
11/2/2012,20.56
11/1/2012,21.21
10/31/2012,22.21
10/26/2012,22.14
10/25/2012,22.49
10/24/2012,22.76
10/23/2012,23.39
10/22/2012,21.26
10/19/2012,20.6
10/18/2012,19.58
10/17/2012,19.88
10/16/2012,20.4
10/15/2012,21.45
10/12/2012,21.88
10/11/2012,21.58
10/10/2012,22.67
10/9/2012,22.95
10/8/2012,21.58
10/5/2012,20.35
10/4/2012,22
10/3/2012,22.13
10/2/2012,23.15
10/1/2012,22.87
9/28/2012,23.38
9/27/2012,22.49
9/26/2012,22.23
9/25/2012,19.77
9/24/2012,19.8
9/21/2012,19.24
9/20/2012,20.13
9/19/2012,20.29
9/18/2012,21.06
9/17/2012,20.94
9/14/2012,21.11
9/13/2012,23.51
9/12/2012,23.65
9/11/2012,23.92
9/10/2012,23.49
9/7/2012,21.83
9/6/2012,23.11
9/5/2012,27.66
9/4/2012,27.76
8/31/2012,25.7
8/30/2012,27.16
8/29/2012,25.72
8/28/2012,24.87
8/27/2012,24.32
8/24/2012,24.64
8/23/2012,24.39
8/22/2012,25.12
8/21/2012,22.19
8/20/2012,22.15
8/17/2012,21.45
8/16/2012,23.13
8/15/2012,23.55
8/14/2012,23.25
8/13/2012,23.45
8/10/2012,22.75
8/9/2012,23.34
8/8/2012,23.68
8/7/2012,23.87
8/6/2012,24.24
8/3/2012,23.8
8/2/2012,26.4
8/1/2012,28.1
7/31/2012,28.01
7/30/2012,26.46
7/27/2012,25.32
7/26/2012,25.64
7/25/2012,27.18
7/24/2012,28.45
7/23/2012,28.08
7/20/2012,24.22
7/19/2012,20.83
7/18/2012,20.36
7/17/2012,21.72
7/16/2012,22.17
7/13/2012,22.61
7/12/2012,24.08
7/11/2012,24.13
7/10/2012,24.64
7/9/2012,25.6
7/6/2012,25.58
7/5/2012,24.45
7/3/2012,23.69
7/2/2012,24.99
6/29/2012,24.95
6/28/2012,28.06
6/27/2012,27.54
6/26/2012,28.05
6/25/2012,27.65
6/22/2012,25.17
6/21/2012,25.46
6/20/2012,26.94
6/19/2012,27.64
6/18/2012,29.46
6/15/2012,33.73
6/14/2012,33.01
6/13/2012,33.86
6/12/2012,32.39
6/11/2012,31.99
6/8/2012,30.37
6/7/2012,31.43
6/6/2012,31.58
6/5/2012,34.57
6/4/2012,36.45
6/1/2012,36.38
5/31/2012,34.95
5/30/2012,34.51
5/29/2012,31.41
5/25/2012,30.23
5/24/2012,31.46
5/23/2012,32.86
5/22/2012,30.01
5/21/2012,31.03
5/18/2012,33.11
5/17/2012,34.48
5/16/2012,33.12
5/15/2012,33.31
5/14/2012,31.69
5/11/2012,28.39
5/10/2012,29.15
5/9/2012,31.21
5/8/2012,31.32
5/7/2012,28.92
5/4/2012,29.38
5/3/2012,27.68
5/2/2012,28.01
4/30/2012,26.95
4/27/2012,25.48
4/26/2012,26.62
4/25/2012,27.4
4/24/2012,28.66
4/23/2012,29.97
4/20/2012,26.23
4/19/2012,28.28
4/18/2012,27.68
4/17/2012,26.59
4/16/2012,28.86
4/13/2012,29.41
4/12/2012,27.61
4/11/2012,29.49
4/10/2012,30.68
4/9/2012,25.59
4/5/2012,25.59
4/4/2012,25.86
4/3/2012,22.27
4/2/2012,21.22
3/30/2012,22.55
3/29/2012,25.36
3/28/2012,23.08
3/27/2012,22.4
3/26/2012,21.34
3/23/2012,21.66
3/22/2012,21.91
3/21/2012,20.03
3/20/2012,19.91
3/19/2012,18.36
3/16/2012,18.52
3/15/2012,19.35
3/14/2012,21.12
3/13/2012,20.93
3/12/2012,23.01
3/9/2012,22.9
3/8/2012,25.1
3/7/2012,28.23
3/6/2012,28.56
3/5/2012,23.8
3/2/2012,22.56
3/1/2012,22.86
2/29/2012,23.93
2/28/2012,23.72
2/27/2012,24.22
2/24/2012,22.53
2/23/2012,23.84
2/22/2012,24.01
2/21/2012,23.9
2/17/2012,24.83
2/16/2012,26.84
2/15/2012,26.54
2/14/2012,26.02
2/13/2012,26.6
2/10/2012,27.38
2/9/2012,25.92
2/8/2012,25.73
2/7/2012,25.33
2/6/2012,25.03
2/3/2012,23.53
2/2/2012,24.56
2/1/2012,24.61
1/31/2012,26.31
1/30/2012,26.88
1/27/2012,24.4
1/26/2012,24.24
1/25/2012,25.24
1/24/2012,25.3
1/23/2012,25.65
1/20/2012,25.03
1/19/2012,26.54
1/18/2012,27.76
1/17/2012,28.15
1/13/2012,28.92
1/12/2012,28.55
1/11/2012,28.46
1/10/2012,28.34
1/9/2012,30.18
1/6/2012,30.56
1/5/2012,31.02
1/4/2012,30.47
1/3/2012,30.02
12/30/2011,32.15
12/29/2011,32.19
12/28/2011,31.82
12/27/2011,29.75
12/23/2011,28.52
12/22/2011,28.87
12/21/2011,30.26
12/20/2011,30.33
12/19/2011,30.99
12/16/2011,31.14
12/15/2011,31.42
12/14/2011,34.49
12/13/2011,33.67
12/12/2011,36.25
12/9/2011,34.9
12/8/2011,39.38
12/7/2011,37.22
12/6/2011,36.92
12/5/2011,35.97
12/2/2011,35.69
12/1/2011,36.54
11/30/2011,37.08
11/29/2011,38.66
11/28/2011,38.97
11/25/2011,40.82
11/23/2011,40.97
11/22/2011,39.56
11/21/2011,41.21
11/18/2011,38.3
11/17/2011,39.06
11/16/2011,38.08
11/15/2011,39.61
11/14/2011,40.15
11/11/2011,39.53
11/10/2011,43.72
11/9/2011,41.72
11/8/2011,39.67
11/7/2011,42.22
11/4/2011,41.49
11/3/2011,40.05
11/2/2011,42.14
11/1/2011,42.96
10/31/2011,35.12
10/28/2011,31.24
10/27/2011,30.34
10/26/2011,37.77
10/25/2011,37.84
10/24/2011,37.31
10/21/2011,40.74
10/20/2011,44.61
10/19/2011,39.89
10/18/2011,39.66
10/17/2011,38.81
10/14/2011,34.94
10/13/2011,38.75
10/12/2011,35.77
10/11/2011,38.18
10/10/2011,37.91
10/7/2011,40.56
10/6/2011,42.63
10/5/2011,45.6
10/4/2011,50.44
10/3/2011,48.65
9/30/2011,46.68
9/29/2011,44.44
9/28/2011,46.39
9/27/2011,45.52
9/26/2011,49.29
9/23/2011,48.54
9/22/2011,47.78
9/21/2011,44.14
9/20/2011,42.79
9/19/2011,45.61
9/16/2011,42.96
9/15/2011,42.29
9/14/2011,46.73
9/13/2011,49.12
9/12/2011,53.55
9/9/2011,49.79
9/8/2011,41.63
9/7/2011,43.47
9/6/2011,47.87
9/2/2011,40.1
9/1/2011,36.57
8/31/2011,35.65
8/30/2011,38.16
8/29/2011,39.25
8/26/2011,43.55
8/25/2011,44.38
8/24/2011,42.13
8/23/2011,44.35
8/22/2011,46.59
8/19/2011,47.31
8/18/2011,47.17
8/17/2011,35.04
8/16/2011,38.05
8/15/2011,40.35
8/12/2011,44.85
8/11/2011,48.7
8/10/2011,49.5
8/9/2011,46.4
8/8/2011,45.3
8/5/2011,39.25
8/4/2011,34.63
8/3/2011,29.72
8/2/2011,29.35
8/1/2011,29
7/29/2011,27.62
7/28/2011,26.54
7/27/2011,26.03
7/26/2011,24.04
7/25/2011,24.5
7/22/2011,22.4
7/21/2011,23.83
7/20/2011,27.62
7/19/2011,29
7/18/2011,31
7/15/2011,28.12
7/14/2011,27.27
7/13/2011,26.47
7/12/2011,28.25
7/11/2011,26.26
7/8/2011,22.41
7/7/2011,20.59
7/6/2011,20.92
7/5/2011,20.26
7/1/2011,19.73
6/30/2011,21.56
6/29/2011,24.06
6/28/2011,27.69
6/27/2011,28.2
6/24/2011,27.17
6/23/2011,27.3
6/22/2011,23.34
6/21/2011,24.75
6/20/2011,25.54
6/17/2011,24.25
6/16/2011,24.43
6/15/2011,23.06
6/14/2011,21.32
6/13/2011,22.84
6/10/2011,22.62
6/9/2011,20.94
6/8/2011,22.69
6/7/2011,22.37
6/6/2011,23.15
6/3/2011,22.65
6/2/2011,22.84
6/1/2011,20.93
5/31/2011,20.35
5/27/2011,21.47
5/26/2011,22.74
5/25/2011,22.65
5/24/2011,23.77
5/23/2011,24.78
5/20/2011,22.38
5/19/2011,21.03
5/18/2011,22.36
5/17/2011,23.1
5/16/2011,22.38
5/13/2011,22.08
5/12/2011,21.87
5/11/2011,21.07
5/10/2011,21.5
5/9/2011,22.51
5/6/2011,19.98
5/5/2011,22.55
5/4/2011,21.86
5/3/2011,20.8
5/2/2011,19.62
4/29/2011,18.48
4/28/2011,18.83
4/27/2011,19.83
4/26/2011,19.49
4/25/2011,18.93
4/21/2011,18.93
4/20/2011,19.08
4/19/2011,20.82
4/18/2011,22.79
4/15/2011,18.8
4/14/2011,20.74
4/13/2011,21.2
4/12/2011,22.5
4/11/2011,19.98
4/8/2011,19.96
4/7/2011,21.02
4/6/2011,20.16
4/5/2011,20.52
4/4/2011,20.66
4/1/2011,20.42
3/31/2011,22.08
3/30/2011,21.47
3/29/2011,22.5
3/28/2011,22.48
3/25/2011,22.08
3/24/2011,22.1
3/23/2011,23.92
3/22/2011,24.39
3/21/2011,25.24
3/18/2011,28.53
3/17/2011,30.61
3/16/2011,35.23
3/15/2011,31.01
3/14/2011,26.74
3/11/2011,24.71
3/10/2011,24.14
3/9/2011,23.48
3/8/2011,23.45
3/7/2011,24.41
3/4/2011,23.64
3/3/2011,23.93
3/2/2011,24.6
3/1/2011,23.82
2/28/2011,22.71
2/25/2011,23.1
2/24/2011,24.99
2/23/2011,24.99
2/22/2011,23.93
2/18/2011,19.7
2/17/2011,20
2/16/2011,19.19
2/15/2011,20.44
2/14/2011,20.74
2/11/2011,19.95
2/10/2011,19.75
2/9/2011,19.75
2/8/2011,20.21
2/7/2011,20.37
2/4/2011,20.9
2/3/2011,22.09
2/2/2011,21.66
2/1/2011,22.15
1/31/2011,22.73
1/28/2011,22.13
1/27/2011,21.11
1/26/2011,21.53
1/25/2011,21.56
1/24/2011,20.38
1/21/2011,19.8
1/20/2011,21.11
1/19/2011,21.27
1/18/2011,20.19
1/14/2011,20.44
1/13/2011,21.47
1/12/2011,22.27
1/11/2011,23.86
1/10/2011,25.72
1/7/2011,23.95
1/6/2011,23.3
1/5/2011,23.08
1/4/2011,23.16
1/3/2011,23.62
12/31/2010,23.92
12/30/2010,23.92
12/29/2010,22.01
12/28/2010,22.57
12/27/2010,22.58
12/23/2010,19.57
12/22/2010,18.59
12/21/2010,18.47
12/20/2010,18.68
12/17/2010,19.25
12/16/2010,18.36
12/15/2010,19.86
12/14/2010,19.72
12/13/2010,20.42
12/10/2010,21.15
12/9/2010,21.65
12/8/2010,22.49
12/7/2010,23.34
12/6/2010,24.72
12/3/2010,23.88
12/2/2010,25.36
12/1/2010,28.13
11/30/2010,31.07
11/29/2010,30.67
11/26/2010,28.44
11/24/2010,26.38
11/23/2010,27.63
11/22/2010,23.37
11/19/2010,22.06
11/18/2010,22.92
11/17/2010,24.78
11/16/2010,26.36
11/15/2010,23.62
11/12/2010,24.62
11/11/2010,23.49
11/10/2010,22.62
11/9/2010,20.63
11/8/2010,21.77
11/5/2010,21.85
11/4/2010,21.52
11/3/2010,25.44
11/2/2010,23.89
11/1/2010,24.62
10/29/2010,23.39
10/28/2010,22.81
10/27/2010,23.91
10/26/2010,22.15
10/25/2010,22.04
10/22/2010,21.77
10/21/2010,22.04
10/20/2010,21.72
10/19/2010,22.06
10/18/2010,21.39
10/15/2010,21.58
10/14/2010,21.48
10/13/2010,21.77
10/12/2010,22.75
10/11/2010,22.54
10/8/2010,22.82
10/7/2010,23.99
10/6/2010,24.65
10/5/2010,25.11
10/4/2010,27.05
10/1/2010,26.37
9/30/2010,26.11
9/29/2010,25.06
9/28/2010,24.76
9/27/2010,24.56
9/24/2010,23.66
9/23/2010,25.56
9/22/2010,25.42
9/21/2010,25.08
9/20/2010,24.15
9/17/2010,24.54
9/16/2010,24.07
9/15/2010,23.57
9/14/2010,23.27
9/13/2010,23.77
9/10/2010,24.62
9/9/2010,24.21
9/8/2010,24.86
9/7/2010,25.26
9/3/2010,24.56
9/2/2010,25.91
9/1/2010,26.25
8/31/2010,29.37
8/30/2010,29.09
8/27/2010,28.32
8/26/2010,29.98
8/25/2010,30.84
8/24/2010,30.03
8/23/2010,28.29
8/20/2010,29.05
8/19/2010,29.33
8/18/2010,26.74
8/17/2010,27.77
8/16/2010,30
8/13/2010,29.2
8/12/2010,29.37
8/11/2010,30.01
8/10/2010,27.09
8/9/2010,25.83
8/6/2010,27.11
8/5/2010,25.1
8/4/2010,25.47
8/3/2010,26.17
8/2/2010,26.31
7/30/2010,27.16
7/29/2010,27.12
7/28/2010,26.61
7/27/2010,26.41
7/26/2010,26.8
7/23/2010,28.07
7/22/2010,27.28
7/21/2010,28.43
7/20/2010,28.22
7/19/2010,28.53
7/16/2010,27.06
7/15/2010,27.3
7/14/2010,27.72
7/13/2010,26.88
7/12/2010,28.26
7/9/2010,27.95
7/8/2010,29.01
7/7/2010,30.26
7/6/2010,31.02
7/2/2010,33.59
7/1/2010,36.25
6/30/2010,34.32
6/29/2010,35.04
6/28/2010,30.1
6/25/2010,32.1
6/24/2010,31.39
6/23/2010,28.67
6/22/2010,26.42
6/21/2010,26.62
6/18/2010,26.96
6/17/2010,29.18
6/16/2010,29
6/15/2010,28.28
6/14/2010,29.64
6/11/2010,31.36
6/10/2010,33.07
6/9/2010,36.32
6/8/2010,41.62
6/7/2010,40.82
6/4/2010,37.69
6/3/2010,33.34
6/2/2010,35.43
6/1/2010,35.27
5/28/2010,33.88
5/27/2010,34.91
5/26/2010,40.01
5/25/2010,45.18
5/24/2010,42.62
5/21/2010,46.17
5/20/2010,49.87
5/19/2010,44.74
5/18/2010,37.21
5/17/2010,41.87
5/14/2010,42.59
5/13/2010,31.65
5/12/2010,34.28
5/11/2010,39.15
5/10/2010,38.66
5/7/2010,49.6
5/6/2010,36.81
5/5/2010,33.25
5/4/2010,33.15
5/3/2010,28.72
4/30/2010,28.89
4/29/2010,29.52
4/28/2010,31.45
4/27/2010,28.56
4/26/2010,24.37
4/23/2010,24
4/22/2010,24.8
4/21/2010,22.5
4/20/2010,21.05
4/19/2010,23.22
4/16/2010,22.44
4/15/2010,20.27
4/14/2010,20.79
4/13/2010,21.08
4/12/2010,20.73
4/9/2010,20.54
4/8/2010,22.5
4/7/2010,21.15
4/6/2010,20.63
4/5/2010,20
4/1/2010,20
3/31/2010,20.6
3/30/2010,20.47
3/29/2010,20.35
3/26/2010,19.8
3/25/2010,19.89
3/24/2010,20.61
3/23/2010,19.93
3/22/2010,21.1
3/19/2010,20.5
3/18/2010,20.79
3/17/2010,20.46
3/16/2010,21.51
3/15/2010,22.55
3/12/2010,21.93
3/11/2010,21.61
3/10/2010,21.82
3/9/2010,21.91
3/8/2010,22.1
3/5/2010,20.87
3/4/2010,22.51
3/3/2010,22.56
3/2/2010,23.09
3/1/2010,24.21
2/26/2010,24.37
2/25/2010,25.78
2/24/2010,25.06
2/23/2010,25.26
2/22/2010,23.89
2/19/2010,23.81
2/18/2010,24.6
2/17/2010,25.62
2/16/2010,26.78
2/12/2010,28.45
2/11/2010,29.11
2/10/2010,29.25
2/9/2010,29.6
2/8/2010,30
2/5/2010,30.55
2/4/2010,29.27
2/3/2010,25.41
2/2/2010,24.87
2/1/2010,26.37
1/29/2010,26.72
1/28/2010,28.15
1/27/2010,27.45
1/26/2010,25.68
1/25/2010,27.07
1/22/2010,27.09
1/21/2010,26.41
1/20/2010,23.41
1/19/2010,20.31
1/15/2010,22.28
1/14/2010,20.55
1/13/2010,22.61
1/12/2010,22.92
1/11/2010,22.73
1/8/2010,21.98
1/7/2010,22.69
1/6/2010,22.98
1/5/2010,23.13
1/4/2010,23.51
12/31/2009,24.06
12/30/2009,24.06
12/29/2009,23.36
12/28/2009,23.52
12/24/2009,22.85
12/23/2009,22.85
12/22/2009,23.26
12/21/2009,23.38
12/18/2009,25.1
12/17/2009,24.1
12/16/2009,23.26
12/15/2009,23.9
12/14/2009,24.45
12/11/2009,25.21
12/10/2009,26.96
12/9/2009,28.32
12/8/2009,26.67
12/7/2009,24.89
12/4/2009,24.88
12/3/2009,26.13
12/2/2009,26.39
12/1/2009,26.95
11/30/2009,30.28
11/27/2009,28.36
11/25/2009,23.68
11/24/2009,24.91
11/23/2009,24.97
11/20/2009,26.53
11/19/2009,26.52
11/18/2009,25.4
11/17/2009,26.66
11/16/2009,26.09
11/13/2009,25.79
11/12/2009,26.54
11/11/2009,26.53
11/10/2009,26.36
11/9/2009,26.34
11/6/2009,27.48
11/5/2009,28.27
11/4/2009,29.52
11/3/2009,31.77
11/2/2009,30.98
10/30/2009,31.33
10/29/2009,27.43
10/28/2009,28.9
10/27/2009,27.43
10/26/2009,27.28
10/23/2009,24.43
10/22/2009,24.39
10/21/2009,23.84
10/20/2009,24.56
10/19/2009,25.27
10/16/2009,25.2
10/15/2009,24.78
10/14/2009,25.38
10/13/2009,27.04
10/12/2009,25.81
10/9/2009,26.27
10/8/2009,26.05
10/7/2009,27.29
10/6/2009,27.52
10/5/2009,29.32
10/2/2009,30.18
10/1/2009,29.22
9/30/2009,26.82
9/29/2009,26.24
9/28/2009,26.48
9/25/2009,27.1
9/24/2009,27.11
9/23/2009,25.6
9/22/2009,25.53
9/21/2009,26.04
9/18/2009,25.69
9/17/2009,25.91
9/16/2009,25.98
9/15/2009,26.5
9/14/2009,26.87
9/11/2009,25.72
9/10/2009,25.93
9/9/2009,26.31
9/8/2009,27.42
9/4/2009,28.12
9/3/2009,30.31
9/2/2009,31.12
9/1/2009,31.54
8/31/2009,29.52
8/28/2009,27.59
8/27/2009,28.1
8/26/2009,28.37
8/25/2009,27.85
8/24/2009,28.3
8/21/2009,26.95
8/20/2009,28.47
8/19/2009,30.5
8/18/2009,30.48
8/17/2009,32.17
8/14/2009,27.52
8/13/2009,26.3
8/12/2009,27.02
8/11/2009,27.85
8/10/2009,26.84
8/7/2009,26.04
8/6/2009,26.93
8/5/2009,27.59
8/4/2009,28.55
8/3/2009,29.53
7/31/2009,28.13
7/30/2009,27.07
7/29/2009,27.71
7/28/2009,28.12
7/27/2009,27.52
7/24/2009,26.71
7/23/2009,26.82
7/22/2009,27.65
7/21/2009,27.52
7/20/2009,27.22
7/17/2009,26.01
7/16/2009,26.88
7/15/2009,27.78
7/14/2009,29.65
7/13/2009,30.92
7/10/2009,32.35
7/9/2009,32.57
7/8/2009,34.85
7/7/2009,34.36
7/6/2009,33.55
7/2/2009,31.77
7/1/2009,28.84
6/30/2009,30.24
6/29/2009,29.38
6/26/2009,30.85
6/25/2009,31.06
6/24/2009,30.84
6/23/2009,33.59
6/22/2009,36.05
6/19/2009,30.92
6/18/2009,32.44
6/17/2009,34.64
6/16/2009,31.89
6/15/2009,31.97
6/12/2009,28.12
6/11/2009,27.51
6/10/2009,29.26
6/9/2009,30.36
6/8/2009,31.22
6/5/2009,29.78
6/4/2009,31.52
6/3/2009,32.5
6/2/2009,31.41
6/1/2009,31.8
5/29/2009,33.04
5/28/2009,33.82
5/27/2009,32.07
5/26/2009,32.67
5/22/2009,32.53
5/21/2009,34.48
5/20/2009,31.31
5/19/2009,31.93
5/18/2009,32.31
5/15/2009,33.19
5/14/2009,36.11
5/13/2009,36.45
5/12/2009,34.95
5/11/2009,36.85
5/8/2009,36.06
5/7/2009,38.02
5/6/2009,36.26
5/5/2009,37.37
5/4/2009,36.76
5/1/2009,36.88
4/30/2009,36.88
4/29/2009,37.45
4/28/2009,39.78
4/27/2009,37.89
4/24/2009,37.38
4/23/2009,39.19
4/22/2009,39.6
4/21/2009,40.87
4/20/2009,41
4/17/2009,36.7
4/16/2009,37.3
4/15/2009,39.72
4/14/2009,40.22
4/13/2009,37.61
4/9/2009,37.61
4/8/2009,38.97
4/7/2009,40.16
4/6/2009,41.08
4/3/2009,40.54
4/2/2009,42.1
4/1/2009,41.73
3/31/2009,42.41
3/30/2009,44.91
3/27/2009,40.32
3/26/2009,39.03
3/25/2009,40.23
3/24/2009,40.88
3/23/2009,41.94
3/20/2009,43.41
3/19/2009,42.63
3/18/2009,42.97
3/17/2009,43.41
3/16/2009,43.58
3/13/2009,43.89
3/12/2009,45.35
3/11/2009,45.05
3/10/2009,45.39
3/9/2009,47.21
3/6/2009,49.55
3/5/2009,47.16
3/4/2009,44.61
3/3/2009,48.64
3/2/2009,49.54
2/27/2009,42.89
2/26/2009,42.39
2/25/2009,47.22
2/24/2009,49.55
2/23/2009,50.27
2/20/2009,48.51
2/19/2009,45.14
2/18/2009,47.96
2/17/2009,48.49
2/13/2009,41.84
2/12/2009,44.38
2/11/2009,43.42
2/10/2009,44.81
2/9/2009,42.3
2/6/2009,41.83
2/5/2009,42.58
2/4/2009,41.68
2/3/2009,45.1
2/2/2009,47.77
1/30/2009,44.79
1/29/2009,44.09
1/28/2009,42.91
1/27/2009,44.6
1/26/2009,47.08
1/23/2009,50.23
1/22/2009,50.26
1/21/2009,52.86
1/20/2009,53.52
1/16/2009,48.89
1/15/2009,56.33
1/14/2009,52.97
1/13/2009,46.21
1/12/2009,44.32
1/9/2009,41.29
1/8/2009,41.77
1/7/2009,40.86
1/6/2009,40.24
1/5/2009,41.27
1/2/2009,42.08
12/31/2008,43.87
12/30/2008,43.87
12/29/2008,43.15
12/26/2008,40.29
12/24/2008,40.29
12/23/2008,40.29
12/22/2008,40.28
12/19/2008,41.35
12/18/2008,46.99
12/17/2008,49.67
12/16/2008,50.9
12/15/2008,53.21
12/12/2008,52.8
12/11/2008,48.95
12/10/2008,50.4
12/9/2008,52.65
12/8/2008,54.46
12/5/2008,58.78
12/4/2008,54.53
12/3/2008,54.19
12/2/2008,55.72
12/1/2008,57.55
11/28/2008,51.44
11/26/2008,56.49
11/25/2008,61.2
11/24/2008,63.66
11/21/2008,74.13
11/20/2008,72.85
11/19/2008,68.52
11/18/2008,63.9
11/17/2008,66.87
11/14/2008,62.48
11/13/2008,64.44
11/12/2008,66.42
11/11/2008,63.49
11/10/2008,55.67
11/7/2008,56.59
11/6/2008,60.71
11/5/2008,49.1
11/4/2008,47.94
11/3/2008,54.61
10/31/2008,60.68
10/30/2008,66.14
10/29/2008,71.01
10/28/2008,74.69
10/27/2008,76.54
10/24/2008,74.74
10/23/2008,64.71
10/22/2008,61.89
10/21/2008,56.18
10/20/2008,63.28
10/17/2008,77.15
10/16/2008,87.51
10/15/2008,65.45
10/14/2008,60.31
10/13/2008,67.05
10/10/2008,81.03
10/9/2008,58.39
10/8/2008,60.67
10/7/2008,50.71
10/6/2008,51.06
10/3/2008,41.16
10/2/2008,42.98
10/1/2008,41.92
9/30/2008,40.39
9/29/2008,39.4
9/26/2008,38.37
9/25/2008,32.66
9/24/2008,32.62
9/23/2008,32.57
9/22/2008,32.72
9/19/2008,35.19
9/18/2008,37.55
9/17/2008,37.53
9/16/2008,36.19
9/15/2008,32.59
9/12/2008,27.04
9/11/2008,28.04
9/10/2008,27.52
9/9/2008,26.71
9/8/2008,26.18
9/5/2008,26.85
9/4/2008,24.97
9/3/2008,22.18
9/2/2008,21.23
8/29/2008,21.06
8/28/2008,21.11
8/27/2008,21.89
8/26/2008,22.1
8/25/2008,22.9
8/22/2008,21.6
8/21/2008,23.27
8/20/2008,22.97
8/19/2008,24.02
8/18/2008,21.89
8/15/2008,22.11
8/14/2008,23.18
8/13/2008,24.35
8/12/2008,22.55
8/11/2008,22.35
8/8/2008,22.13
8/7/2008,22.61
8/6/2008,22.18
8/5/2008,23.18
8/4/2008,25.04
8/1/2008,24.19
7/31/2008,23.33
7/30/2008,23.22
7/29/2008,24.53
7/28/2008,24.82
7/25/2008,23.86
7/24/2008,23.92
7/23/2008,23.73
7/22/2008,24.48
7/21/2008,24.88
7/18/2008,24.89
7/17/2008,26.74
7/16/2008,28.8
7/15/2008,30.06
7/14/2008,28.93
7/11/2008,29.27
7/10/2008,27.38
7/9/2008,25.43
7/8/2008,26.85
7/7/2008,25.82
7/3/2008,25.8
7/2/2008,26.38
7/1/2008,26.25
6/30/2008,24.67
6/27/2008,24.96
6/26/2008,24.5
6/25/2008,21.9
6/24/2008,23.37
6/23/2008,23.01
6/20/2008,24.03
6/19/2008,23.05
6/18/2008,23.33
6/17/2008,22.21
6/16/2008,22.96
6/13/2008,22.48
6/12/2008,23.3
6/11/2008,25.09
6/10/2008,24.41
6/9/2008,24.81
6/6/2008,23.41
6/5/2008,21.34
6/4/2008,21.72
6/3/2008,21.34
6/2/2008,21.6
5/30/2008,19.68
5/29/2008,19.9
5/28/2008,20.8
5/27/2008,21.68
5/23/2008,21.46
5/22/2008,19.56
5/21/2008,19.97
5/20/2008,20.06
5/19/2008,18.25
5/16/2008,18.57
5/15/2008,18.87
5/14/2008,19.64
5/13/2008,21.8
5/12/2008,21.2
5/9/2008,20.67
5/8/2008,19.95
5/7/2008,19.58
5/6/2008,20.09
5/5/2008,19.92
5/2/2008,19.77
5/1/2008,20.88
4/30/2008,20.88
4/29/2008,21.52
4/28/2008,21.1
4/25/2008,20.97
4/24/2008,21.4
4/23/2008,22.22
4/22/2008,22.94
4/21/2008,22.36
4/18/2008,21.63
4/17/2008,23.32
4/16/2008,23
4/15/2008,25.04
4/14/2008,25.93
4/11/2008,24.76
4/10/2008,23.76
4/9/2008,24.14
4/8/2008,24.04
4/7/2008,23.36
4/4/2008,23.83
4/3/2008,25.19
4/2/2008,24.59
4/1/2008,24.62
3/31/2008,27.31
3/28/2008,26.28
3/27/2008,27.13
3/26/2008,28.65
3/25/2008,28.71
3/24/2008,30.37
3/20/2008,30.37
3/19/2008,31.38
3/18/2008,33.15
3/17/2008,37.05
3/14/2008,31.59
3/13/2008,29.65
3/12/2008,28.76
3/11/2008,29.77
3/10/2008,32.05
3/7/2008,31.56
3/6/2008,30.62
3/5/2008,29.75
3/4/2008,31.46
3/3/2008,30.9
2/29/2008,28.69
2/28/2008,26.07
2/27/2008,25.25
2/26/2008,25.88
2/25/2008,27.85
2/22/2008,28.76
2/21/2008,28.39
2/20/2008,29.07
2/19/2008,27.81
2/15/2008,29.37
2/14/2008,28.08
2/13/2008,27.93
2/12/2008,28.64
2/11/2008,31.94
2/8/2008,31.69
2/7/2008,31.8
2/6/2008,30.57
2/5/2008,31.96
2/4/2008,27.22
2/1/2008,27.47
1/31/2008,30.05
1/30/2008,32.3
1/29/2008,31.89
1/28/2008,33.42
1/25/2008,33.7
1/24/2008,34.87
1/23/2008,40.25
1/22/2008,33.79
1/18/2008,25.44
1/17/2008,24.29
1/16/2008,24.3
1/15/2008,23.61
1/14/2008,21.89
1/11/2008,21.6
1/10/2008,22.2
1/9/2008,22.27
1/8/2008,21.31
1/7/2008,22.32
1/4/2008,21.8
1/3/2008,20.41
1/2/2008,20.8
12/31/2007,18.06
12/28/2007,18.06
12/27/2007,18.37
12/26/2007,17.24
12/24/2007,17.24
12/21/2007,17.24
12/20/2007,19.15
12/19/2007,20.48
12/18/2007,21.08
12/17/2007,21.75
12/14/2007,19.89
12/13/2007,20.41
12/12/2007,17.39
12/11/2007,18.73
12/10/2007,18.37
12/7/2007,17.78
12/6/2007,18.95
12/5/2007,19.13
12/4/2007,21.19
12/3/2007,20.22
11/30/2007,20.43
11/29/2007,22.19
11/28/2007,22.95
11/27/2007,24.89
11/26/2007,25.36
11/23/2007,24.21
11/21/2007,26.31
11/20/2007,24.23
11/19/2007,25.89
11/16/2007,23.95
11/15/2007,24.12
11/14/2007,23.91
11/13/2007,24.39
11/12/2007,25.8
11/9/2007,26.26
11/8/2007,24.21
11/7/2007,23.11
11/6/2007,22.23
11/5/2007,23.57
11/2/2007,22.58
11/1/2007,20.8
10/31/2007,19.99
10/30/2007,20.53
10/29/2007,19.55
10/26/2007,19.65
10/25/2007,20.39
10/24/2007,22.57
10/23/2007,22.28
10/22/2007,23.14
10/19/2007,19.72
10/18/2007,19.93
10/17/2007,20.02
10/16/2007,20.47
10/15/2007,20.04
10/12/2007,18.35
10/11/2007,18.22
10/10/2007,17.9
10/9/2007,17.52
10/8/2007,18.18
10/5/2007,17.87
10/4/2007,19.78
10/3/2007,20.25
10/2/2007,19.97
10/1/2007,19.91
9/28/2007,19.71
9/27/2007,19.2
9/26/2007,19.73
9/25/2007,20.87
9/24/2007,20.4
9/21/2007,20.43
9/20/2007,22.16
9/19/2007,23.57
9/18/2007,27.66
9/17/2007,29.03
9/14/2007,26.55
9/13/2007,25.91
9/12/2007,27.07
9/11/2007,27.95
9/10/2007,29.45
9/7/2007,27.82
9/6/2007,25.63
9/5/2007,25.78
9/4/2007,23.48
8/31/2007,24.47
8/30/2007,25.27
8/29/2007,26.54
8/28/2007,27.33
8/27/2007,24.49
8/24/2007,24.49
8/23/2007,26.04
8/22/2007,26.5
8/21/2007,29.03
8/20/2007,31.13
8/17/2007,32.45
8/16/2007,34.74
8/15/2007,29.18
8/14/2007,29.02
8/13/2007,27.7
8/10/2007,30.74
8/9/2007,25.47
8/8/2007,21.92
8/7/2007,24.61
8/6/2007,26.23
8/3/2007,25.55
8/2/2007,24.75
8/1/2007,27.47
7/31/2007,23.82
7/30/2007,25.84
7/27/2007,25.22
7/26/2007,25.16
7/25/2007,22.19
7/24/2007,20.7
7/23/2007,19.17
7/20/2007,19.35
7/19/2007,17.83
7/18/2007,19.27
7/17/2007,18.03
7/16/2007,17.66
7/13/2007,17.34
7/12/2007,17.52
7/11/2007,18.67
7/10/2007,18.34
7/9/2007,17.08
7/6/2007,16.75
7/5/2007,17.91
7/3/2007,16.81
7/2/2007,17.63
6/29/2007,16.9
6/28/2007,17.77
6/27/2007,18.91
6/26/2007,18.93
6/25/2007,17.81
6/22/2007,17.31
6/21/2007,16.96
6/20/2007,15.92
6/19/2007,16.13
6/18/2007,16.77
6/15/2007,15.96
6/14/2007,16.87
6/13/2007,18.56
6/12/2007,18.83
6/11/2007,18.25
6/8/2007,18.89
6/7/2007,19.56
6/6/2007,18.54
6/5/2007,16.55
6/4/2007,16.51
6/1/2007,15.29
5/31/2007,15.79
5/30/2007,16.49
5/29/2007,16.36
5/25/2007,15.99
5/24/2007,16.72
5/23/2007,15.61
5/22/2007,15.9
5/21/2007,16.13
5/18/2007,16.09
5/17/2007,17.45
5/16/2007,17.69
5/15/2007,17.67
5/14/2007,18.04
5/11/2007,17.46
5/10/2007,17.87
5/9/2007,17.24
5/8/2007,17.6
5/7/2007,17.13
5/4/2007,17.06
5/3/2007,17.8
5/2/2007,18.18
5/1/2007,18.34
4/30/2007,18.34
4/27/2007,18.02
4/26/2007,17.82
4/25/2007,17.78
4/24/2007,18.57
4/23/2007,18.28
4/20/2007,18.17
4/19/2007,18.68
4/18/2007,18.12
4/17/2007,17.19
4/16/2007,16.74
4/13/2007,16.5
4/12/2007,17.09
4/11/2007,17.01
4/10/2007,15.7
4/9/2007,15.44
4/5/2007,15.44
4/4/2007,15.75
4/3/2007,16.27
4/2/2007,17.71
3/30/2007,17.54
3/29/2007,18.32
3/28/2007,19.79
3/27/2007,18.73
3/26/2007,19.09
3/23/2007,17.06
3/22/2007,17.38
3/21/2007,18.79
3/20/2007,18.82
3/19/2007,19.82
3/16/2007,21.08
3/15/2007,21.69
3/14/2007,23.53
3/13/2007,20.48
3/12/2007,19.25
3/9/2007,18.07
3/8/2007,18.15
3/7/2007,19.43
3/6/2007,20.36
3/5/2007,21.8
3/2/2007,20.3
3/1/2007,20.01
2/28/2007,19.5
2/27/2007,17.73
2/26/2007,13.79
2/23/2007,13.74
2/22/2007,13.87
2/21/2007,14.19
2/20/2007,13.74
2/16/2007,13.45
2/15/2007,13.83
2/14/2007,13.91
2/13/2007,14.71
2/12/2007,15.11
2/9/2007,13.92
2/8/2007,14.26
2/7/2007,13.97
2/6/2007,14.41
2/5/2007,14.36
2/2/2007,14.14
2/1/2007,15.13
1/31/2007,15.92
1/30/2007,15.17
1/29/2007,16.12
1/26/2007,15.83
1/25/2007,15.38
1/24/2007,14.84
1/23/2007,16.01
1/22/2007,16.02
1/19/2007,14.95
1/18/2007,16.25
1/17/2007,16.1
1/16/2007,15.73
1/12/2007,14.58
1/11/2007,15.05
1/10/2007,17.25
1/9/2007,16.63
1/8/2007,16.88
1/5/2007,16.35
1/4/2007,15.06
1/3/2007,14.73
12/29/2006,14.83
12/28/2006,14.14
12/27/2006,14.27
12/26/2006,14.4
12/22/2006,14.4
12/21/2006,13.06
12/20/2006,12.92
12/19/2006,14.18
12/18/2006,13.27
12/15/2006,12.85
12/14/2006,13.34
12/13/2006,14.05
12/12/2006,14.56
12/11/2006,14.79
12/8/2006,15.08
12/7/2006,15.51
12/6/2006,15.86
12/5/2006,15.63
12/4/2006,17.08
12/1/2006,17.05
11/30/2006,15.56
11/29/2006,14.82
11/28/2006,15.96
11/27/2006,16.59
11/24/2006,14.31
11/22/2006,12.85
11/21/2006,12.71
11/20/2006,13.3
11/17/2006,13.44
11/16/2006,13.48
11/15/2006,13.76
11/14/2006,14.35
11/13/2006,14.08
11/10/2006,13.8
11/9/2006,14.03
11/8/2006,14
11/7/2006,13.89
11/6/2006,13.98
11/3/2006,14.47
11/2/2006,14.88
11/1/2006,14
10/31/2006,14.51
10/30/2006,14.93
10/27/2006,14.28
10/26/2006,14.27
10/25/2006,14.31
10/24/2006,14.3
10/23/2006,14.62
10/20/2006,14.73
10/19/2006,15.45
10/18/2006,15.63
10/17/2006,16.41
10/16/2006,15.06
10/13/2006,14.77
10/12/2006,14.99
10/11/2006,15.49
10/10/2006,15.7
10/9/2006,16.38
10/6/2006,15.68
10/5/2006,15.97
10/4/2006,16.02
10/3/2006,17.11
10/2/2006,17.08
9/29/2006,16.25
9/28/2006,15.9
9/27/2006,15.77
9/26/2006,15.78
9/25/2006,16.67
9/22/2006,16.54
9/21/2006,15.26
9/20/2006,15.63
9/19/2006,16.51
9/18/2006,16.15
9/15/2006,15.85
9/14/2006,16.54
9/13/2006,16.65
9/12/2006,16.69
9/11/2006,17.99
9/8/2006,17.19
9/7/2006,18.02
9/6/2006,17.58
9/5/2006,16.43
9/1/2006,15.69
8/31/2006,16.17
8/30/2006,16.21
8/29/2006,16.69
8/28/2006,16.11
8/25/2006,15.93
8/24/2006,16.27
8/23/2006,16.99
8/22/2006,16.56
8/21/2006,17.49
8/18/2006,17.15
8/17/2006,17.59
8/16/2006,17.36
8/15/2006,17.46
8/14/2006,18.5
8/11/2006,19.1
8/10/2006,19.94
8/9/2006,18.99
8/8/2006,20.68
8/7/2006,20.68
8/4/2006,18.41
8/3/2006,19.2
8/2/2006,18.5
8/1/2006,19.76
7/31/2006,18.52
7/28/2006,17.33
7/27/2006,18.03
7/26/2006,18.85
7/25/2006,19.61
7/24/2006,19.21
7/21/2006,20.23
7/20/2006,19.79
7/19/2006,20.5
7/18/2006,22.77
7/17/2006,22.83
7/14/2006,22.24
7/13/2006,20.84
7/12/2006,19.05
7/11/2006,19.42
7/10/2006,18.25
7/7/2006,18.58
7/6/2006,18.31
7/5/2006,19.83
7/3/2006,17.68
6/30/2006,18.33
6/29/2006,20.54
6/28/2006,21.49
6/27/2006,21.48
6/26/2006,20.7
6/23/2006,20.09
6/22/2006,20.35
6/21/2006,20.94
6/20/2006,21.79
6/19/2006,22.8
6/16/2006,23.95
6/15/2006,24.14
6/14/2006,26.69
6/13/2006,26.62
6/12/2006,24.35
6/9/2006,22.87
6/8/2006,24.81
6/7/2006,22.61
6/6/2006,23.78
6/5/2006,21.77
6/2/2006,20.74
6/1/2006,21.53
5/31/2006,23.05
5/30/2006,24.08
5/26/2006,20.38
5/25/2006,21.92
5/24/2006,24.36
5/23/2006,22.33
5/22/2006,24.67
5/19/2006,20.65
5/18/2006,21.47
5/17/2006,18.62
5/16/2006,17.24
5/15/2006,18.04
5/12/2006,16.45
5/11/2006,15.18
5/10/2006,14.7
5/9/2006,14.28
5/8/2006,14.53
5/5/2006,14
5/4/2006,14.87
5/3/2006,15.89
5/2/2006,15.06
5/1/2006,14.71
4/28/2006,14.71
4/27/2006,14.72
4/26/2006,14.43
4/25/2006,14.9
4/24/2006,15.29
4/21/2006,14.48
4/20/2006,14.8
4/19/2006,14.91
4/18/2006,15.38
4/17/2006,15.08
4/13/2006,15.08
4/12/2006,15.38
4/11/2006,15.36
4/10/2006,14.44
4/7/2006,14.35
4/6/2006,13.55
4/5/2006,13.79
4/4/2006,14.31
4/3/2006,13.88
3/31/2006,14.01
3/30/2006,13.61
3/29/2006,14.31
3/28/2006,14.78
3/27/2006,14.62
3/24/2006,13.03
3/23/2006,13.61
3/22/2006,13.54
3/21/2006,13.64
3/20/2006,14.03
3/17/2006,13.4
3/16/2006,13.41
3/15/2006,13.64
3/14/2006,13.86
3/13/2006,14.03
3/10/2006,14.18
3/9/2006,15.29
3/8/2006,15.79
3/7/2006,15.69
3/6/2006,15.19
3/3/2006,15.31
3/2/2006,14.93
3/1/2006,14.4
2/28/2006,15.04
2/27/2006,14.03
2/24/2006,14.25
2/23/2006,14.66
2/22/2006,14.29
2/21/2006,15.13
2/17/2006,14.59
2/16/2006,14.87
2/15/2006,16.26
2/14/2006,16.09
2/13/2006,15.9
2/10/2006,15.72
2/9/2006,15.51
2/8/2006,16.2
2/7/2006,16.4
2/6/2006,16.34
2/3/2006,16.04
2/2/2006,16.18
2/1/2006,15.42
1/31/2006,15.85
1/30/2006,15.52
1/27/2006,15.15
1/26/2006,14.77
1/25/2006,14.98
1/24/2006,15.66
1/23/2006,16.31
1/20/2006,16
1/19/2006,15.43
1/18/2006,15.81
1/17/2006,15.25
1/13/2006,14.39
1/12/2006,13.65
1/11/2006,13.98
1/10/2006,14.51
1/9/2006,14.36
1/6/2006,13.73
1/5/2006,14.14
1/4/2006,13.95
1/3/2006,14.31
12/30/2005,14.48
12/29/2005,13.33
12/28/2005,13.17
12/27/2005,12.61
12/23/2005,12.07
12/22/2005,12.47
12/21/2005,12.46
12/20/2005,12.4
12/19/2005,12.58
12/16/2005,12.36
12/15/2005,13.42
12/14/2005,13.53
12/13/2005,13.1
12/12/2005,13.28
12/9/2005,13.11
12/8/2005,13.59
12/7/2005,13.85
12/6/2005,13.42
12/5/2005,13.75
12/2/2005,12.94
12/1/2005,12.99
11/30/2005,13.96
11/29/2005,14.04
11/28/2005,13.88
11/25/2005,13.34
11/23/2005,13.19
11/22/2005,13.58
11/21/2005,13.81
11/18/2005,14.75
11/17/2005,14.83
11/16/2005,15.04
11/15/2005,15.39
11/14/2005,14.65
11/11/2005,14.37
11/10/2005,14.85
11/9/2005,15.08
11/8/2005,15.86
11/7/2005,16.08
11/4/2005,15.52
11/3/2005,15.84
11/2/2005,16.93
11/1/2005,17.54
10/31/2005,17.43
10/28/2005,17.88
10/27/2005,17.69
10/26/2005,16.47
10/25/2005,17.25
10/24/2005,17.14
10/21/2005,18.32
10/20/2005,18.54
10/19/2005,18.74
10/18/2005,16.52
10/17/2005,16.52
10/14/2005,16.63
10/13/2005,17.74
10/12/2005,17.1
10/11/2005,16.47
10/10/2005,16.61
10/7/2005,16.46
10/6/2005,16.45
10/5/2005,15.86
10/4/2005,14.97
10/3/2005,14.56
9/30/2005,14.56
9/29/2005,15.25
9/28/2005,14.68
9/27/2005,14.79
9/26/2005,14.45
9/23/2005,14.85
9/22/2005,15.6
9/21/2005,15.67
9/20/2005,14.67
9/19/2005,14.75
9/16/2005,15.48
9/15/2005,15.31
9/14/2005,15.35
9/13/2005,15.78
9/12/2005,14.74
9/9/2005,14.08
9/8/2005,14.19
9/7/2005,14.22
9/6/2005,14.29
9/2/2005,15.02
9/1/2005,14.75
8/31/2005,15.15
8/30/2005,15.94
8/29/2005,16.67
8/26/2005,16.74
8/25/2005,15.87
8/24/2005,15.3
8/23/2005,15.33
8/22/2005,14.8
8/19/2005,14.71
8/18/2005,15.77
8/17/2005,15.92
8/16/2005,15.61
8/15/2005,15.3
8/12/2005,14.96
8/11/2005,14.75
8/10/2005,13.98
8/9/2005,14.46
8/8/2005,15.21
8/5/2005,14.96
8/4/2005,14.16
8/3/2005,13.37
8/2/2005,12.81
8/1/2005,13.52
7/29/2005,13.28
7/28/2005,12.97
7/27/2005,12.84
7/26/2005,13.39
7/25/2005,14.11
7/22/2005,13.65
7/21/2005,13.75
7/20/2005,13.03
7/19/2005,12.5
7/18/2005,12.67
7/15/2005,12.77
7/14/2005,12.98
7/13/2005,13.17
7/12/2005,13.87
7/11/2005,13.17
7/8/2005,12.96
7/7/2005,15.72
7/6/2005,12.25
7/5/2005,12.6
7/1/2005,11.94
6/30/2005,12.38
6/29/2005,12.26
6/28/2005,12.68
6/27/2005,13.3
6/24/2005,12.52
6/23/2005,11.92
6/22/2005,12.39
6/21/2005,12.45
6/20/2005,12.91
6/17/2005,12.56
6/16/2005,13.02
6/15/2005,13.48
6/14/2005,12.38
6/13/2005,12.76
6/10/2005,12.7
6/9/2005,13.22
6/8/2005,12.99
6/7/2005,12.67
6/6/2005,13.36
6/3/2005,12.94
6/2/2005,12.87
6/1/2005,13
5/31/2005,13.51
5/27/2005,12.95
5/26/2005,12.71
5/25/2005,13.47
5/24/2005,13.39
5/23/2005,13.21
5/20/2005,13.51
5/19/2005,13.79
5/18/2005,14.09
5/17/2005,15.69
5/16/2005,15.52
5/13/2005,15.07
5/12/2005,14.85
5/11/2005,15.66
5/10/2005,15.28
5/9/2005,14.23
5/6/2005,13.3
5/5/2005,13.53
5/4/2005,14.33
5/3/2005,15.15
5/2/2005,15.96
4/29/2005,16.79
4/28/2005,16.53
4/27/2005,16.59
4/26/2005,15.05
4/25/2005,15.12
4/22/2005,15.26
4/21/2005,16.8
4/20/2005,17.38
4/19/2005,17.18
4/18/2005,18.31
4/15/2005,15.39
4/14/2005,12.24
4/13/2005,12.21
4/12/2005,12.47
4/11/2005,12.02
4/8/2005,11.79
4/7/2005,11.86
4/6/2005,12.29
4/5/2005,12.72
4/4/2005,13.67
4/1/2005,12.61
3/31/2005,13.24
3/30/2005,13.27
3/29/2005,13.06
3/28/2005,12.48
3/24/2005,12.48
3/23/2005,13.47
3/22/2005,13.36
3/21/2005,13.39
3/18/2005,12.83
3/17/2005,13.46
3/16/2005,14.57
3/15/2005,12.49
3/14/2005,13.35
3/11/2005,12.96
3/10/2005,13.47
3/9/2005,12.53
3/8/2005,12
3/7/2005,11.72
3/4/2005,11.93
3/3/2005,12.57
3/2/2005,12.86
3/1/2005,12.35
2/28/2005,12.89
2/25/2005,12.21
2/24/2005,13.19
2/23/2005,13.99
2/22/2005,13.49
2/18/2005,13.01
2/17/2005,13.57
2/16/2005,13.66
2/15/2005,12.35
2/14/2005,12.52
2/11/2005,11.99
2/10/2005,12.04
2/9/2005,12.19
2/8/2005,11.92
2/7/2005,11.99
2/4/2005,11.6
2/3/2005,12.38
2/2/2005,12.25
2/1/2005,12.36
1/31/2005,12.72
1/28/2005,12.81
1/27/2005,12.46
1/26/2005,13.32
1/25/2005,13.63
1/24/2005,14.11
1/21/2005,13.96
1/20/2005,14.17
1/19/2005,13.63
1/18/2005,13.17
1/14/2005,13.57
1/13/2005,13.64
1/12/2005,14.05
1/11/2005,13.68
1/10/2005,12.92
1/7/2005,13.57
1/6/2005,13.8
1/5/2005,14.42
1/4/2005,14.51
1/3/2005,14.47
12/30/2004,14.07
12/29/2004,13.74
12/28/2004,13.1
12/27/2004,12.96
12/23/2004,12.94
12/22/2004,12.99
12/21/2004,12.64
12/20/2004,13.36
12/17/2004,14.15
12/16/2004,13.44
12/15/2004,14.72
12/14/2004,15.14
12/13/2004,15.11
12/10/2004,15.67
12/9/2004,15.82
12/8/2004,15.61
12/7/2004,15.74
12/6/2004,15.73
12/3/2004,15.71
12/2/2004,15.67
12/1/2004,15.64
11/30/2004,16.56
11/29/2004,15.59
11/26/2004,15.62
11/24/2004,15.81
11/23/2004,15.92
11/22/2004,15.69
11/19/2004,15.43
11/18/2004,14.81
11/17/2004,14.69
11/16/2004,15.12
11/15/2004,14.98
11/12/2004,14.37
11/11/2004,14.36
11/10/2004,14.62
11/9/2004,15.08
11/8/2004,15.54
11/5/2004,15.6
11/4/2004,15.38
11/3/2004,16.35
11/2/2004,16.9
11/1/2004,18.13
10/29/2004,17.37
10/28/2004,17.57
10/27/2004,18.1
10/26/2004,18.71
10/25/2004,19.24
10/22/2004,17.01
10/21/2004,17.45
10/20/2004,17.75
10/19/2004,16.97
10/18/2004,17.55
10/15/2004,16.82
10/14/2004,17.82
10/13/2004,17.64
10/12/2004,17.48
10/11/2004,16.69
10/8/2004,17.12
10/7/2004,16.75
10/6/2004,16.29
10/5/2004,16.35
10/4/2004,16.16
10/1/2004,15.57
9/30/2004,16.51
9/29/2004,16.54
9/28/2004,17
9/27/2004,17.32
9/24/2004,16.51
9/23/2004,17.48
9/22/2004,17
9/21/2004,16.09
9/20/2004,16.76
9/17/2004,16.2
9/16/2004,16.79
9/15/2004,16.65
9/14/2004,16.11
9/13/2004,16.32
9/10/2004,16.34
9/9/2004,16.61
9/8/2004,16.24
9/7/2004,16.23
9/3/2004,16.55
9/2/2004,17.61
9/1/2004,17.96
8/31/2004,18.75
8/30/2004,17.57
8/27/2004,16.55
8/26/2004,17.16
8/25/2004,17.66
8/24/2004,17.56
8/23/2004,18.44
8/20/2004,18.7
8/19/2004,20.59
8/18/2004,20.69
8/17/2004,21.42
8/16/2004,21.26
8/13/2004,23.44
8/12/2004,23.17
8/11/2004,22.47
8/10/2004,21.29
8/9/2004,22.9
8/6/2004,22.3
8/5/2004,18.97
8/4/2004,19.1
8/3/2004,18.68
8/2/2004,19.32
7/30/2004,18.24
7/29/2004,18.49
7/28/2004,19.84
7/27/2004,19.43
7/26/2004,20.58
7/23/2004,19.66
7/22/2004,19.17
7/21/2004,17.56
7/20/2004,18.18
7/19/2004,18.31
7/16/2004,17.26
7/15/2004,18.17
7/14/2004,18.67
7/13/2004,18.74
7/12/2004,19.26
7/9/2004,18.43
7/8/2004,19.08
7/7/2004,19.32
7/6/2004,19.89
7/2/2004,18.7
7/1/2004,19.04
6/30/2004,18.5
6/29/2004,18.28
6/28/2004,18.29
6/25/2004,18.11
6/24/2004,17.83
6/23/2004,17.92
6/22/2004,18.8
6/21/2004,17.72
6/18/2004,18.18
6/17/2004,18.75
6/16/2004,17.67
6/15/2004,18.15
6/14/2004,20.5
6/10/2004,18.41
6/9/2004,19.52
6/8/2004,19.07
6/7/2004,19.43
6/4/2004,19.33
6/3/2004,20.76
6/2/2004,20.74
6/1/2004,22.45
5/28/2004,20.26
5/27/2004,20.7
5/26/2004,21.05
5/25/2004,21.35
5/24/2004,24.88
5/21/2004,22.38
5/20/2004,23.6
5/19/2004,23.29
5/18/2004,25.34
5/17/2004,26.76
5/14/2004,25.28
5/13/2004,25.42
5/12/2004,25.99
5/11/2004,24.04
5/10/2004,26
5/7/2004,22.99
5/6/2004,22.91
5/5/2004,19.88
5/4/2004,21.83
5/3/2004,22.02
4/30/2004,22.73
4/29/2004,22.28
4/28/2004,21.14
4/27/2004,18.93
4/26/2004,19.5
4/23/2004,18.59
4/22/2004,18
4/21/2004,19.84
4/20/2004,19.3
4/19/2004,19.87
4/16/2004,19.56
4/15/2004,22.37
4/14/2004,22.03
4/13/2004,20.84
4/12/2004,20.58
4/8/2004,20.58
4/7/2004,20.76
4/6/2004,20.1
4/5/2004,18.53
4/2/2004,19.04
4/1/2004,21.71
3/31/2004,22.67
3/30/2004,23.61
3/29/2004,22.84
3/26/2004,25.05
3/25/2004,25.92
3/24/2004,28.37
3/23/2004,29.19
3/22/2004,31.74
3/19/2004,26
3/18/2004,26.51
3/17/2004,24.41
3/16/2004,27.89
3/15/2004,28.77
3/12/2004,24.65
3/11/2004,23.22
3/10/2004,18.69
3/9/2004,18.86
3/8/2004,17.08
3/5/2004,17.04
3/4/2004,17.3
3/3/2004,17.67
3/2/2004,17.35
3/1/2004,17.63
2/27/2004,18.06
2/26/2004,18.46
2/25/2004,18.81
2/24/2004,19.47
2/23/2004,18.47
2/20/2004,17.96
2/19/2004,17.13
2/18/2004,17.94
2/17/2004,18.02
2/13/2004,19.02
2/12/2004,18.55
2/11/2004,18.57
2/10/2004,18.6
2/9/2004,18.79
2/6/2004,20.05
2/5/2004,20.47
2/4/2004,21.01
2/3/2004,21.35
2/2/2004,20.57
1/30/2004,21.07
1/29/2004,20.45
1/28/2004,19.29
1/27/2004,19.21
1/26/2004,18.92
1/23/2004,18.47
1/22/2004,18.6
1/21/2004,17.73
1/20/2004,18.97
1/16/2004,17.87
1/15/2004,18.6
1/14/2004,19.68
1/13/2004,20.46
1/12/2004,20.67
1/9/2004,20.16
1/8/2004,18.31
1/7/2004,19.22
1/6/2004,20.05
1/5/2004,21.29
1/2/2004,21.57
12/31/2003,21.16
12/30/2003,21.16
12/29/2003,20.57
12/26/2003,19.45
12/24/2003,19.45
12/23/2003,19.45
12/22/2003,19.69
12/19/2003,19.87
12/18/2003,19.81
12/17/2003,21.04
12/16/2003,20.81
12/15/2003,20.77
12/12/2003,20.95
12/11/2003,20.11
12/10/2003,20.92
12/9/2003,20.63
12/8/2003,21.4
12/5/2003,20.73
12/4/2003,20.95
12/3/2003,20.98
12/2/2003,22.46
12/1/2003,22.94
11/28/2003,22.08
11/26/2003,23.21
11/25/2003,22.8
11/24/2003,23.36
11/21/2003,27.24
11/20/2003,29.01
11/19/2003,27.92
11/18/2003,29.2
11/17/2003,26.83
11/14/2003,22.56
11/13/2003,22.34
11/12/2003,22.02
11/11/2003,22.83
11/10/2003,22.68
11/7/2003,22.49
11/6/2003,21.65
11/5/2003,22.69
11/4/2003,22.78
11/3/2003,21.75
10/31/2003,22.52
10/30/2003,23.04
10/29/2003,24.43
10/28/2003,23.98
10/27/2003,25.32
10/24/2003,26.03
10/23/2003,26.86
10/22/2003,27.76
10/21/2003,24.61
10/20/2003,24.79
10/17/2003,25.95
10/16/2003,25.36
10/15/2003,26.74
10/14/2003,26.97
10/13/2003,26.58
10/10/2003,27.04
10/9/2003,27.06
10/8/2003,29.5
10/7/2003,31.04
10/6/2003,29.48
10/3/2003,28.08
10/2/2003,30.85
10/1/2003,31.59
9/30/2003,33.5
9/29/2003,32.29
9/26/2003,32.38
9/25/2003,32.13
9/24/2003,30.55
9/23/2003,29.83
9/22/2003,28.89
9/19/2003,23.99
9/18/2003,22.96
9/17/2003,24.04
9/16/2003,24.59
9/15/2003,26.59
9/12/2003,27.66
9/11/2003,26.48
9/10/2003,26.97
9/9/2003,25.91
9/8/2003,24.89
9/5/2003,25.11
9/4/2003,25.21
9/3/2003,25.78
9/2/2003,26.08
8/29/2003,24.66
8/28/2003,24.52
8/27/2003,25.33
8/26/2003,26.49
8/25/2003,24.85
8/22/2003,23.82
8/21/2003,23.51
8/20/2003,24.28
8/19/2003,24.34
8/18/2003,24.13
8/15/2003,24.52
8/14/2003,24.63
8/13/2003,26.79
8/12/2003,26.89
8/11/2003,27.92
8/8/2003,28.76
8/7/2003,29.97
8/6/2003,29.28
8/5/2003,26.62
8/4/2003,27.33
8/1/2003,25.3
7/31/2003,24.54
7/30/2003,25.38
7/29/2003,25.8
7/28/2003,25.72
7/25/2003,25.73
7/24/2003,25.66
7/23/2003,27.37
7/22/2003,28.08
7/21/2003,29.25
7/18/2003,28.15
7/17/2003,28.63
7/16/2003,25.96
7/15/2003,26.16
7/14/2003,25.78
7/11/2003,25.95
7/10/2003,26.84
7/9/2003,26.32
7/8/2003,26.27
7/7/2003,25.81
7/3/2003,28.15
7/2/2003,27.56
7/1/2003,29.63
6/30/2003,27.53
6/27/2003,26.59
6/26/2003,26.8
6/25/2003,27.94
6/24/2003,28.15
6/23/2003,27.38
6/20/2003,26.12
6/19/2003,27.21
6/18/2003,26.91
6/17/2003,27.25
6/16/2003,26.29
6/13/2003,27.51
6/12/2003,26.49
6/11/2003,26.94
6/10/2003,28.03
6/9/2003,29.66
6/6/2003,28.38
6/5/2003,30.75
6/4/2003,29.41
6/3/2003,30.92
6/2/2003,28.55
5/30/2003,28.54
5/29/2003,30.49
5/28/2003,30.79
5/27/2003,32.02
5/23/2003,33.54
5/22/2003,33.28
5/21/2003,36.2
5/20/2003,34.84
5/19/2003,34.78
5/16/2003,28.64
5/15/2003,29.32
5/14/2003,31.23
5/13/2003,32.65
5/12/2003,33.27
5/9/2003,32.89
5/8/2003,34.02
5/7/2003,30.64
5/6/2003,30.09
5/5/2003,31.02
5/2/2003,31.72
5/1/2003,31.8
4/30/2003,31.8
4/29/2003,32.55
4/28/2003,32.11
4/25/2003,33.22
4/24/2003,32.41
4/23/2003,32.16
4/22/2003,33.13
4/21/2003,32.6
4/17/2003,32.6
4/16/2003,32.76
4/15/2003,32.96
4/14/2003,34.81
4/11/2003,37.5
4/10/2003,38.45
4/9/2003,39.21
4/8/2003,40.59
4/7/2003,41.43
4/4/2003,43.98
4/3/2003,45.69
4/2/2003,45.03
4/1/2003,46.74
3/31/2003,48.27
3/28/2003,45.9
3/27/2003,46.61
3/26/2003,48.06
3/25/2003,49.74
3/24/2003,50.15
3/21/2003,45.84
3/20/2003,50.45
3/19/2003,52.88
3/18/2003,52.23
3/17/2003,50.33
3/14/2003,46.95
3/13/2003,45.98
3/12/2003,50.04
3/11/2003,45.24
3/10/2003,47.17
3/7/2003,45.01
3/6/2003,43.85
3/5/2003,43.65
3/4/2003,44.61
3/3/2003,43.91
2/28/2003,44.5
2/27/2003,46.71
2/26/2003,48.11
2/25/2003,49.33
2/24/2003,44.66
2/21/2003,40.69
2/20/2003,41.71
2/19/2003,41.3
2/18/2003,40.31
2/14/2003,42.53
2/13/2003,44.4
2/12/2003,44.37
2/11/2003,43.25
2/10/2003,45.79
2/7/2003,46.4
2/6/2003,46.86
2/5/2003,45.26
2/4/2003,47.24
2/3/2003,42.54
1/31/2003,44.35
1/30/2003,47.19
1/29/2003,51.29
1/28/2003,52.41
1/27/2003,53.14
1/24/2003,47.16
1/23/2003,47.57
1/22/2003,48.85
1/21/2003,45.96
1/17/2003,41.46
1/16/2003,38.33
1/15/2003,39.62
1/14/2003,39.82
1/13/2003,40.59
1/10/2003,41.41
1/9/2003,43.93
1/8/2003,45.72
1/7/2003,44.87
1/6/2003,44.59
1/3/2003,45.33
1/2/2003,46.51
12/31/2002,51.21
12/30/2002,51.21
12/27/2002,50.25
12/26/2002,46.69
12/24/2002,46.69
12/23/2002,46.69
12/20/2002,47.95
12/19/2002,50.51
12/18/2002,45.53
12/17/2002,42.68
12/16/2002,42.47
12/13/2002,44.66
12/12/2002,44.31
12/11/2002,43.6
12/10/2002,45.25
12/9/2002,47.1
12/6/2002,42.72
12/5/2002,42.42
12/4/2002,39.48
12/3/2002,39.76
12/2/2002,36.76
11/29/2002,35.83
11/27/2002,34.63
11/26/2002,36.58
11/25/2002,34.63
11/22/2002,34.8
11/21/2002,35.64
11/20/2002,38.13
11/19/2002,39.31
11/18/2002,40.23
11/15/2002,41.69
11/14/2002,44.23
11/13/2002,46.15
11/12/2002,46.06
11/11/2002,48.78
11/8/2002,47.69
11/7/2002,46.62
11/6/2002,44.58
11/5/2002,43.23
11/4/2002,43.36
11/1/2002,44.79
10/31/2002,45.07
10/30/2002,46.85
10/29/2002,49.1
10/28/2002,46.91
10/25/2002,48.68
10/24/2002,50.29
10/23/2002,52.16
10/22/2002,51.22
10/21/2002,50.94
10/18/2002,51.73
10/17/2002,51.1
10/16/2002,51.51
10/15/2002,48.42
10/14/2002,51.35
10/11/2002,49.61
10/10/2002,52.28
10/9/2002,58.2
10/8/2002,61.17
10/7/2002,61.9
10/4/2002,60.66
10/3/2002,58.9
10/2/2002,57.06
10/1/2002,57.67
9/30/2002,61.34
9/27/2002,56.95
9/26/2002,55.72
9/25/2002,57.45
9/24/2002,60.35
9/23/2002,59.8
9/20/2002,55.51
9/19/2002,57.49
9/18/2002,56.69
9/17/2002,51.56
9/16/2002,50.94
9/13/2002,50.23
9/12/2002,49.74
9/11/2002,45.76
9/10/2002,49.38
9/9/2002,50.85
9/6/2002,48.93
9/5/2002,55.87
9/4/2002,57.42
9/3/2002,58.06
8/30/2002,46.82
8/29/2002,47.25
8/28/2002,43.59
8/27/2002,38.53
8/26/2002,39.47
8/23/2002,39.2
8/22/2002,39.15
8/21/2002,38.46
8/20/2002,39.93
8/19/2002,38.2
8/16/2002,43.81
8/15/2002,48.24
8/14/2002,51.56
8/13/2002,51.51
8/12/2002,51.98
8/9/2002,50.02
8/8/2002,51.14
8/7/2002,56.1
8/6/2002,54.03
8/5/2002,55.65
8/2/2002,52.88
8/1/2002,50.97
7/31/2002,48.71
7/30/2002,46.37
7/29/2002,46.99
7/26/2002,56.41
7/24/2002,62.73
7/23/2002,58.96
7/22/2002,56.46
7/19/2002,52.06
7/18/2002,48.76
7/17/2002,51.64
7/16/2002,53.62
7/15/2002,52.77
7/12/2002,46.88
7/11/2002,46.56
7/10/2002,41.93
7/9/2002,39.4
7/8/2002,38.64
7/5/2002,36.76
