Date,NORD
2024-11-07 00:00:00,84850
2024-11-06 00:00:00,84850
2024-11-05 00:00:00,86030
2024-11-04 00:00:00,85370
2024-11-01 00:00:00,85140
2024-10-31 00:00:00,85350
2024-10-30 00:00:00,94680
2024-10-29 00:00:00,93870
2024-10-28 00:00:00,93480
2024-10-25 00:00:00,93870
2024-10-24 00:00:00,94110
2024-10-23 00:00:00,95580
2024-10-22 00:00:00,95520
2024-10-21 00:00:00,102010
2024-10-18 00:00:00,102810
2024-10-17 00:00:00,97280
2024-10-16 00:00:00,99960
2024-10-15 00:00:00,107090
2024-10-14 00:00:00,108190
2024-10-11 00:00:00,109470
2024-10-10 00:00:00,109020
2024-10-09 00:00:00,109310
2024-10-08 00:00:00,110000
2024-10-07 00:00:00,110030
2024-10-04 00:00:00,109670
2024-10-03 00:00:00,109370
2024-10-02 00:00:00,109640
2024-10-01 00:00:00,109310
2024-09-30 00:00:00,109560
2024-09-27 00:00:00,107510
2024-09-26 00:00:00,107900
2024-09-25 00:00:00,107970
2024-09-24 00:00:00,107760
2024-09-23 00:00:00,108140
2024-09-20 00:00:00,108020
2024-09-19 00:00:00,102220
2024-09-18 00:00:00,103800
2024-09-17 00:00:00,103440
2024-09-16 00:00:00,102560
2024-09-13 00:00:00,102570
2024-09-12 00:00:00,104000
2024-09-11 00:00:00,104570
2024-09-10 00:00:00,102760
2024-09-09 00:00:00,101800
2024-09-06 00:00:00,101880
2024-09-05 00:00:00,101360
2024-09-04 00:00:00,102570
2024-09-03 00:00:00,103820
2024-09-02 00:00:00,102380
2024-08-30 00:00:00,101590
2024-08-29 00:00:00,104340
2024-08-28 00:00:00,104550
2024-08-27 00:00:00,105000
2024-08-26 00:00:00,105590
2024-08-23 00:00:00,105070
2024-08-22 00:00:00,103500
2024-08-21 00:00:00,104150
2024-08-20 00:00:00,104030
2024-08-19 00:00:00,104580
2024-08-16 00:00:00,105570
2024-08-15 00:00:00,106690
2024-08-14 00:00:00,110340
2024-08-13 00:00:00,107780
2024-08-12 00:00:00,107840
2024-08-09 00:00:00,107870
2024-08-08 00:00:00,105250
2024-08-07 00:00:00,105980
2024-08-06 00:00:00,109190
2024-08-05 00:00:00,109910
2024-08-02 00:00:00,105790
2024-08-01 00:00:00,107230
2024-07-31 00:00:00,105880
2024-07-30 00:00:00,105000
2024-07-29 00:00:00,105000
2024-07-26 00:00:00,105000
2024-07-25 00:00:00,105000
2024-07-24 00:00:00,105000
2024-07-23 00:00:00,105000
2024-07-22 00:00:00,105000
2024-07-19 00:00:00,105000
2024-07-18 00:00:00,105000
2024-07-17 00:00:00,105000
2024-07-16 00:00:00,105000
2024-07-15 00:00:00,105000
2024-07-12 00:00:00,105000
2024-07-11 00:00:00,104310
2024-07-10 00:00:00,103930
2024-07-09 00:00:00,103890
2024-07-08 00:00:00,104190
2024-07-05 00:00:00,103850
2024-07-04 00:00:00,104120
2024-07-03 00:00:00,103920
2024-07-02 00:00:00,105360
2024-07-01 00:00:00,104330
2024-06-28 00:00:00,105650
2024-06-27 00:00:00,105680
2024-06-26 00:00:00,104170
2024-06-25 00:00:00,103720
2024-06-24 00:00:00,106380
2024-06-21 00:00:00,109620
2024-06-20 00:00:00,109750
2024-06-19 00:00:00,110050
2024-06-18 00:00:00,107850
2024-06-17 00:00:00,108680
2024-06-14 00:00:00,105930
2024-06-13 00:00:00,103240
2024-06-12 00:00:00,103340
2024-06-11 00:00:00,104290
2024-06-10 00:00:00,102830
2024-06-07 00:00:00,97420
2024-06-06 00:00:00,99420
2024-06-05 00:00:00,99440
2024-06-04 00:00:00,99890
2024-06-03 00:00:00,99270
2024-05-31 00:00:00,99000
2024-05-30 00:00:00,98010
2024-05-29 00:00:00,99160
2024-05-28 00:00:00,99450
2024-05-27 00:00:00,100760
2024-05-24 00:00:00,101320
2024-05-23 00:00:00,100080
2024-05-22 00:00:00,100410
2024-05-21 00:00:00,100320
2024-05-20 00:00:00,101360
2024-05-17 00:00:00,102930
2024-05-16 00:00:00,99840
2024-05-15 00:00:00,103600
2024-05-14 00:00:00,104260
2024-05-13 00:00:00,104780
2024-05-10 00:00:00,102650
2024-05-09 00:00:00,103870
2024-05-08 00:00:00,104550
2024-05-07 00:00:00,104230
2024-05-06 00:00:00,105110
2024-05-03 00:00:00,104820
2024-05-02 00:00:00,103950
2024-05-01 00:00:00,106600
2024-04-30 00:00:00,107600
2024-04-29 00:00:00,108170
2024-04-26 00:00:00,107760
2024-04-25 00:00:00,105790
2024-04-24 00:00:00,105190
2024-04-23 00:00:00,105810
2024-04-22 00:00:00,106940
2024-04-19 00:00:00,103290
2024-04-18 00:00:00,106790
2024-04-17 00:00:00,110480
2024-04-16 00:00:00,106640
2024-04-15 00:00:00,103360
2024-04-12 00:00:00,103360
2024-04-11 00:00:00,102720
2024-04-10 00:00:00,103330
2024-04-09 00:00:00,102570
2024-04-08 00:00:00,103080
2024-04-05 00:00:00,103280
2024-04-04 00:00:00,105620
2024-04-03 00:00:00,105600
2024-04-02 00:00:00,103310
2024-04-01 00:00:00,106850
2024-03-29 00:00:00,106710
2024-03-28 00:00:00,106370
2024-03-27 00:00:00,105560
2024-03-26 00:00:00,103120
2024-03-25 00:00:00,103480
2024-03-22 00:00:00,103020
2024-03-21 00:00:00,103600
2024-03-20 00:00:00,105970
2024-03-19 00:00:00,95000
2024-03-18 00:00:00,95000
2024-03-15 00:00:00,95760
2024-03-14 00:00:00,95780
2024-03-13 00:00:00,96050
2024-03-12 00:00:00,98630
2024-03-11 00:00:00,99850
2024-03-08 00:00:00,100300
2024-03-07 00:00:00,100000
2024-03-06 00:00:00,102790
2024-03-05 00:00:00,97600
2024-03-04 00:00:00,96460
2024-03-01 00:00:00,98210
2024-02-29 00:00:00,100640
2024-02-28 00:00:00,97210
2024-02-27 00:00:00,101420
2024-02-26 00:00:00,103140
2024-02-23 00:00:00,103570
2024-02-22 00:00:00,102450
2024-02-21 00:00:00,104190
2024-02-20 00:00:00,103110
2024-02-19 00:00:00,105380
2024-02-16 00:00:00,105720
2024-02-15 00:00:00,108710
2024-02-14 00:00:00,105550
2024-02-13 00:00:00,108320
2024-02-12 00:00:00,107000
2024-02-09 00:00:00,107760
2024-02-08 00:00:00,103700
2024-02-07 00:00:00,102270
2024-02-06 00:00:00,104510
2024-02-05 00:00:00,103440
2024-02-02 00:00:00,103750
2024-02-01 00:00:00,103900
2024-01-31 00:00:00,103210
2024-01-30 00:00:00,101530
2024-01-29 00:00:00,104280
2024-01-26 00:00:00,104540
2024-01-25 00:00:00,102650
2024-01-24 00:00:00,102750
2024-01-23 00:00:00,106520
2024-01-22 00:00:00,105360
2024-01-19 00:00:00,104650
2024-01-18 00:00:00,104780
2024-01-17 00:00:00,106510
2024-01-16 00:00:00,105810
2024-01-15 00:00:00,106140
2024-01-12 00:00:00,105800
2024-01-11 00:00:00,106630
2024-01-10 00:00:00,106150
2024-01-09 00:00:00,104700
2024-01-08 00:00:00,103630
2024-01-05 00:00:00,96590
2024-01-04 00:00:00,93630
2024-01-03 00:00:00,92670
2024-01-02 00:00:00,97710
2024-01-01 00:00:00,99430
2023-12-29 00:00:00,99610
2023-12-28 00:00:00,94000
2023-12-27 00:00:00,102610
2023-12-26 00:00:00,103230
2023-12-25 00:00:00,103010
2023-12-22 00:00:00,103260
2023-12-21 00:00:00,97160
2023-12-20 00:00:00,97300
2023-12-19 00:00:00,91680
2023-12-18 00:00:00,93830
2023-12-15 00:00:00,96210
2023-12-14 00:00:00,104860
2023-12-13 00:00:00,108020
2023-12-12 00:00:00,110070
2023-12-11 00:00:00,108750
2023-12-08 00:00:00,109290
2023-12-07 00:00:00,110710
2023-12-06 00:00:00,110660
2023-12-05 00:00:00,108790
2023-12-04 00:00:00,108830
2023-12-01 00:00:00,112000
2023-11-30 00:00:00,112260
2023-11-29 00:00:00,110760
2023-11-28 00:00:00,112910
2023-11-27 00:00:00,112260
2023-11-24 00:00:00,111440
2023-11-23 00:00:00,112980
2023-11-22 00:00:00,114100
2023-11-21 00:00:00,115790
2023-11-20 00:00:00,116510
2023-11-17 00:00:00,115300
2023-11-16 00:00:00,113710
2023-11-15 00:00:00,115290
2023-11-14 00:00:00,116520
2023-11-13 00:00:00,115180
2023-11-10 00:00:00,115040
2023-11-09 00:00:00,115550
2023-11-08 00:00:00,114280
2023-11-07 00:00:00,114970
2023-11-06 00:00:00,114520
2023-11-03 00:00:00,114970
2023-11-02 00:00:00,116760
2023-11-01 00:00:00,120610
2023-10-31 00:00:00,119680
2023-10-30 00:00:00,117810
2023-10-27 00:00:00,116780
2023-10-26 00:00:00,118270
2023-10-25 00:00:00,120940
2023-10-24 00:00:00,119330
2023-10-23 00:00:00,122150
2023-10-20 00:00:00,122360
2023-10-19 00:00:00,119290
2023-10-18 00:00:00,120720
2023-10-17 00:00:00,120990
2023-10-16 00:00:00,121320
2023-10-13 00:00:00,122530
2023-10-12 00:00:00,119530
2023-10-11 00:00:00,121450
2023-10-10 00:00:00,120260
2023-10-09 00:00:00,118720
2023-10-06 00:00:00,123530
2023-10-05 00:00:00,121710
2023-10-04 00:00:00,120010
2023-10-03 00:00:00,118590
2023-10-02 00:00:00,118640
2023-09-29 00:00:00,117660
2023-09-28 00:00:00,118480
2023-09-27 00:00:00,116800
2023-09-26 00:00:00,117360
2023-09-25 00:00:00,118540
2023-09-22 00:00:00,118290
2023-09-21 00:00:00,117520
2023-09-20 00:00:00,115550
2023-09-19 00:00:00,106490
2023-09-18 00:00:00,107900
2023-09-15 00:00:00,109590
2023-09-14 00:00:00,108330
2023-09-13 00:00:00,109790
2023-09-12 00:00:00,110490
2023-09-11 00:00:00,110660
2023-09-08 00:00:00,105800
2023-09-07 00:00:00,110790
2023-09-06 00:00:00,110800
2023-09-05 00:00:00,111150
2023-09-04 00:00:00,111780
2023-09-01 00:00:00,111070
2023-08-31 00:00:00,108940
2023-08-30 00:00:00,109690
2023-08-29 00:00:00,109180
2023-08-28 00:00:00,110450
2023-08-25 00:00:00,110450
2023-08-24 00:00:00,110520
2023-08-23 00:00:00,111540
2023-08-22 00:00:00,111170
2023-08-21 00:00:00,113350
2023-08-18 00:00:00,112250
2023-08-17 00:00:00,110410
2023-08-16 00:00:00,110740
2023-08-15 00:00:00,110980
2023-08-14 00:00:00,112300
2023-08-11 00:00:00,111940
2023-08-10 00:00:00,121630
2023-08-09 00:00:00,127680
2023-08-08 00:00:00,128920
2023-08-07 00:00:00,128550
2023-08-04 00:00:00,127790
2023-08-03 00:00:00,129020
2023-08-02 00:00:00,130290
2023-08-01 00:00:00,128470
2023-07-31 00:00:00,129490
2023-07-28 00:00:00,128340
2023-07-27 00:00:00,128240
2023-07-26 00:00:00,134110
2023-07-25 00:00:00,133610
2023-07-24 00:00:00,135180
2023-07-21 00:00:00,137620
2023-07-20 00:00:00,136400
2023-07-19 00:00:00,138470
2023-07-18 00:00:00,143570
2023-07-17 00:00:00,142680
2023-07-14 00:00:00,144170
2023-07-13 00:00:00,141340
2023-07-12 00:00:00,143190
2023-07-11 00:00:00,154250
2023-07-10 00:00:00,160370
2023-07-07 00:00:00,160050
2023-07-06 00:00:00,161000
2023-07-05 00:00:00,157220
2023-07-04 00:00:00,164130
2023-07-03 00:00:00,155890
2023-06-30 00:00:00,157680
2023-06-29 00:00:00,161040
2023-06-28 00:00:00,159800
2023-06-27 00:00:00,160910
2023-06-26 00:00:00,163030
2023-06-23 00:00:00,164130
2023-06-22 00:00:00,163450
2023-06-21 00:00:00,164450
2023-06-20 00:00:00,163710
2023-06-19 00:00:00,164550
2023-06-16 00:00:00,161510
2023-06-15 00:00:00,163310
2023-06-14 00:00:00,163690
2023-06-13 00:00:00,164310
2023-06-12 00:00:00,163120
2023-06-09 00:00:00,161020
2023-06-08 00:00:00,163340
2023-06-07 00:00:00,163360
2023-06-06 00:00:00,164340
2023-06-05 00:00:00,163550
2023-06-02 00:00:00,163030
2023-06-01 00:00:00,165700
2023-05-31 00:00:00,165690
2023-05-30 00:00:00,165590
2023-05-29 00:00:00,164310
2023-05-26 00:00:00,165650
2023-05-25 00:00:00,169870
2023-05-24 00:00:00,168410
2023-05-23 00:00:00,166990
2023-05-22 00:00:00,167990
2023-05-19 00:00:00,170620
2023-05-18 00:00:00,173410
2023-05-17 00:00:00,179060
2023-05-16 00:00:00,178890
2023-05-15 00:00:00,175390
2023-05-12 00:00:00,179970
2023-05-11 00:00:00,180710
2023-05-10 00:00:00,176770
2023-05-09 00:00:00,176720
2023-05-08 00:00:00,174770
2023-05-05 00:00:00,174980
2023-05-04 00:00:00,180350
2023-05-03 00:00:00,176530
2023-05-02 00:00:00,173570
2023-05-01 00:00:00,172320
2023-04-28 00:00:00,171610
2023-04-27 00:00:00,173160
2023-04-26 00:00:00,171930
2023-04-25 00:00:00,170000
2023-04-24 00:00:00,170000
2023-04-21 00:00:00,170000
2023-04-20 00:00:00,170000
2023-04-19 00:00:00,167610
2023-04-18 00:00:00,166820
2023-04-17 00:00:00,164940
2023-04-14 00:00:00,164030
2023-04-13 00:00:00,163180
2023-04-12 00:00:00,165900
2023-04-11 00:00:00,170000
2023-04-10 00:00:00,167150
2023-04-07 00:00:00,166300
2023-04-06 00:00:00,166620
2023-04-05 00:00:00,159630
2023-04-04 00:00:00,149020
2023-04-03 00:00:00,152400
2023-03-31 00:00:00,132470
2023-03-30 00:00:00,109980
2023-03-29 00:00:00,112830
2023-03-28 00:00:00,113720
2023-03-27 00:00:00,107380
2023-03-24 00:00:00,107570
2023-03-23 00:00:00,106100
2023-03-22 00:00:00,103590
2023-03-21 00:00:00,103620
2023-03-20 00:00:00,109020
2023-03-17 00:00:00,106380
2023-03-16 00:00:00,112310
2023-03-15 00:00:00,111590
2023-03-14 00:00:00,109900
2023-03-13 00:00:00,109910
2023-03-10 00:00:00,109080
2023-03-09 00:00:00,108440
2023-03-08 00:00:00,112040
2023-03-07 00:00:00,108100
2023-03-06 00:00:00,110260
2023-03-03 00:00:00,112150
2023-03-02 00:00:00,107720
2023-03-01 00:00:00,110180
2023-02-28 00:00:00,110970
2023-02-27 00:00:00,113060
2023-02-24 00:00:00,116690
2023-02-23 00:00:00,117100
2023-02-22 00:00:00,119880
2023-02-21 00:00:00,121060
2023-02-20 00:00:00,119740
2023-02-17 00:00:00,123570
2023-02-16 00:00:00,123590
2023-02-15 00:00:00,122280
2023-02-14 00:00:00,122010
2023-02-13 00:00:00,121370
2023-02-10 00:00:00,122940
2023-02-09 00:00:00,121550
2023-02-08 00:00:00,121590
2023-02-07 00:00:00,122070
2023-02-06 00:00:00,119150
2023-02-03 00:00:00,120490
2023-02-02 00:00:00,121580
2023-02-01 00:00:00,125500
2023-01-31 00:00:00,124740
2023-01-30 00:00:00,122800
2023-01-27 00:00:00,124200
2023-01-26 00:00:00,122440
2023-01-25 00:00:00,124310
2023-01-24 00:00:00,122760
2023-01-23 00:00:00,124760
2023-01-20 00:00:00,121210
2023-01-19 00:00:00,127010
2023-01-18 00:00:00,125850
2023-01-17 00:00:00,124070
2023-01-16 00:00:00,127120
2023-01-13 00:00:00,126810
2023-01-12 00:00:00,122610
2023-01-11 00:00:00,122500
2023-01-10 00:00:00,123810
2023-01-09 00:00:00,125420
2023-01-06 00:00:00,128350
2023-01-05 00:00:00,130480
2023-01-04 00:00:00,131600
2023-01-03 00:00:00,131670
2023-01-02 00:00:00,131590
2022-12-30 00:00:00,132320
2022-12-29 00:00:00,132970
2022-12-28 00:00:00,131990
2022-12-27 00:00:00,131930
2022-12-26 00:00:00,131660
2022-12-23 00:00:00,131860
2022-12-22 00:00:00,132620
2022-12-21 00:00:00,131150
2022-12-20 00:00:00,133150
2022-12-19 00:00:00,132530
2022-12-16 00:00:00,130090
2022-12-15 00:00:00,126910
2022-12-14 00:00:00,128100
2022-12-13 00:00:00,126320
2022-12-12 00:00:00,127670
2022-12-09 00:00:00,127600
2022-12-08 00:00:00,128700
2022-12-07 00:00:00,126330
2022-12-06 00:00:00,127830
2022-12-05 00:00:00,127870
2022-12-02 00:00:00,126570
2022-12-01 00:00:00,127430
2022-11-30 00:00:00,127970
2022-11-29 00:00:00,127590
2022-11-28 00:00:00,126820
2022-11-25 00:00:00,127870
2022-11-24 00:00:00,128800
2022-11-23 00:00:00,128180
2022-11-22 00:00:00,129110
2022-11-21 00:00:00,129300
2022-11-18 00:00:00,129250
2022-11-17 00:00:00,129130
2022-11-16 00:00:00,129510
2022-11-15 00:00:00,129510
2022-11-14 00:00:00,132520
2022-11-11 00:00:00,132210
2022-11-10 00:00:00,139520
2022-11-09 00:00:00,139330
2022-11-08 00:00:00,139190
2022-11-07 00:00:00,139090
2022-11-04 00:00:00,138940
2022-11-03 00:00:00,139200
2022-11-02 00:00:00,139280
2022-11-01 00:00:00,139100
2022-10-31 00:00:00,138980
2022-10-28 00:00:00,139670
2022-10-27 00:00:00,139300
2022-10-26 00:00:00,139480
2022-10-25 00:00:00,139440
2022-10-24 00:00:00,139400
2022-10-21 00:00:00,139200
2022-10-20 00:00:00,139130
2022-10-19 00:00:00,135430
2022-10-18 00:00:00,133370
2022-10-17 00:00:00,135020
2022-10-14 00:00:00,133990
2022-10-13 00:00:00,137470
2022-10-12 00:00:00,133230
2022-10-11 00:00:00,137450
2022-10-10 00:00:00,138170
2022-10-07 00:00:00,138140
2022-10-06 00:00:00,138130
2022-10-05 00:00:00,138720
2022-10-04 00:00:00,138910
2022-10-03 00:00:00,138690
2022-09-30 00:00:00,138610
2022-09-29 00:00:00,138650
2022-09-28 00:00:00,133870
2022-09-27 00:00:00,135000
2022-09-26 00:00:00,125620
2022-09-23 00:00:00,125550
2022-09-22 00:00:00,125740
2022-09-21 00:00:00,125580
2022-09-20 00:00:00,129310
2022-09-19 00:00:00,126490
2022-09-16 00:00:00,127310
2022-09-15 00:00:00,127110
2022-09-14 00:00:00,128170
2022-09-13 00:00:00,128550
2022-09-12 00:00:00,127400
2022-09-09 00:00:00,128720
2022-09-08 00:00:00,126340
2022-09-07 00:00:00,127890
2022-09-06 00:00:00,127620
2022-09-05 00:00:00,127560
2022-09-02 00:00:00,127700
2022-09-01 00:00:00,127060
2022-08-31 00:00:00,127170
2022-08-30 00:00:00,125640
2022-08-29 00:00:00,123040
2022-08-26 00:00:00,125660
2022-08-25 00:00:00,125730
2022-08-24 00:00:00,125540
2022-08-23 00:00:00,124600
2022-08-22 00:00:00,123600
2022-08-19 00:00:00,121590
2022-08-18 00:00:00,123640
2022-08-17 00:00:00,123380
2022-08-16 00:00:00,123290
2022-08-15 00:00:00,124850
2022-08-12 00:00:00,119910
2022-08-11 00:00:00,120050
2022-08-10 00:00:00,123570
2022-08-09 00:00:00,125110
2022-08-08 00:00:00,121060
2022-08-05 00:00:00,122500
2022-08-04 00:00:00,126290
2022-08-03 00:00:00,130620
2022-08-02 00:00:00,126440
2022-08-01 00:00:00,129980
2022-07-29 00:00:00,125860
2022-07-28 00:00:00,128850
2022-07-27 00:00:00,129130
2022-07-26 00:00:00,127850
2022-07-25 00:00:00,129750
2022-07-22 00:00:00,126190
2022-07-21 00:00:00,128220
2022-07-20 00:00:00,128970
2022-07-19 00:00:00,132040
2022-07-18 00:00:00,132030
2022-07-15 00:00:00,132360
2022-07-14 00:00:00,132820
2022-07-13 00:00:00,128840
2022-07-12 00:00:00,129970
2022-07-11 00:00:00,132320
2022-07-08 00:00:00,130300
2022-07-07 00:00:00,129780
2022-07-06 00:00:00,132430
2022-07-05 00:00:00,126570
2022-07-04 00:00:00,111350
2022-07-01 00:00:00,111740
2022-06-30 00:00:00,106930
2022-06-29 00:00:00,106610
2022-06-28 00:00:00,106660
2022-06-27 00:00:00,106740
2022-06-24 00:00:00,103860
2022-06-23 00:00:00,98300
2022-06-22 00:00:00,98160
2022-06-21 00:00:00,98160
2022-06-20 00:00:00,98380
2022-06-17 00:00:00,98070
2022-06-16 00:00:00,98300
2022-06-15 00:00:00,97970
2022-06-14 00:00:00,97830
2022-06-13 00:00:00,99200
2022-06-10 00:00:00,101320
2022-06-09 00:00:00,100240
2022-06-08 00:00:00,101910
2022-06-07 00:00:00,102560
2022-06-06 00:00:00,101280
2022-06-03 00:00:00,99860
2022-06-02 00:00:00,99960
2022-06-01 00:00:00,103550
2022-05-31 00:00:00,96910
2022-05-30 00:00:00,101700
2022-05-27 00:00:00,103130
2022-05-26 00:00:00,102910
2022-05-25 00:00:00,101340
2022-05-24 00:00:00,101200
2022-05-23 00:00:00,102600
2022-05-20 00:00:00,100920
2022-05-19 00:00:00,101430
2022-05-18 00:00:00,97340
2022-05-17 00:00:00,97430
2022-05-16 00:00:00,97260
2022-05-13 00:00:00,98590
2022-05-12 00:00:00,95420
2022-05-11 00:00:00,94450
2022-05-10 00:00:00,95690
2022-05-09 00:00:00,97090
2022-05-06 00:00:00,93630
2022-05-05 00:00:00,88760
2022-05-04 00:00:00,88630
2022-05-03 00:00:00,89060
2022-05-02 00:00:00,87990
2022-04-29 00:00:00,89090
2022-04-28 00:00:00,89330
2022-04-27 00:00:00,88740
2022-04-26 00:00:00,83300
2022-04-25 00:00:00,84270
2022-04-22 00:00:00,85330
2022-04-21 00:00:00,87430
2022-04-20 00:00:00,75920
2022-04-19 00:00:00,74460
2022-04-18 00:00:00,75940
2022-04-15 00:00:00,74460
2022-04-14 00:00:00,75950
2022-04-13 00:00:00,74460
2022-04-12 00:00:00,74730
2022-04-11 00:00:00,87110
2022-04-08 00:00:00,87470
2022-04-07 00:00:00,77160
2022-04-06 00:00:00,77680
2022-04-05 00:00:00,77200
2022-04-04 00:00:00,77760
2022-04-01 00:00:00,77150
2022-03-31 00:00:00,77630
2022-03-30 00:00:00,81990
2022-03-29 00:00:00,82010
2022-03-28 00:00:00,84730
2022-03-25 00:00:00,83760
2022-03-24 00:00:00,85520
2022-03-23 00:00:00,84840
2022-03-22 00:00:00,84620
2022-03-21 00:00:00,85460
2022-03-18 00:00:00,82070
2022-03-17 00:00:00,82610
2022-03-16 00:00:00,81880
2022-03-15 00:00:00,81960
2022-03-14 00:00:00,79040
2022-03-11 00:00:00,80210
2022-03-10 00:00:00,82570
2022-03-09 00:00:00,82450
2022-03-08 00:00:00,82860
2022-03-07 00:00:00,88290
2022-03-04 00:00:00,74600
2022-03-03 00:00:00,72510
2022-03-02 00:00:00,71880
2022-03-01 00:00:00,73580
2022-02-28 00:00:00,71720
2022-02-25 00:00:00,69360
2022-02-24 00:00:00,69130
2022-02-23 00:00:00,66950
2022-02-22 00:00:00,68000
2022-02-21 00:00:00,66580
2022-02-18 00:00:00,68640
2022-02-17 00:00:00,66560
2022-02-16 00:00:00,66450
2022-02-15 00:00:00,67720
2022-02-14 00:00:00,66500
2022-02-11 00:00:00,66320
2022-02-10 00:00:00,66840
2022-02-09 00:00:00,66930
2022-02-08 00:00:00,66360
2022-02-07 00:00:00,65380
2022-02-04 00:00:00,65000
2022-02-03 00:00:00,65000
2022-02-02 00:00:00,65000
2022-02-01 00:00:00,65000
2022-01-31 00:00:00,65000
2022-01-28 00:00:00,65000
2022-01-27 00:00:00,65000
2022-01-26 00:00:00,65000
2022-01-25 00:00:00,65000
2022-01-24 00:00:00,65000
2022-01-21 00:00:00,65000
2022-01-20 00:00:00,65000
2022-01-19 00:00:00,65000
2022-01-18 00:00:00,63980
2022-01-17 00:00:00,64220
2022-01-14 00:00:00,64400
2022-01-13 00:00:00,64110
2022-01-12 00:00:00,64110
2022-01-11 00:00:00,64130
2022-01-10 00:00:00,63610
2022-01-07 00:00:00,64830
2022-01-06 00:00:00,63970
2022-01-05 00:00:00,63920
2022-01-04 00:00:00,63620
2022-01-03 00:00:00,64310
2021-12-31 00:00:00,63740
2021-12-30 00:00:00,64610
2021-12-29 00:00:00,64700
2021-12-28 00:00:00,66020
2021-12-27 00:00:00,66040
2021-12-24 00:00:00,66000
2021-12-23 00:00:00,64650
2021-12-22 00:00:00,64150
2021-12-21 00:00:00,63160
2021-12-20 00:00:00,63810
2021-12-17 00:00:00,64120
2021-12-16 00:00:00,63950
2021-12-15 00:00:00,64180
2021-12-14 00:00:00,63760
2021-12-13 00:00:00,64090
2021-12-10 00:00:00,64130
2021-12-09 00:00:00,64770
2021-12-08 00:00:00,64220
2021-12-07 00:00:00,64030
2021-12-06 00:00:00,64070
2021-12-03 00:00:00,64350
2021-12-02 00:00:00,63970
2021-12-01 00:00:00,64310
2021-11-30 00:00:00,63660
2021-11-29 00:00:00,64160
2021-11-26 00:00:00,64230
2021-11-25 00:00:00,64260
2021-11-24 00:00:00,64180
2021-11-23 00:00:00,64190
2021-11-22 00:00:00,64170
2021-11-19 00:00:00,63860
2021-11-18 00:00:00,63730
2021-11-17 00:00:00,64050
2021-11-16 00:00:00,63330
2021-11-15 00:00:00,64160
2021-11-12 00:00:00,63520
2021-11-11 00:00:00,64270
2021-11-10 00:00:00,64300
2021-11-09 00:00:00,64090
2021-11-08 00:00:00,64100
2021-11-05 00:00:00,64000
2021-11-04 00:00:00,63960
2021-11-03 00:00:00,63700
2021-11-02 00:00:00,63380
2021-11-01 00:00:00,64480
2021-10-29 00:00:00,63710
2021-10-28 00:00:00,63040
2021-10-27 00:00:00,63760
2021-10-26 00:00:00,63610
2021-10-25 00:00:00,63470
2021-10-22 00:00:00,60470
2021-10-21 00:00:00,62130
2021-10-20 00:00:00,62040
2021-10-19 00:00:00,62020
2021-10-18 00:00:00,62070
2021-10-15 00:00:00,62660
2021-10-14 00:00:00,62900
2021-10-13 00:00:00,64070
2021-10-12 00:00:00,63910
2021-10-11 00:00:00,64110
2021-10-08 00:00:00,63680
2021-10-07 00:00:00,64140
2021-10-06 00:00:00,62840
2021-10-05 00:00:00,63140
2021-10-04 00:00:00,63270
2021-10-01 00:00:00,63300
2021-09-30 00:00:00,63430
2021-09-29 00:00:00,63550
2021-09-28 00:00:00,65990
2021-09-27 00:00:00,65100
2021-09-24 00:00:00,63720
2021-09-23 00:00:00,63300
2021-09-22 00:00:00,63410
2021-09-21 00:00:00,63500
2021-09-20 00:00:00,63350
2021-09-17 00:00:00,58400
2021-09-16 00:00:00,58540
2021-09-15 00:00:00,58460
2021-09-14 00:00:00,58620
2021-09-13 00:00:00,58250
2021-09-10 00:00:00,58520
2021-09-09 00:00:00,58420
2021-09-08 00:00:00,58590
2021-09-07 00:00:00,58410
2021-09-06 00:00:00,61800
2021-09-03 00:00:00,62450
2021-09-02 00:00:00,62010
2021-09-01 00:00:00,62390
2021-08-31 00:00:00,61910
2021-08-30 00:00:00,63890
2021-08-27 00:00:00,61990
2021-08-26 00:00:00,62170
2021-08-25 00:00:00,62160
2021-08-24 00:00:00,62110
2021-08-23 00:00:00,62180
2021-08-20 00:00:00,62330
2021-08-19 00:00:00,61730
2021-08-18 00:00:00,62870
2021-08-17 00:00:00,65430
2021-08-16 00:00:00,62760
2021-08-13 00:00:00,62820
2021-08-12 00:00:00,62850
2021-08-11 00:00:00,62810
2021-08-10 00:00:00,62340
2021-08-09 00:00:00,64070
2021-08-06 00:00:00,61990
2021-08-05 00:00:00,61680
2021-08-04 00:00:00,60470
2021-08-03 00:00:00,60730
2021-08-02 00:00:00,61730
2021-07-30 00:00:00,61270
2021-07-29 00:00:00,61930
2021-07-28 00:00:00,62010
2021-07-27 00:00:00,62970
2021-07-26 00:00:00,62980
2021-07-23 00:00:00,64680
2021-07-22 00:00:00,64660
2021-07-21 00:00:00,64680
2021-07-20 00:00:00,64680
2021-07-19 00:00:00,64090
2021-07-16 00:00:00,64660
2021-07-15 00:00:00,64650
2021-07-14 00:00:00,63810
2021-07-13 00:00:00,61590
2021-07-12 00:00:00,60930
2021-07-09 00:00:00,65810
2021-07-08 00:00:00,66690
2021-07-07 00:00:00,65810
2021-07-06 00:00:00,62240
2021-07-05 00:00:00,61780
2021-07-02 00:00:00,61080
2021-07-01 00:00:00,62080
2021-06-30 00:00:00,61890
2021-06-29 00:00:00,60610
2021-06-28 00:00:00,61440
2021-06-25 00:00:00,61700
2021-06-24 00:00:00,61720
2021-06-23 00:00:00,62260
2021-06-22 00:00:00,60870
2021-06-21 00:00:00,62200
2021-06-18 00:00:00,63070
2021-06-17 00:00:00,63430
2021-06-16 00:00:00,63320
2021-06-15 00:00:00,63500
2021-06-14 00:00:00,62630
2021-06-11 00:00:00,63390
2021-06-10 00:00:00,61590
2021-06-09 00:00:00,63320
2021-06-08 00:00:00,64600
2021-06-07 00:00:00,61360
2021-06-04 00:00:00,62550
2021-06-03 00:00:00,62100
2021-06-02 00:00:00,62330
2021-06-01 00:00:00,61990
2021-05-31 00:00:00,61990
2021-05-28 00:00:00,63090
2021-05-27 00:00:00,62640
2021-05-26 00:00:00,63060
2021-05-25 00:00:00,63300
2021-05-24 00:00:00,64240
2021-05-21 00:00:00,63390
2021-05-20 00:00:00,62010
2021-05-19 00:00:00,59550
2021-05-18 00:00:00,57800
2021-05-17 00:00:00,55590
2021-05-14 00:00:00,55480
2021-05-13 00:00:00,55860
2021-05-12 00:00:00,55400
2021-05-11 00:00:00,55000
2021-05-10 00:00:00,55000
2021-05-07 00:00:00,55000
2021-05-06 00:00:00,55000
2021-05-05 00:00:00,55000
2021-05-04 00:00:00,55000
2021-05-03 00:00:00,57700
2021-04-30 00:00:00,55000
2021-04-29 00:00:00,55000
2021-04-28 00:00:00,55000
2021-04-27 00:00:00,55000
2021-04-26 00:00:00,55000
2021-04-23 00:00:00,55000
2021-04-22 00:00:00,55000
2021-04-21 00:00:00,55000
2021-04-20 00:00:00,55000
2021-04-19 00:00:00,55000
2021-04-16 00:00:00,55000
2021-04-15 00:00:00,55000
2021-04-14 00:00:00,55000
2021-04-13 00:00:00,55000
2021-04-12 00:00:00,55000
2021-04-09 00:00:00,55000
2021-04-08 00:00:00,55000
2021-04-07 00:00:00,55000
2021-04-06 00:00:00,56200
2021-04-05 00:00:00,59040
2021-04-02 00:00:00,58750
2021-04-01 00:00:00,58810
2021-03-31 00:00:00,58930
2021-03-30 00:00:00,58660
2021-03-29 00:00:00,59760
2021-03-26 00:00:00,55460
2021-03-25 00:00:00,55730
2021-03-24 00:00:00,55820
2021-03-23 00:00:00,56170
2021-03-22 00:00:00,56780
2021-03-19 00:00:00,55000
2021-03-18 00:00:00,55000
2021-03-17 00:00:00,55000
2021-03-16 00:00:00,55000
2021-03-15 00:00:00,55000
2021-03-12 00:00:00,55000
2021-03-11 00:00:00,55000
2021-03-10 00:00:00,55140
2021-03-09 00:00:00,56950
2021-03-08 00:00:00,56160
2021-03-05 00:00:00,56660
2021-03-04 00:00:00,58820
2021-03-03 00:00:00,56640
2021-03-02 00:00:00,57450
2021-03-01 00:00:00,57040
2021-02-26 00:00:00,56090
2021-02-25 00:00:00,55630
2021-02-24 00:00:00,57460
2021-02-23 00:00:00,56440
2021-02-22 00:00:00,56970
2021-02-19 00:00:00,57220
2021-02-18 00:00:00,56320
2021-02-17 00:00:00,56250
2021-02-16 00:00:00,56740
2021-02-15 00:00:00,58850
2021-02-12 00:00:00,61350
2021-02-11 00:00:00,57580
2021-02-10 00:00:00,58520
2021-02-09 00:00:00,58730
2021-02-08 00:00:00,59600
2021-02-05 00:00:00,59690
2021-02-04 00:00:00,61810
2021-02-03 00:00:00,61200
2021-02-02 00:00:00,61110
2021-02-01 00:00:00,60820
2021-01-29 00:00:00,64920
2021-01-28 00:00:00,58640
2021-01-27 00:00:00,59330
2021-01-26 00:00:00,58520
2021-01-25 00:00:00,59350
2021-01-22 00:00:00,60010
2021-01-21 00:00:00,59790
2021-01-20 00:00:00,58700
2021-01-19 00:00:00,58850
2021-01-18 00:00:00,63790
2021-01-15 00:00:00,63390
2021-01-14 00:00:00,59330
2021-01-13 00:00:00,61670
2021-01-12 00:00:00,59280
2021-01-11 00:00:00,60320
2021-01-08 00:00:00,61410
2021-01-07 00:00:00,60400
2021-01-06 00:00:00,60090
2021-01-05 00:00:00,67590
2021-01-04 00:00:00,66930
2021-01-01 00:00:00,67440
2020-12-31 00:00:00,67650
2020-12-30 00:00:00,67220
2020-12-29 00:00:00,68060
2020-12-28 00:00:00,66480
2020-12-25 00:00:00,66650
2020-12-24 00:00:00,66730
2020-12-23 00:00:00,66570
2020-12-22 00:00:00,67990
2020-12-21 00:00:00,67480
2020-12-18 00:00:00,65410
2020-12-17 00:00:00,64710
2020-12-16 00:00:00,64040
2020-12-15 00:00:00,58560
2020-12-14 00:00:00,59210
2020-12-11 00:00:00,57930
2020-12-10 00:00:00,57940
2020-12-09 00:00:00,59060
2020-12-08 00:00:00,58170
2020-12-07 00:00:00,59610
2020-12-04 00:00:00,59800
2020-12-03 00:00:00,59980
2020-12-02 00:00:00,59620
2020-12-01 00:00:00,60430
2020-11-30 00:00:00,61090
2020-11-27 00:00:00,60470
2020-11-26 00:00:00,63370
2020-11-25 00:00:00,63270
2020-11-24 00:00:00,63230
2020-11-23 00:00:00,64380
2020-11-20 00:00:00,64790
2020-11-19 00:00:00,64370
2020-11-18 00:00:00,64990
2020-11-17 00:00:00,64630
2020-11-16 00:00:00,65050
2020-11-13 00:00:00,65930
2020-11-12 00:00:00,65840
2020-11-11 00:00:00,64560
2020-11-10 00:00:00,64210
2020-11-09 00:00:00,61710
2020-11-06 00:00:00,64240
2020-11-05 00:00:00,65110
2020-11-04 00:00:00,67770
2020-11-03 00:00:00,70660
2020-11-02 00:00:00,66880
2020-10-30 00:00:00,65100
2020-10-29 00:00:00,63950
2020-10-28 00:00:00,65800
2020-10-27 00:00:00,61810
2020-10-26 00:00:00,60460
2020-10-23 00:00:00,60420
2020-10-22 00:00:00,60710
2020-10-21 00:00:00,60530
2020-10-20 00:00:00,60950
2020-10-19 00:00:00,60280
2020-10-16 00:00:00,60420
2020-10-15 00:00:00,61960
2020-10-14 00:00:00,60150
2020-10-13 00:00:00,60160
2020-10-12 00:00:00,60730
2020-10-09 00:00:00,60240
2020-10-08 00:00:00,64720
2020-10-07 00:00:00,65120
2020-10-06 00:00:00,60610
2020-10-05 00:00:00,61610
2020-10-02 00:00:00,60270
2020-10-01 00:00:00,61070
2020-09-30 00:00:00,65990
2020-09-29 00:00:00,65120
2020-09-28 00:00:00,63550
2020-09-25 00:00:00,66310
2020-09-24 00:00:00,64790
2020-09-23 00:00:00,64700
2020-09-22 00:00:00,65070
2020-09-21 00:00:00,64980
2020-09-18 00:00:00,55370
2020-09-17 00:00:00,55070
2020-09-16 00:00:00,57260
2020-09-15 00:00:00,56020
2020-09-14 00:00:00,56660
2020-09-11 00:00:00,57100
2020-09-10 00:00:00,59750
2020-09-09 00:00:00,59500
2020-09-08 00:00:00,58600
2020-09-07 00:00:00,55690
2020-09-04 00:00:00,57550
2020-09-03 00:00:00,57830
2020-09-02 00:00:00,58050
2020-09-01 00:00:00,60560
2020-08-31 00:00:00,59700
2020-08-28 00:00:00,59630
2020-08-27 00:00:00,60270
2020-08-26 00:00:00,60230
2020-08-25 00:00:00,60330
2020-08-24 00:00:00,60630
2020-08-21 00:00:00,66550
2020-08-20 00:00:00,67580
2020-08-19 00:00:00,65060
2020-08-18 00:00:00,63280
2020-08-17 00:00:00,63620
2020-08-14 00:00:00,60560
2020-08-13 00:00:00,97860
2020-08-12 00:00:00,100460
2020-08-11 00:00:00,103640
2020-08-10 00:00:00,101160
2020-08-07 00:00:00,99920
2020-08-06 00:00:00,101170
2020-08-05 00:00:00,100530
2020-08-04 00:00:00,102460
2020-08-03 00:00:00,103120
2020-07-31 00:00:00,81120
2020-07-30 00:00:00,88800
2020-07-29 00:00:00,74050
2020-07-28 00:00:00,66000
2020-07-27 00:00:00,65550
2020-07-24 00:00:00,79010
2020-07-23 00:00:00,65720
2020-07-22 00:00:00,83940
2020-07-21 00:00:00,87640
2020-07-20 00:00:00,79550
2020-07-17 00:00:00,76750
2020-07-16 00:00:00,77860
2020-07-15 00:00:00,75720
2020-07-14 00:00:00,82280
2020-07-13 00:00:00,72560
2020-07-10 00:00:00,77470
2020-07-09 00:00:00,85400
2020-07-08 00:00:00,77510
2020-07-07 00:00:00,82340
2020-07-06 00:00:00,81040
2020-07-03 00:00:00,84520
2020-07-02 00:00:00,83720
2020-07-01 00:00:00,91470
2020-06-30 00:00:00,105010
2020-06-29 00:00:00,98110
2020-06-26 00:00:00,99580
2020-06-25 00:00:00,97640
2020-06-24 00:00:00,98000
2020-06-23 00:00:00,90820
2020-06-22 00:00:00,94010
2020-06-19 00:00:00,81430
2020-06-18 00:00:00,93020
2020-06-17 00:00:00,91180
2020-06-16 00:00:00,93660
2020-06-15 00:00:00,93910
2020-06-12 00:00:00,99560
2020-06-11 00:00:00,119480
2020-06-10 00:00:00,100530
2020-06-09 00:00:00,94480
2020-06-08 00:00:00,93280
2020-06-05 00:00:00,89640
2020-06-04 00:00:00,119160
2020-06-03 00:00:00,125610
2020-06-02 00:00:00,106650
2020-06-01 00:00:00,115160
2020-05-29 00:00:00,115740
2020-05-28 00:00:00,110490
2020-05-27 00:00:00,124320
2020-05-26 00:00:00,132290
2020-05-25 00:00:00,135150
2020-05-22 00:00:00,135390
2020-05-21 00:00:00,135330
2020-05-20 00:00:00,142060
2020-05-19 00:00:00,142530
2020-05-18 00:00:00,146830
2020-05-15 00:00:00,144010
2020-05-14 00:00:00,151630
2020-05-13 00:00:00,146120
2020-05-12 00:00:00,144710
2020-05-11 00:00:00,145810
2020-05-08 00:00:00,149380
2020-05-07 00:00:00,148880
2020-05-06 00:00:00,153480
2020-05-05 00:00:00,150780
2020-05-04 00:00:00,153620
2020-05-01 00:00:00,152100
2020-04-30 00:00:00,148200
2020-04-29 00:00:00,146020
2020-04-28 00:00:00,140280
2020-04-27 00:00:00,143350
2020-04-24 00:00:00,144780
2020-04-23 00:00:00,153110
2020-04-22 00:00:00,157120
2020-04-21 00:00:00,141170
2020-04-20 00:00:00,157910
2020-04-17 00:00:00,142940
2020-04-16 00:00:00,147110
2020-04-15 00:00:00,135470
2020-04-14 00:00:00,133530
2020-04-13 00:00:00,130300
2020-04-10 00:00:00,130380
2020-04-09 00:00:00,129420
2020-04-08 00:00:00,135890
2020-04-07 00:00:00,135860
2020-04-06 00:00:00,149100
2020-04-03 00:00:00,152460
2020-04-02 00:00:00,180780
2020-04-01 00:00:00,134370
2020-03-31 00:00:00,134790
2020-03-30 00:00:00,138880
2020-03-27 00:00:00,133230
2020-03-26 00:00:00,122280
2020-03-25 00:00:00,136100
2020-03-24 00:00:00,149910
2020-03-23 00:00:00,142480
2020-03-20 00:00:00,173100
2020-03-19 00:00:00,161650
2020-03-18 00:00:00,166200
2020-03-17 00:00:00,160660
2020-03-16 00:00:00,189860
2020-03-13 00:00:00,172710
2020-03-12 00:00:00,160570
2020-03-11 00:00:00,138300
2020-03-10 00:00:00,122410
2020-03-09 00:00:00,100440
2020-03-06 00:00:00,100440
2020-03-05 00:00:00,100440
2020-03-04 00:00:00,78060
2020-03-03 00:00:00,76600
2020-03-02 00:00:00,71820
2020-02-28 00:00:00,71820
2020-02-27 00:00:00,71820
2020-02-26 00:00:00,71820
2020-02-25 00:00:00,71820
2020-02-24 00:00:00,71820
2020-02-21 00:00:00,71820
2020-02-20 00:00:00,71820
2020-02-19 00:00:00,60670
2020-02-18 00:00:00,60670
2020-02-17 00:00:00,60670
2020-02-14 00:00:00,60670
2020-02-13 00:00:00,67720
2020-02-12 00:00:00,70510
2020-02-11 00:00:00,70530
2020-02-10 00:00:00,63590
2020-02-07 00:00:00,69510
2020-02-06 00:00:00,70740
2020-02-05 00:00:00,67070
2020-02-04 00:00:00,70250
2020-02-03 00:00:00,73590
2020-01-31 00:00:00,72060
2020-01-30 00:00:00,68390
2020-01-29 00:00:00,74330
2020-01-28 00:00:00,77620
2020-01-27 00:00:00,66670
2020-01-24 00:00:00,69870
2020-01-23 00:00:00,74050
2020-01-22 00:00:00,73680
2020-01-21 00:00:00,76170
2020-01-20 00:00:00,74330
2020-01-17 00:00:00,68780
2020-01-16 00:00:00,65470
2020-01-15 00:00:00,73250
2020-01-14 00:00:00,68340
2020-01-13 00:00:00,71840
2020-01-10 00:00:00,65430
2020-01-09 00:00:00,75240
2020-01-08 00:00:00,66600
2020-01-07 00:00:00,69350
2020-01-06 00:00:00,72530
2020-01-03 00:00:00,72530
2020-01-02 00:00:00,73740
2020-01-01 00:00:00,75560
2019-12-31 00:00:00,75560
2019-12-30 00:00:00,75560
2019-12-27 00:00:00,75560
2019-12-26 00:00:00,75560
2019-12-25 00:00:00,75560
2019-12-24 00:00:00,75560
2019-12-23 00:00:00,75560
2019-12-20 00:00:00,75560
2019-12-19 00:00:00,75560
2019-12-18 00:00:00,75560
2019-12-17 00:00:00,75560
2019-12-16 00:00:00,75560
2019-12-13 00:00:00,75560
2019-12-12 00:00:00,75560
2019-12-11 00:00:00,75560
2019-12-10 00:00:00,75560
2019-12-09 00:00:00,79970
2019-12-06 00:00:00,76360
2019-12-05 00:00:00,70490
2019-12-04 00:00:00,75390
2019-12-03 00:00:00,73070
2019-12-02 00:00:00,76830
2019-11-29 00:00:00,77190
2019-11-28 00:00:00,77190
2019-11-27 00:00:00,77210
2019-11-26 00:00:00,77530
2019-11-25 00:00:00,70770
2019-11-22 00:00:00,76830
2019-11-21 00:00:00,77000
2019-11-20 00:00:00,72860
2019-11-19 00:00:00,75520
2019-11-18 00:00:00,73790
2019-11-15 00:00:00,73900
2019-11-14 00:00:00,72570
2019-11-13 00:00:00,75780
2019-11-12 00:00:00,73830
2019-11-11 00:00:00,71970
2019-11-08 00:00:00,73600
2019-11-07 00:00:00,74580
2019-11-06 00:00:00,72450
2019-11-05 00:00:00,75230
2019-11-04 00:00:00,78720
2019-11-01 00:00:00,75350
2019-10-31 00:00:00,79230
2019-10-30 00:00:00,75110
2019-10-29 00:00:00,75110
2019-10-28 00:00:00,75110
2019-10-25 00:00:00,75190
2019-10-24 00:00:00,75320
2019-10-23 00:00:00,77040
2019-10-22 00:00:00,77040
2019-10-21 00:00:00,78690
2019-10-18 00:00:00,76170
2019-10-17 00:00:00,78850
2019-10-16 00:00:00,78850
2019-10-15 00:00:00,78930
2019-10-14 00:00:00,83480
2019-10-11 00:00:00,82110
2019-10-10 00:00:00,81760
2019-10-09 00:00:00,81380
2019-10-08 00:00:00,80830
2019-10-07 00:00:00,80820
2019-10-04 00:00:00,88570
2019-10-03 00:00:00,85330
2019-10-02 00:00:00,88010
2019-10-01 00:00:00,80340
2019-09-30 00:00:00,79230
2019-09-27 00:00:00,80170
2019-09-26 00:00:00,80170
2019-09-25 00:00:00,81630
2019-09-24 00:00:00,81040
2019-09-23 00:00:00,81040
2019-09-20 00:00:00,79410
2019-09-19 00:00:00,80780
2019-09-18 00:00:00,76140
2019-09-17 00:00:00,75710
2019-09-16 00:00:00,76960
2019-09-13 00:00:00,77010
2019-09-12 00:00:00,76110
2019-09-11 00:00:00,79120
2019-09-10 00:00:00,80130
2019-09-09 00:00:00,75500
2019-09-06 00:00:00,78150
2019-09-05 00:00:00,78160
2019-09-04 00:00:00,78160
2019-09-03 00:00:00,79420
2019-09-02 00:00:00,77840
2019-08-30 00:00:00,76700
2019-08-29 00:00:00,79580
2019-08-28 00:00:00,78070
2019-08-27 00:00:00,79390
2019-08-26 00:00:00,77840
2019-08-23 00:00:00,77840
2019-08-22 00:00:00,82250
2019-08-21 00:00:00,79660
2019-08-20 00:00:00,79740
2019-08-19 00:00:00,81010
2019-08-16 00:00:00,76970
2019-08-15 00:00:00,76970
2019-08-14 00:00:00,76640
2019-08-13 00:00:00,77860
2019-08-12 00:00:00,77530
2019-08-09 00:00:00,75350
2019-08-08 00:00:00,77170
2019-08-07 00:00:00,75420
2019-08-06 00:00:00,75460
2019-08-05 00:00:00,78710
2019-08-02 00:00:00,75440
2019-08-01 00:00:00,75850
2019-07-31 00:00:00,75770
2019-07-30 00:00:00,80350
2019-07-29 00:00:00,84350
2019-07-26 00:00:00,85100
2019-07-25 00:00:00,85880
2019-07-24 00:00:00,83770
2019-07-23 00:00:00,85510
2019-07-22 00:00:00,88570
2019-07-19 00:00:00,87550
2019-07-18 00:00:00,86410
2019-07-17 00:00:00,87450
2019-07-16 00:00:00,84640
2019-07-15 00:00:00,87900
2019-07-12 00:00:00,88170
2019-07-11 00:00:00,88170
2019-07-10 00:00:00,88460
2019-07-09 00:00:00,85810
2019-07-08 00:00:00,85810
2019-07-05 00:00:00,85810
2019-07-04 00:00:00,87730
2019-07-03 00:00:00,85360
2019-07-02 00:00:00,84810
2019-07-01 00:00:00,88200
2019-06-28 00:00:00,85460
2019-06-27 00:00:00,91910
2019-06-26 00:00:00,100150
2019-06-25 00:00:00,97380
2019-06-24 00:00:00,105050
2019-06-21 00:00:00,100520
2019-06-20 00:00:00,96900
2019-06-19 00:00:00,98380
2019-06-18 00:00:00,101340
2019-06-17 00:00:00,103800
2019-06-14 00:00:00,99980
2019-06-13 00:00:00,98750
2019-06-12 00:00:00,109100
2019-06-11 00:00:00,101560
2019-06-10 00:00:00,105580
2019-06-07 00:00:00,104490
2019-06-06 00:00:00,105580
2019-06-05 00:00:00,106110
2019-06-04 00:00:00,106610
2019-06-03 00:00:00,104600
2019-05-31 00:00:00,105830
2019-05-30 00:00:00,102020
2019-05-29 00:00:00,109650
2019-05-28 00:00:00,106670
2019-05-27 00:00:00,106200
2019-05-24 00:00:00,106200
2019-05-23 00:00:00,106200
2019-05-22 00:00:00,104840
2019-05-21 00:00:00,102380
2019-05-20 00:00:00,104160
2019-05-17 00:00:00,104550
2019-05-16 00:00:00,101250
2019-05-15 00:00:00,107880
2019-05-14 00:00:00,109660
2019-05-13 00:00:00,107180
2019-05-10 00:00:00,107240
2019-05-09 00:00:00,109800
2019-05-08 00:00:00,109230
2019-05-07 00:00:00,102820
2019-05-06 00:00:00,107450
2019-05-03 00:00:00,107450
2019-05-02 00:00:00,97210
2019-05-01 00:00:00,102140
2019-04-30 00:00:00,104740
2019-04-29 00:00:00,108440
2019-04-26 00:00:00,104360
2019-04-25 00:00:00,105960
2019-04-24 00:00:00,104290
2019-04-23 00:00:00,106050
2019-04-22 00:00:00,108190
2019-04-19 00:00:00,108190
2019-04-18 00:00:00,108200
2019-04-17 00:00:00,106460
2019-04-16 00:00:00,109030
2019-04-15 00:00:00,98650
2019-04-12 00:00:00,101070
2019-04-11 00:00:00,103160
2019-04-10 00:00:00,103340
2019-04-09 00:00:00,114960
2019-04-08 00:00:00,114460
2019-04-05 00:00:00,112960
2019-04-04 00:00:00,119740
2019-04-03 00:00:00,119740
2019-04-02 00:00:00,119540
2019-04-01 00:00:00,124130
2019-03-29 00:00:00,109170
2019-03-28 00:00:00,109170
2019-03-27 00:00:00,106690
2019-03-26 00:00:00,105890
2019-03-25 00:00:00,106520
2019-03-22 00:00:00,106030
2019-03-21 00:00:00,105890
2019-03-20 00:00:00,103230
2019-03-19 00:00:00,97970
2019-03-18 00:00:00,98750
2019-03-15 00:00:00,96720
2019-03-14 00:00:00,97050
2019-03-13 00:00:00,111540
2019-03-12 00:00:00,111540
2019-03-11 00:00:00,124110
2019-03-08 00:00:00,124350
2019-03-07 00:00:00,124630
2019-03-06 00:00:00,127230
2019-03-05 00:00:00,124170
2019-03-04 00:00:00,125360
2019-03-01 00:00:00,114360
2019-02-28 00:00:00,116120
2019-02-27 00:00:00,115300
2019-02-26 00:00:00,117650
2019-02-25 00:00:00,117650
2019-02-22 00:00:00,117650
2019-02-21 00:00:00,115620
2019-02-20 00:00:00,112940
2019-02-19 00:00:00,112440
2019-02-18 00:00:00,112860
2019-02-15 00:00:00,115710
2019-02-14 00:00:00,115770
2019-02-13 00:00:00,116310
2019-02-12 00:00:00,117420
2019-02-11 00:00:00,117830
2019-02-08 00:00:00,112780
2019-02-07 00:00:00,116720
2019-02-06 00:00:00,115460
2019-02-05 00:00:00,115840
2019-02-04 00:00:00,116460
2019-02-01 00:00:00,111300
2019-01-31 00:00:00,117320
2019-01-30 00:00:00,118160
2019-01-29 00:00:00,119630
2019-01-28 00:00:00,118070
2019-01-25 00:00:00,119610
2019-01-24 00:00:00,117000
2019-01-23 00:00:00,117650
2019-01-22 00:00:00,114760
2019-01-21 00:00:00,115290
2019-01-18 00:00:00,123340
2019-01-17 00:00:00,120490
2019-01-16 00:00:00,118690
2019-01-15 00:00:00,125000
2019-01-14 00:00:00,124630
2019-01-11 00:00:00,119910
2019-01-10 00:00:00,118980
2019-01-09 00:00:00,120000
2019-01-08 00:00:00,114600
2019-01-07 00:00:00,117130
2019-01-04 00:00:00,117130
2019-01-03 00:00:00,117130
2019-01-02 00:00:00,117130
2019-01-01 00:00:00,117130
2018-12-31 00:00:00,117130
2018-12-28 00:00:00,117130
2018-12-27 00:00:00,117130
2018-12-26 00:00:00,117130
2018-12-25 00:00:00,117130
2018-12-24 00:00:00,117130
2018-12-21 00:00:00,117140
2018-12-20 00:00:00,115780
2018-12-19 00:00:00,115780
2018-12-18 00:00:00,116000
2018-12-17 00:00:00,118620
2018-12-14 00:00:00,112770
2018-12-13 00:00:00,115540
2018-12-12 00:00:00,115540
2018-12-11 00:00:00,115410
2018-12-10 00:00:00,118300
2018-12-07 00:00:00,120290
2018-12-06 00:00:00,121650
2018-12-05 00:00:00,121700
2018-12-04 00:00:00,121700
2018-12-03 00:00:00,121700
2018-11-30 00:00:00,120670
2018-11-29 00:00:00,120120
2018-11-28 00:00:00,122410
2018-11-27 00:00:00,122410
2018-11-26 00:00:00,119280
2018-11-23 00:00:00,121110
2018-11-22 00:00:00,119730
2018-11-21 00:00:00,118910
2018-11-20 00:00:00,120650
2018-11-19 00:00:00,120900
2018-11-16 00:00:00,120600
2018-11-15 00:00:00,118370
2018-11-14 00:00:00,118370
2018-11-13 00:00:00,118250
2018-11-12 00:00:00,117220
2018-11-09 00:00:00,118140
2018-11-08 00:00:00,116740
2018-11-07 00:00:00,118270
2018-11-06 00:00:00,119530
2018-11-05 00:00:00,121730
2018-11-02 00:00:00,121950
2018-11-01 00:00:00,123560
2018-10-31 00:00:00,124980
2018-10-30 00:00:00,127290
2018-10-29 00:00:00,128010
2018-10-26 00:00:00,129080
2018-10-25 00:00:00,126680
2018-10-24 00:00:00,129350
2018-10-23 00:00:00,127880
2018-10-22 00:00:00,127430
2018-10-19 00:00:00,131130
2018-10-18 00:00:00,131100
2018-10-17 00:00:00,125340
2018-10-16 00:00:00,128320
2018-10-15 00:00:00,127420
2018-10-12 00:00:00,127690
2018-10-11 00:00:00,127550
2018-10-10 00:00:00,119550
2018-10-09 00:00:00,120430
2018-10-08 00:00:00,118090
2018-10-05 00:00:00,112890
2018-10-04 00:00:00,97750
2018-10-03 00:00:00,91500
2018-10-02 00:00:00,84440
2018-10-01 00:00:00,83430
2018-09-28 00:00:00,84120
2018-09-27 00:00:00,82430
2018-09-26 00:00:00,83230
2018-09-25 00:00:00,84940
2018-09-24 00:00:00,79780
2018-09-21 00:00:00,84000
2018-09-20 00:00:00,81180
2018-09-19 00:00:00,77820
2018-09-18 00:00:00,77240
2018-09-17 00:00:00,75690
2018-09-14 00:00:00,76990
2018-09-13 00:00:00,76980
2018-09-12 00:00:00,78320
2018-09-11 00:00:00,78130
2018-09-10 00:00:00,77490
2018-09-07 00:00:00,78530
2018-09-06 00:00:00,78640
2018-09-05 00:00:00,76970
2018-09-04 00:00:00,75310
2018-09-03 00:00:00,77730
2018-08-31 00:00:00,75680
2018-08-30 00:00:00,77630
2018-08-29 00:00:00,75870
2018-08-28 00:00:00,77230
2018-08-27 00:00:00,77670
2018-08-24 00:00:00,77670
2018-08-23 00:00:00,77560
2018-08-22 00:00:00,76220
2018-08-21 00:00:00,74950
2018-08-20 00:00:00,76530
2018-08-17 00:00:00,77770
2018-08-16 00:00:00,77810
2018-08-15 00:00:00,76670
2018-08-14 00:00:00,77780
2018-08-13 00:00:00,77260
2018-08-10 00:00:00,77090
2018-08-09 00:00:00,75930
2018-08-08 00:00:00,74050
2018-08-07 00:00:00,77800
2018-08-06 00:00:00,77840
2018-08-03 00:00:00,77840
2018-08-02 00:00:00,77840
2018-08-01 00:00:00,77840
2018-07-31 00:00:00,77820
2018-07-30 00:00:00,77780
2018-07-27 00:00:00,76190
2018-07-26 00:00:00,76190
2018-07-25 00:00:00,77510
2018-07-24 00:00:00,78080
2018-07-23 00:00:00,78080
2018-07-20 00:00:00,78130
2018-07-19 00:00:00,78130
2018-07-18 00:00:00,78230
2018-07-17 00:00:00,78230
2018-07-16 00:00:00,78150
2018-07-13 00:00:00,77300
2018-07-12 00:00:00,77300
2018-07-11 00:00:00,77220
2018-07-10 00:00:00,78470
2018-07-09 00:00:00,80000
2018-07-06 00:00:00,79450
2018-07-05 00:00:00,79450
2018-07-04 00:00:00,79850
2018-07-03 00:00:00,79850
2018-07-02 00:00:00,76520
2018-06-29 00:00:00,76520
2018-06-28 00:00:00,78870
2018-06-27 00:00:00,78870
2018-06-26 00:00:00,78870
2018-06-25 00:00:00,78830
2018-06-22 00:00:00,78780
2018-06-21 00:00:00,78740
2018-06-20 00:00:00,78740
2018-06-19 00:00:00,78740
2018-06-18 00:00:00,78750
2018-06-15 00:00:00,77220
2018-06-14 00:00:00,81750
2018-06-13 00:00:00,81750
2018-06-12 00:00:00,81420
2018-06-11 00:00:00,81420
2018-06-08 00:00:00,79890
2018-06-07 00:00:00,79890
2018-06-06 00:00:00,79880
2018-06-05 00:00:00,79880
2018-06-04 00:00:00,79150
2018-06-01 00:00:00,79850
2018-05-31 00:00:00,79850
2018-05-30 00:00:00,80750
2018-05-29 00:00:00,71070
2018-05-28 00:00:00,71070
2018-05-25 00:00:00,71060
2018-05-24 00:00:00,71000
2018-05-23 00:00:00,70830
2018-05-22 00:00:00,69000
2018-05-21 00:00:00,69000
2018-05-18 00:00:00,69000
2018-05-17 00:00:00,69000
2018-05-16 00:00:00,68760
2018-05-15 00:00:00,68200
2018-05-14 00:00:00,68060
2018-05-11 00:00:00,68320
2018-05-10 00:00:00,68160
2018-05-09 00:00:00,68160
2018-05-08 00:00:00,68230
2018-05-07 00:00:00,68150
2018-05-04 00:00:00,68150
2018-05-03 00:00:00,68150
2018-05-02 00:00:00,68120
2018-05-01 00:00:00,68380
2018-04-30 00:00:00,68570
2018-04-27 00:00:00,68530
2018-04-26 00:00:00,68410
2018-04-25 00:00:00,68430
2018-04-24 00:00:00,68340
2018-04-23 00:00:00,70000
2018-04-20 00:00:00,70000
2018-04-19 00:00:00,70000
2018-04-18 00:00:00,70000
2018-04-17 00:00:00,70000
2018-04-16 00:00:00,70000
2018-04-13 00:00:00,70140
2018-04-12 00:00:00,70990
2018-04-11 00:00:00,78660
2018-04-10 00:00:00,81650
2018-04-09 00:00:00,77810
2018-04-06 00:00:00,82330
2018-04-05 00:00:00,82770
2018-04-04 00:00:00,79820
2018-04-03 00:00:00,79970
2018-04-02 00:00:00,79970
2018-03-30 00:00:00,79970
2018-03-29 00:00:00,79970
2018-03-28 00:00:00,82380
2018-03-27 00:00:00,82710
2018-03-26 00:00:00,83740
2018-03-23 00:00:00,82880
2018-03-22 00:00:00,76480
2018-03-21 00:00:00,75940
2018-03-20 00:00:00,75920
2018-03-19 00:00:00,71390
2018-03-16 00:00:00,71930
2018-03-15 00:00:00,71930
2018-03-14 00:00:00,70570
2018-03-13 00:00:00,71960
2018-03-12 00:00:00,72050
2018-03-09 00:00:00,73160
2018-03-08 00:00:00,73880
2018-03-07 00:00:00,73820
2018-03-06 00:00:00,73600
2018-03-05 00:00:00,73610
2018-03-02 00:00:00,73870
2018-03-01 00:00:00,73650
2018-02-28 00:00:00,70340
2018-02-27 00:00:00,70590
2018-02-26 00:00:00,72310
2018-02-23 00:00:00,69700
2018-02-22 00:00:00,68570
2018-02-21 00:00:00,71880
2018-02-20 00:00:00,71850
2018-02-19 00:00:00,65560
2018-02-16 00:00:00,69520
2018-02-15 00:00:00,71420
2018-02-14 00:00:00,72440
2018-02-13 00:00:00,67620
2018-02-12 00:00:00,65850
2018-02-09 00:00:00,73060
2018-02-08 00:00:00,63000
2018-02-07 00:00:00,66010
2018-02-06 00:00:00,64630
2018-02-05 00:00:00,69720
2018-02-02 00:00:00,66980
2018-02-01 00:00:00,67220
2018-01-31 00:00:00,67220
2018-01-30 00:00:00,66050
2018-01-29 00:00:00,67250
2018-01-26 00:00:00,67020
2018-01-25 00:00:00,67370
2018-01-24 00:00:00,69600
2018-01-23 00:00:00,69880
2018-01-22 00:00:00,69850
2018-01-19 00:00:00,69860
2018-01-18 00:00:00,69920
2018-01-17 00:00:00,68960
2018-01-16 00:00:00,68940
2018-01-15 00:00:00,70770
2018-01-12 00:00:00,70210
2018-01-11 00:00:00,69700
2018-01-10 00:00:00,71470
2018-01-09 00:00:00,70310
2018-01-08 00:00:00,67730
2018-01-05 00:00:00,66900
2018-01-04 00:00:00,65560
2018-01-03 00:00:00,66450
2018-01-02 00:00:00,60240
2018-01-01 00:00:00,67260
2017-12-29 00:00:00,67060
2017-12-28 00:00:00,58930
2017-12-27 00:00:00,68700
2017-12-26 00:00:00,68410
2017-12-25 00:00:00,68500
2017-12-22 00:00:00,68730
2017-12-21 00:00:00,68970
2017-12-20 00:00:00,68890
2017-12-19 00:00:00,66200
2017-12-18 00:00:00,65870
2017-12-15 00:00:00,65930
2017-12-14 00:00:00,66390
2017-12-13 00:00:00,63930
2017-12-12 00:00:00,63770
2017-12-11 00:00:00,62690
2017-12-08 00:00:00,64310
2017-12-07 00:00:00,62530
2017-12-06 00:00:00,63640
2017-12-05 00:00:00,64890
2017-12-04 00:00:00,64810
2017-12-01 00:00:00,65860
2017-11-30 00:00:00,65360
2017-11-29 00:00:00,66000
2017-11-28 00:00:00,66000
2017-11-27 00:00:00,65950
2017-11-24 00:00:00,64000
2017-11-23 00:00:00,61950
2017-11-22 00:00:00,62180
2017-11-21 00:00:00,62050
2017-11-20 00:00:00,62260
2017-11-17 00:00:00,62320
2017-11-16 00:00:00,62170
2017-11-15 00:00:00,62050
2017-11-14 00:00:00,61890
2017-11-13 00:00:00,59540
2017-11-10 00:00:00,58070
2017-11-09 00:00:00,58020
2017-11-08 00:00:00,58080
2017-11-07 00:00:00,58140
2017-11-06 00:00:00,58230
2017-11-03 00:00:00,58280
2017-11-02 00:00:00,58060
2017-11-01 00:00:00,58220
2017-10-31 00:00:00,58050
2017-10-30 00:00:00,58270
2017-10-27 00:00:00,58520
2017-10-26 00:00:00,58240
2017-10-25 00:00:00,58250
2017-10-24 00:00:00,58250
2017-10-23 00:00:00,58400
2017-10-20 00:00:00,58090
2017-10-19 00:00:00,58300
2017-10-18 00:00:00,58450
2017-10-17 00:00:00,58090
2017-10-16 00:00:00,58100
2017-10-13 00:00:00,58330
2017-10-12 00:00:00,58210
2017-10-11 00:00:00,58500
2017-10-10 00:00:00,58430
2017-10-09 00:00:00,58520
2017-10-06 00:00:00,58700
2017-10-05 00:00:00,58570
2017-10-04 00:00:00,58350
2017-10-03 00:00:00,58500
2017-10-02 00:00:00,59210
2017-09-29 00:00:00,59340
2017-09-28 00:00:00,59270
2017-09-27 00:00:00,59260
2017-09-26 00:00:00,59090
2017-09-25 00:00:00,59240
2017-09-22 00:00:00,59190
2017-09-21 00:00:00,59060
2017-09-20 00:00:00,60340
2017-09-19 00:00:00,59210
2017-09-18 00:00:00,59130
2017-09-15 00:00:00,59210
2017-09-14 00:00:00,59350
2017-09-13 00:00:00,59260
2017-09-12 00:00:00,59130
2017-09-11 00:00:00,60000
2017-09-08 00:00:00,60350
2017-09-07 00:00:00,60020
2017-09-06 00:00:00,60390
2017-09-05 00:00:00,60030
2017-09-04 00:00:00,61000
2017-09-01 00:00:00,61210
2017-08-31 00:00:00,60580
2017-08-30 00:00:00,61610
2017-08-29 00:00:00,60960
2017-08-28 00:00:00,60880
2017-08-25 00:00:00,60930
2017-08-24 00:00:00,60790
2017-08-23 00:00:00,60580
2017-08-22 00:00:00,60840
2017-08-21 00:00:00,60510
2017-08-18 00:00:00,62880
2017-08-17 00:00:00,60270
2017-08-16 00:00:00,61120
2017-08-15 00:00:00,60500
2017-08-14 00:00:00,60750
2017-08-11 00:00:00,63670
2017-08-10 00:00:00,60970
2017-08-09 00:00:00,60950
2017-08-08 00:00:00,61800
2017-08-07 00:00:00,61170
2017-08-04 00:00:00,64000
2017-08-03 00:00:00,60250
2017-08-02 00:00:00,60330
2017-08-01 00:00:00,61190
2017-07-31 00:00:00,60510
2017-07-28 00:00:00,60320
2017-07-27 00:00:00,61010
2017-07-26 00:00:00,60770
2017-07-25 00:00:00,60790
2017-07-24 00:00:00,60320
2017-07-21 00:00:00,60310
2017-07-20 00:00:00,60700
2017-07-19 00:00:00,60640
2017-07-18 00:00:00,60230
2017-07-17 00:00:00,60500
2017-07-14 00:00:00,60710
2017-07-13 00:00:00,60630
2017-07-12 00:00:00,60500
2017-07-11 00:00:00,60330
2017-07-10 00:00:00,60370
2017-07-07 00:00:00,60750
2017-07-06 00:00:00,60000
2017-07-05 00:00:00,60030
2017-07-04 00:00:00,60020
2017-07-03 00:00:00,66790
2017-06-30 00:00:00,68640
2017-06-29 00:00:00,70060
2017-06-28 00:00:00,70070
2017-06-27 00:00:00,70050
2017-06-26 00:00:00,69780
2017-06-23 00:00:00,69050
2017-06-22 00:00:00,74730
2017-06-21 00:00:00,77830
2017-06-20 00:00:00,77670
2017-06-19 00:00:00,77710
2017-06-16 00:00:00,79400
2017-06-15 00:00:00,78700
2017-06-14 00:00:00,80400
2017-06-13 00:00:00,79690
2017-06-12 00:00:00,83050
2017-06-09 00:00:00,84420
2017-06-08 00:00:00,87140
2017-06-07 00:00:00,84660
2017-06-06 00:00:00,85220
2017-06-05 00:00:00,85420
2017-06-02 00:00:00,89640
2017-06-01 00:00:00,84870
2017-05-31 00:00:00,85390
2017-05-30 00:00:00,84860
2017-05-29 00:00:00,90730
2017-05-26 00:00:00,90210
2017-05-25 00:00:00,83010
2017-05-24 00:00:00,84350
2017-05-23 00:00:00,86390
2017-05-22 00:00:00,83110
2017-05-19 00:00:00,83020
2017-05-18 00:00:00,82060
2017-05-17 00:00:00,78800
2017-05-16 00:00:00,79100
2017-05-15 00:00:00,88110
2017-05-12 00:00:00,88960
2017-05-11 00:00:00,88430
2017-05-10 00:00:00,90270
2017-05-09 00:00:00,83750
2017-05-08 00:00:00,95210
2017-05-05 00:00:00,87620
2017-05-04 00:00:00,90850
2017-05-03 00:00:00,88600
2017-05-02 00:00:00,87870
2017-05-01 00:00:00,85780
2017-04-28 00:00:00,85970
2017-04-27 00:00:00,84130
2017-04-26 00:00:00,85730
2017-04-25 00:00:00,85220
2017-04-24 00:00:00,90900
2017-04-21 00:00:00,92860
2017-04-20 00:00:00,94650
2017-04-19 00:00:00,97900
2017-04-18 00:00:00,96070
2017-04-17 00:00:00,88650
2017-04-14 00:00:00,88360
2017-04-13 00:00:00,88050
2017-04-12 00:00:00,86290
2017-04-11 00:00:00,93140
2017-04-10 00:00:00,93970
2017-04-07 00:00:00,86980
2017-04-06 00:00:00,92100
2017-04-05 00:00:00,85530
2017-04-04 00:00:00,86300
2017-04-03 00:00:00,95920
2017-03-31 00:00:00,93380
2017-03-30 00:00:00,98330
2017-03-29 00:00:00,99740
2017-03-28 00:00:00,86230
2017-03-27 00:00:00,93420
2017-03-24 00:00:00,87970
2017-03-23 00:00:00,85990
2017-03-22 00:00:00,91460
2017-03-21 00:00:00,92760
2017-03-20 00:00:00,81700
2017-03-17 00:00:00,85060
2017-03-16 00:00:00,78270
2017-03-15 00:00:00,84210
2017-03-14 00:00:00,82480
2017-03-13 00:00:00,87080
2017-03-10 00:00:00,88180
2017-03-09 00:00:00,81900
2017-03-08 00:00:00,88730
2017-03-07 00:00:00,82110
2017-03-06 00:00:00,88250
2017-03-03 00:00:00,85160
2017-03-02 00:00:00,88010
2017-03-01 00:00:00,82930
2017-02-28 00:00:00,87920
2017-02-27 00:00:00,82230
2017-02-24 00:00:00,97100
2017-02-23 00:00:00,93950
2017-02-22 00:00:00,86570
2017-02-21 00:00:00,84140
2017-02-20 00:00:00,93650
2017-02-17 00:00:00,94150
2017-02-16 00:00:00,90940
2017-02-15 00:00:00,93010
2017-02-14 00:00:00,91540
2017-02-13 00:00:00,94970
2017-02-10 00:00:00,116210
2017-02-09 00:00:00,94720
2017-02-08 00:00:00,90580
2017-02-07 00:00:00,95240
2017-02-06 00:00:00,91730
2017-02-03 00:00:00,92620
2017-02-02 00:00:00,83230
2017-02-01 00:00:00,86640
2017-01-31 00:00:00,90640
2017-01-30 00:00:00,94880
2017-01-27 00:00:00,96610
2017-01-26 00:00:00,95070
2017-01-25 00:00:00,97420
2017-01-24 00:00:00,99890
2017-01-23 00:00:00,113320
2017-01-20 00:00:00,95000
2017-01-19 00:00:00,107920
2017-01-18 00:00:00,110110
2017-01-17 00:00:00,111340
2017-01-16 00:00:00,123140
2017-01-13 00:00:00,123470
2017-01-12 00:00:00,122320
2017-01-11 00:00:00,120560
2017-01-10 00:00:00,122670
2017-01-09 00:00:00,123110
2017-01-06 00:00:00,120000
2017-01-05 00:00:00,120000
2017-01-04 00:00:00,120000
2017-01-03 00:00:00,128520
2017-01-02 00:00:00,124470
2016-12-30 00:00:00,125000
2016-12-29 00:00:00,128390
2016-12-28 00:00:00,142000
2016-12-27 00:00:00,132040
2016-12-26 00:00:00,131980
2016-12-23 00:00:00,131380
2016-12-22 00:00:00,130000
2016-12-21 00:00:00,125000
2016-12-20 00:00:00,128360
2016-12-19 00:00:00,142000
2016-12-16 00:00:00,142000
2016-12-15 00:00:00,125000
2016-12-14 00:00:00,128450
2016-12-13 00:00:00,125000
2016-12-12 00:00:00,125000
2016-12-09 00:00:00,129780
2016-12-08 00:00:00,129820
2016-12-07 00:00:00,127000
2016-12-06 00:00:00,128590
2016-12-05 00:00:00,127000
2016-12-02 00:00:00,127000
2016-12-01 00:00:00,128810
2016-11-30 00:00:00,127000
2016-11-29 00:00:00,129760
2016-11-28 00:00:00,127000
2016-11-25 00:00:00,127000
2016-11-24 00:00:00,127000
2016-11-23 00:00:00,127000
2016-11-22 00:00:00,127000
2016-11-21 00:00:00,127000
2016-11-18 00:00:00,127000
2016-11-17 00:00:00,127460
2016-11-16 00:00:00,125000
2016-11-15 00:00:00,128140
2016-11-14 00:00:00,125000
2016-11-11 00:00:00,125000
2016-11-10 00:00:00,125000
2016-11-09 00:00:00,125000
2016-11-08 00:00:00,119000
2016-11-07 00:00:00,119000
2016-11-04 00:00:00,119000
2016-11-03 00:00:00,119000
2016-11-02 00:00:00,121190
2016-11-01 00:00:00,119000
2016-10-31 00:00:00,121140
2016-10-28 00:00:00,119000
2016-10-27 00:00:00,119000
2016-10-26 00:00:00,123160
2016-10-25 00:00:00,119000
2016-10-24 00:00:00,119000
2016-10-21 00:00:00,120000
2016-10-20 00:00:00,120000
2016-10-19 00:00:00,120000
2016-10-18 00:00:00,125000
2016-10-17 00:00:00,125000
2016-10-14 00:00:00,125000
2016-10-13 00:00:00,125000
2016-10-12 00:00:00,125000
2016-10-11 00:00:00,125000
2016-10-10 00:00:00,125000
2016-10-07 00:00:00,125000
2016-10-06 00:00:00,125000
2016-10-05 00:00:00,140000
2016-10-04 00:00:00,125000
2016-10-03 00:00:00,129440
2016-09-30 00:00:00,132300
2016-09-29 00:00:00,125000
2016-09-28 00:00:00,125000
2016-09-27 00:00:00,117000
2016-09-26 00:00:00,115000
2016-09-23 00:00:00,115000
2016-09-22 00:00:00,115000
2016-09-21 00:00:00,115000
2016-09-20 00:00:00,115000
2016-09-19 00:00:00,115000
2016-09-16 00:00:00,115000
2016-09-15 00:00:00,115000
2016-09-14 00:00:00,115000
2016-09-13 00:00:00,115000
2016-09-12 00:00:00,115000
2016-09-09 00:00:00,115000
2016-09-08 00:00:00,115000
2016-09-07 00:00:00,115000
2016-09-06 00:00:00,116760
2016-09-05 00:00:00,115000
2016-09-02 00:00:00,115000
2016-09-01 00:00:00,123000
2016-08-31 00:00:00,123000
2016-08-30 00:00:00,123000
2016-08-29 00:00:00,122030
2016-08-26 00:00:00,123000
2016-08-25 00:00:00,126550
2016-08-24 00:00:00,123000
2016-08-23 00:00:00,125000
2016-08-22 00:00:00,125000
2016-08-19 00:00:00,125000
2016-08-18 00:00:00,125000
2016-08-17 00:00:00,125000
2016-08-16 00:00:00,125000
2016-08-15 00:00:00,158000
2016-08-12 00:00:00,158000
2016-08-11 00:00:00,125000
2016-08-10 00:00:00,125000
2016-08-09 00:00:00,125000
2016-08-08 00:00:00,158000
2016-08-05 00:00:00,130000
2016-08-04 00:00:00,130000
2016-08-03 00:00:00,130000
2016-08-02 00:00:00,130000
2016-08-01 00:00:00,130000
2016-07-29 00:00:00,130000
2016-07-28 00:00:00,130000
2016-07-27 00:00:00,130000
2016-07-26 00:00:00,130000
2016-07-25 00:00:00,130000
2016-07-22 00:00:00,130000
2016-07-21 00:00:00,130000
2016-07-20 00:00:00,135000
2016-07-19 00:00:00,135000
2016-07-18 00:00:00,135000
2016-07-15 00:00:00,135000
2016-07-14 00:00:00,135000
2016-07-13 00:00:00,140000
2016-07-12 00:00:00,140000
2016-07-11 00:00:00,145000
2016-07-08 00:00:00,145000
2016-07-07 00:00:00,145000
2016-07-06 00:00:00,145000
2016-07-05 00:00:00,145000
2016-07-04 00:00:00,145000
2016-07-01 00:00:00,145000
2016-06-30 00:00:00,155000
2016-06-29 00:00:00,155000
2016-06-28 00:00:00,155000
2016-06-27 00:00:00,155000
2016-06-24 00:00:00,185000
2016-06-23 00:00:00,140000
2016-06-22 00:00:00,140000
2016-06-21 00:00:00,140000
2016-06-20 00:00:00,140000
2016-06-17 00:00:00,140000
2016-06-16 00:00:00,145000
2016-06-15 00:00:00,140000
2016-06-14 00:00:00,144340
2016-06-13 00:00:00,138820
2016-06-10 00:00:00,138980
2016-06-09 00:00:00,136340
2016-06-08 00:00:00,130780
2016-06-07 00:00:00,131300
2016-06-06 00:00:00,134870
2016-06-03 00:00:00,134000
2016-06-02 00:00:00,134000
2016-06-01 00:00:00,134240
2016-05-31 00:00:00,132320
2016-05-30 00:00:00,151960
2016-05-27 00:00:00,144000
2016-05-26 00:00:00,144000
2016-05-25 00:00:00,126740
2016-05-24 00:00:00,127640
2016-05-23 00:00:00,123000
2016-05-20 00:00:00,125650
2016-05-19 00:00:00,136530
2016-05-18 00:00:00,137790
2016-05-17 00:00:00,135000
2016-05-16 00:00:00,135000
2016-05-13 00:00:00,140720
2016-05-12 00:00:00,140860
2016-05-11 00:00:00,140130
2016-05-10 00:00:00,137790
2016-05-09 00:00:00,141180
2016-05-06 00:00:00,136180
2016-05-05 00:00:00,140700
2016-05-04 00:00:00,135000
2016-05-03 00:00:00,138150
2016-05-02 00:00:00,136160
2016-04-29 00:00:00,136280
2016-04-28 00:00:00,140000
2016-04-27 00:00:00,135950
2016-04-26 00:00:00,135740
2016-04-25 00:00:00,139400
2016-04-22 00:00:00,138400
2016-04-21 00:00:00,140000
2016-04-20 00:00:00,140000
2016-04-19 00:00:00,143020
2016-04-18 00:00:00,146000
2016-04-15 00:00:00,145220
2016-04-14 00:00:00,146000
2016-04-13 00:00:00,146000
2016-04-12 00:00:00,146000
2016-04-11 00:00:00,144800
2016-04-08 00:00:00,146000
2016-04-07 00:00:00,146000
2016-04-06 00:00:00,147320
2016-04-05 00:00:00,146000
2016-04-04 00:00:00,150490
2016-04-01 00:00:00,155000
2016-03-31 00:00:00,152370
2016-03-30 00:00:00,155000
2016-03-29 00:00:00,166670
2016-03-28 00:00:00,166970
2016-03-25 00:00:00,169470
2016-03-24 00:00:00,168000
2016-03-23 00:00:00,166100
2016-03-22 00:00:00,161200
2016-03-21 00:00:00,162070
2016-03-18 00:00:00,155810
2016-03-17 00:00:00,156400
2016-03-16 00:00:00,163970
2016-03-15 00:00:00,162880
2016-03-14 00:00:00,164200
2016-03-11 00:00:00,167090
2016-03-10 00:00:00,176000
2016-03-09 00:00:00,178000
2016-03-08 00:00:00,174120
2016-03-07 00:00:00,179000
2016-03-04 00:00:00,179000
2016-03-03 00:00:00,179000
2016-03-02 00:00:00,170000
2016-03-01 00:00:00,174770
2016-02-29 00:00:00,176990
2016-02-26 00:00:00,164320
2016-02-25 00:00:00,165330
2016-02-24 00:00:00,171030
2016-02-23 00:00:00,164000
2016-02-22 00:00:00,166570
2016-02-19 00:00:00,170690
2016-02-18 00:00:00,167540
2016-02-17 00:00:00,164000
2016-02-16 00:00:00,164000
2016-02-15 00:00:00,164000
2016-02-12 00:00:00,164000
2016-02-11 00:00:00,172280
2016-02-10 00:00:00,168210
2016-02-09 00:00:00,167420
2016-02-08 00:00:00,162700
2016-02-05 00:00:00,156000
2016-02-04 00:00:00,159000
2016-02-03 00:00:00,159000
2016-02-02 00:00:00,178000
2016-02-01 00:00:00,154000
2016-01-29 00:00:00,136180
2016-01-28 00:00:00,134850
2016-01-27 00:00:00,132000
2016-01-26 00:00:00,135980
2016-01-25 00:00:00,139430
2016-01-22 00:00:00,132350
2016-01-21 00:00:00,136000
2016-01-20 00:00:00,144000
2016-01-19 00:00:00,130610
2016-01-18 00:00:00,129000
2016-01-15 00:00:00,124940
2016-01-14 00:00:00,119000
2016-01-13 00:00:00,120820
2016-01-12 00:00:00,114000
2016-01-11 00:00:00,114000
2016-01-08 00:00:00,114000
2016-01-07 00:00:00,112000
2016-01-06 00:00:00,121000
2016-01-05 00:00:00,117500
2016-01-04 00:00:00,117590
2016-01-01 00:00:00,110490
2015-12-31 00:00:00,110360
2015-12-30 00:00:00,110480
2015-12-29 00:00:00,110000
2015-12-28 00:00:00,110180
2015-12-25 00:00:00,109490
2015-12-24 00:00:00,109780
2015-12-23 00:00:00,110000
2015-12-22 00:00:00,110000
2015-12-21 00:00:00,110000
2015-12-18 00:00:00,119000
2015-12-17 00:00:00,110000
2015-12-16 00:00:00,114840
2015-12-15 00:00:00,110000
2015-12-14 00:00:00,124000
2015-12-11 00:00:00,111720
2015-12-10 00:00:00,107000
2015-12-09 00:00:00,107000
2015-12-08 00:00:00,107000
2015-12-07 00:00:00,107000
2015-12-04 00:00:00,105690
2015-12-03 00:00:00,107000
2015-12-02 00:00:00,105660
2015-12-01 00:00:00,107000
2015-11-30 00:00:00,108000
2015-11-27 00:00:00,107000
2015-11-26 00:00:00,107000
2015-11-25 00:00:00,109260
2015-11-24 00:00:00,117480
2015-11-23 00:00:00,115690
2015-11-20 00:00:00,111980
2015-11-19 00:00:00,114940
2015-11-18 00:00:00,113130
2015-11-17 00:00:00,110620
2015-11-16 00:00:00,119110
2015-11-13 00:00:00,117070
2015-11-12 00:00:00,119260
2015-11-11 00:00:00,109000
2015-11-10 00:00:00,115370
2015-11-09 00:00:00,114260
2015-11-06 00:00:00,106020
2015-11-05 00:00:00,106000
2015-11-04 00:00:00,111650
2015-11-03 00:00:00,119000
2015-11-02 00:00:00,105000
2015-10-30 00:00:00,116980
2015-10-29 00:00:00,105000
2015-10-28 00:00:00,114790
2015-10-27 00:00:00,116730
2015-10-26 00:00:00,99000
2015-10-23 00:00:00,99000
2015-10-22 00:00:00,107000
2015-10-21 00:00:00,122000
2015-10-20 00:00:00,115390
2015-10-19 00:00:00,113000
2015-10-16 00:00:00,116310
2015-10-15 00:00:00,122590
2015-10-14 00:00:00,126000
2015-10-13 00:00:00,117520
2015-10-12 00:00:00,117000
2015-10-09 00:00:00,117000
2015-10-08 00:00:00,120650
2015-10-07 00:00:00,123000
2015-10-06 00:00:00,127000
2015-10-05 00:00:00,129000
2015-10-02 00:00:00,133000
2015-10-01 00:00:00,134990
2015-09-30 00:00:00,140670
2015-09-29 00:00:00,135000
2015-09-28 00:00:00,125750
2015-09-25 00:00:00,115000
2015-09-24 00:00:00,145000
2015-09-23 00:00:00,114000
2015-09-22 00:00:00,115000
2015-09-21 00:00:00,113000
2015-09-18 00:00:00,109000
2015-09-17 00:00:00,129000
2015-09-16 00:00:00,111000
2015-09-15 00:00:00,113000
2015-09-14 00:00:00,113000
2015-09-11 00:00:00,131270
2015-09-10 00:00:00,130000
2015-09-09 00:00:00,115760
2015-09-08 00:00:00,130000
2015-09-07 00:00:00,115000
2015-09-04 00:00:00,117000
2015-09-03 00:00:00,116000
2015-09-02 00:00:00,132000
2015-09-01 00:00:00,122120
2015-08-31 00:00:00,115750
2015-08-28 00:00:00,115000
2015-08-27 00:00:00,113000
2015-08-26 00:00:00,120000
2015-08-25 00:00:00,120000
2015-08-24 00:00:00,124000
2015-08-21 00:00:00,119000
2015-08-20 00:00:00,117000
2015-08-19 00:00:00,138000
2015-08-18 00:00:00,115000
2015-08-17 00:00:00,115000
2015-08-14 00:00:00,118000
2015-08-13 00:00:00,120000
2015-08-12 00:00:00,122000
2015-08-11 00:00:00,129230
2015-08-10 00:00:00,127330
2015-08-07 00:00:00,123230
2015-08-06 00:00:00,122140
2015-08-05 00:00:00,124370
2015-08-04 00:00:00,126440
2015-08-03 00:00:00,121000
2015-07-31 00:00:00,121810
2015-07-30 00:00:00,121000
2015-07-29 00:00:00,121880
2015-07-28 00:00:00,124000
2015-07-27 00:00:00,124490
2015-07-24 00:00:00,125000
2015-07-23 00:00:00,121000
2015-07-22 00:00:00,120000
2015-07-21 00:00:00,121000
2015-07-20 00:00:00,117320
2015-07-17 00:00:00,119000
2015-07-16 00:00:00,124660
2015-07-15 00:00:00,122000
2015-07-14 00:00:00,122000
2015-07-13 00:00:00,122000
2015-07-10 00:00:00,141030
2015-07-09 00:00:00,143910
2015-07-08 00:00:00,144150
2015-07-07 00:00:00,139000
2015-07-06 00:00:00,138310
2015-07-03 00:00:00,143990
2015-07-02 00:00:00,128900
2015-07-01 00:00:00,145000
2015-06-30 00:00:00,125000
2015-06-29 00:00:00,131280
2015-06-26 00:00:00,133000
2015-06-25 00:00:00,140310
2015-06-24 00:00:00,140000
2015-06-23 00:00:00,114610
2015-06-22 00:00:00,140970
2015-06-19 00:00:00,141260
2015-06-18 00:00:00,144000
2015-06-17 00:00:00,140020
2015-06-16 00:00:00,122380
2015-06-15 00:00:00,132330
2015-06-12 00:00:00,135500
2015-06-11 00:00:00,135490
2015-06-10 00:00:00,132270
2015-06-09 00:00:00,101000
2015-06-08 00:00:00,135000
2015-06-05 00:00:00,134600
2015-06-04 00:00:00,133000
2015-06-03 00:00:00,101000
2015-06-02 00:00:00,115130
2015-06-01 00:00:00,132000
2015-05-29 00:00:00,108280
2015-05-28 00:00:00,103000
2015-05-27 00:00:00,118390
2015-05-26 00:00:00,131890
2015-05-25 00:00:00,131420
2015-05-22 00:00:00,131000
2015-05-21 00:00:00,127230
2015-05-20 00:00:00,126590
2015-05-19 00:00:00,124950
2015-05-18 00:00:00,131020
2015-05-15 00:00:00,130010
2015-05-14 00:00:00,129600
2015-05-13 00:00:00,129020
2015-05-12 00:00:00,129160
2015-05-11 00:00:00,131340
2015-05-08 00:00:00,131010
2015-05-07 00:00:00,125390
2015-05-06 00:00:00,130020
2015-05-05 00:00:00,127430
2015-05-04 00:00:00,123930
2015-05-01 00:00:00,123950
2015-04-30 00:00:00,116590
2015-04-29 00:00:00,120540
2015-04-28 00:00:00,123020
2015-04-27 00:00:00,120030
2015-04-24 00:00:00,122030
2015-04-23 00:00:00,116480
2015-04-22 00:00:00,106730
2015-04-21 00:00:00,121100
2015-04-20 00:00:00,125030
2015-04-17 00:00:00,116550
2015-04-16 00:00:00,118030
2015-04-15 00:00:00,101320
2015-04-14 00:00:00,120010
2015-04-13 00:00:00,116030
2015-04-10 00:00:00,98630
2015-04-09 00:00:00,118030
2015-04-08 00:00:00,117630
2015-04-07 00:00:00,118030
2015-04-06 00:00:00,120800
2015-04-03 00:00:00,120610
2015-04-02 00:00:00,120030
2015-04-01 00:00:00,85010
2015-03-31 00:00:00,120030
