Date,HESLN
2024-10-25 00:00:00,38.77
2024-10-24 00:00:00,38.77
2024-10-23 00:00:00,40.465
2024-10-22 00:00:00,39.315
2024-10-21 00:00:00,39.325
2024-10-18 00:00:00,39.315
2024-10-17 00:00:00,39.905
2024-10-16 00:00:00,39.735
2024-10-15 00:00:00,42.645
2024-10-14 00:00:00,42.61
2024-10-11 00:00:00,42.635
2024-10-10 00:00:00,42.68
2024-10-09 00:00:00,42.64
2024-10-08 00:00:00,42.68
2024-10-07 00:00:00,42.71
2024-10-04 00:00:00,44.585
2024-10-03 00:00:00,44.56
2024-10-02 00:00:00,44.535
2024-10-01 00:00:00,44.225
2024-09-30 00:00:00,44.255
2024-09-27 00:00:00,46.05
2024-09-26 00:00:00,45.995
2024-09-25 00:00:00,45.995
2024-09-24 00:00:00,45.97
2024-09-23 00:00:00,46
2024-09-20 00:00:00,46.045
2024-09-19 00:00:00,44.05
2024-09-18 00:00:00,44.06
2024-09-17 00:00:00,44.905
2024-09-16 00:00:00,46.565
2024-09-13 00:00:00,46.625
2024-09-12 00:00:00,46.565
2024-09-11 00:00:00,50.88
2024-09-10 00:00:00,50.88
2024-09-09 00:00:00,50.905
2024-09-06 00:00:00,50.905
2024-09-05 00:00:00,50.915
2024-09-04 00:00:00,50.915
2024-09-03 00:00:00,50.89
2024-09-02 00:00:00,50.935
2024-08-30 00:00:00,48.865
2024-08-29 00:00:00,47.605
2024-08-28 00:00:00,47.735
2024-08-27 00:00:00,48.745
2024-08-26 00:00:00,46.855
2024-08-23 00:00:00,46.875
2024-08-22 00:00:00,46.74
2024-08-21 00:00:00,46.755
2024-08-20 00:00:00,46.04
2024-08-19 00:00:00,45.45
2024-08-16 00:00:00,45.465
2024-08-15 00:00:00,45.44
2024-08-14 00:00:00,45.43
2024-08-13 00:00:00,45.43
2024-08-12 00:00:00,45.535
2024-08-09 00:00:00,45.52
2024-08-08 00:00:00,46.11
2024-08-07 00:00:00,46
2024-08-06 00:00:00,46.03
2024-08-05 00:00:00,44.52
2024-08-02 00:00:00,39.265
2024-08-01 00:00:00,39.295
2024-07-31 00:00:00,41.145
2024-07-30 00:00:00,40.585
2024-07-29 00:00:00,41.345
2024-07-26 00:00:00,40.37
2024-07-25 00:00:00,39.555
2024-07-24 00:00:00,38.475
2024-07-23 00:00:00,34.925
2024-07-22 00:00:00,34.91
2024-07-19 00:00:00,34.94
2024-07-18 00:00:00,34.895
2024-07-17 00:00:00,34.9
2024-07-16 00:00:00,34.875
2024-07-15 00:00:00,34.91
2024-07-12 00:00:00,34.89
2024-07-11 00:00:00,34.895
2024-07-10 00:00:00,36.33
2024-07-09 00:00:00,36.315
2024-07-08 00:00:00,36.285
2024-07-05 00:00:00,36.345
2024-07-04 00:00:00,37.545
2024-07-03 00:00:00,37.6
2024-07-02 00:00:00,37.615
2024-07-01 00:00:00,37.835
2024-06-28 00:00:00,37.8
2024-06-27 00:00:00,39.21
2024-06-26 00:00:00,40.325
2024-06-25 00:00:00,39.1
2024-06-24 00:00:00,39.585
2024-06-21 00:00:00,38.24
2024-06-20 00:00:00,37.78
2024-06-19 00:00:00,37.77
2024-06-18 00:00:00,37.76
2024-06-17 00:00:00,39.015
2024-06-14 00:00:00,38.93
2024-06-13 00:00:00,38.97
2024-06-12 00:00:00,38.615
2024-06-11 00:00:00,38.61
2024-06-10 00:00:00,40.615
2024-06-07 00:00:00,40.635
2024-06-06 00:00:00,40.605
2024-06-05 00:00:00,40.645
2024-06-04 00:00:00,41.46
2024-06-03 00:00:00,41.515
2024-05-31 00:00:00,41.435
2024-05-30 00:00:00,43.76
2024-05-29 00:00:00,43.78
2024-05-28 00:00:00,42.045
2024-05-27 00:00:00,43.64
2024-05-24 00:00:00,43.635
2024-05-23 00:00:00,47.31
2024-05-22 00:00:00,47.31
2024-05-21 00:00:00,48.25
2024-05-20 00:00:00,48.27
2024-05-17 00:00:00,50.67
2024-05-16 00:00:00,48.805
2024-05-15 00:00:00,49.905
2024-05-14 00:00:00,49.88
2024-05-13 00:00:00,47.86
2024-05-10 00:00:00,49.13
2024-05-09 00:00:00,49.225
2024-05-08 00:00:00,50.005
2024-05-07 00:00:00,50.59
2024-05-06 00:00:00,50.605
2024-05-03 00:00:00,50.575
2024-05-02 00:00:00,50.57
2024-05-01 00:00:00,50.615
2024-04-30 00:00:00,49.93
2024-04-29 00:00:00,72.06
2024-04-26 00:00:00,72.52
2024-04-25 00:00:00,73.315
2024-04-24 00:00:00,75.18
2024-04-23 00:00:00,75.85
2024-04-22 00:00:00,77.08
2024-04-19 00:00:00,81.905
2024-04-18 00:00:00,84.08
2024-04-17 00:00:00,88.02
2024-04-16 00:00:00,92.575
2024-04-15 00:00:00,92.875
2024-04-12 00:00:00,97.255
2024-04-11 00:00:00,95.305
2024-04-10 00:00:00,96.19
2024-04-09 00:00:00,93.695
2024-04-08 00:00:00,97.22
2024-04-05 00:00:00,96.865
2024-04-04 00:00:00,97.535
2024-04-03 00:00:00,98.76
2024-04-02 00:00:00,96.94
2024-04-01 00:00:00,96.645
2024-03-29 00:00:00,94.385
2024-03-28 00:00:00,94.305
2024-03-27 00:00:00,95.495
2024-03-26 00:00:00,97.745
2024-03-25 00:00:00,97.795
2024-03-22 00:00:00,92.13
2024-03-21 00:00:00,94.18
2024-03-20 00:00:00,99.465
2024-03-19 00:00:00,95.66
2024-03-18 00:00:00,98.07
2024-03-15 00:00:00,97.23
2024-03-14 00:00:00,99.56
2024-03-13 00:00:00,102.945
2024-03-12 00:00:00,102.33
2024-03-11 00:00:00,100.8
2024-03-08 00:00:00,93.03
2024-03-07 00:00:00,95.68
2024-03-06 00:00:00,99.965
2024-03-05 00:00:00,95.09
2024-03-04 00:00:00,98.47
2024-03-01 00:00:00,97.76
2024-02-29 00:00:00,98.22
2024-02-28 00:00:00,99.315
2024-02-27 00:00:00,97.62
2024-02-26 00:00:00,95.71
2024-02-23 00:00:00,87.075
2024-02-22 00:00:00,77.445
2024-02-21 00:00:00,78.71
2024-02-20 00:00:00,78.575
2024-02-19 00:00:00,78.485
2024-02-16 00:00:00,79.04
2024-02-15 00:00:00,78.73
2024-02-14 00:00:00,79.61
2024-02-13 00:00:00,80.17
2024-02-12 00:00:00,80.215
2024-02-09 00:00:00,74.735
2024-02-08 00:00:00,75.49
2024-02-07 00:00:00,75.095
2024-02-06 00:00:00,70.6
2024-02-05 00:00:00,68.305
2024-02-02 00:00:00,68.565
2024-02-01 00:00:00,68.4
2024-01-31 00:00:00,64.825
2024-01-30 00:00:00,71.725
2024-01-29 00:00:00,68.445
2024-01-26 00:00:00,71.37
2024-01-25 00:00:00,76.405
2024-01-24 00:00:00,76.445
2024-01-23 00:00:00,77.585
2024-01-22 00:00:00,78.115
2024-01-19 00:00:00,77.165
2024-01-18 00:00:00,78.625
2024-01-17 00:00:00,73.675
2024-01-16 00:00:00,72.95
2024-01-15 00:00:00,72.455
2024-01-12 00:00:00,71.995
2024-01-11 00:00:00,70.06
2024-01-10 00:00:00,70.9
2024-01-09 00:00:00,71.835
2024-01-08 00:00:00,71.85
2024-01-05 00:00:00,71.87
2024-01-04 00:00:00,71.835
2024-01-03 00:00:00,71.88
2024-01-02 00:00:00,71.85
2024-01-01 00:00:00,68.57
2023-12-29 00:00:00,67.07
2023-12-28 00:00:00,61.435
2023-12-27 00:00:00,62.985
2023-12-26 00:00:00,66.87
2023-12-25 00:00:00,69.595
2023-12-22 00:00:00,76.51
2023-12-21 00:00:00,76.5
2023-12-20 00:00:00,76.51
2023-12-19 00:00:00,76.495
2023-12-18 00:00:00,76.49
2023-12-15 00:00:00,77.34
2023-12-14 00:00:00,77.335
2023-12-13 00:00:00,77.34
2023-12-12 00:00:00,79.44
2023-12-11 00:00:00,77.81
2023-12-08 00:00:00,71.66
2023-12-07 00:00:00,71.66
2023-12-06 00:00:00,71.98
2023-12-05 00:00:00,68.34
2023-12-04 00:00:00,73.005
2023-12-01 00:00:00,68.535
2023-11-30 00:00:00,68.56
2023-11-29 00:00:00,66.485
2023-11-28 00:00:00,70.775
2023-11-27 00:00:00,72.07
2023-11-24 00:00:00,77.795
2023-11-23 00:00:00,77.93
2023-11-22 00:00:00,78.13
2023-11-21 00:00:00,76.295
2023-11-20 00:00:00,78.725
2023-11-17 00:00:00,73.175
2023-11-16 00:00:00,70.755
2023-11-15 00:00:00,74.125
2023-11-14 00:00:00,73.015
2023-11-13 00:00:00,80.045
2023-11-10 00:00:00,80.035
2023-11-09 00:00:00,80.035
2023-11-08 00:00:00,78.475
2023-11-07 00:00:00,74.57
2023-11-06 00:00:00,74.145
2023-11-03 00:00:00,68.43
2023-11-02 00:00:00,70.31
2023-11-01 00:00:00,70.35
2023-10-31 00:00:00,72.805
2023-10-30 00:00:00,71.915
2023-10-27 00:00:00,69.575
2023-10-26 00:00:00,68.41
2023-10-25 00:00:00,72.745
2023-10-24 00:00:00,71.595
2023-10-23 00:00:00,76.015
2023-10-20 00:00:00,70.41
2023-10-19 00:00:00,78.015
2023-10-18 00:00:00,80.125
2023-10-17 00:00:00,80.59
2023-10-16 00:00:00,74.655
2023-10-13 00:00:00,73.74
2023-10-12 00:00:00,78.785
2023-10-11 00:00:00,76.94
2023-10-10 00:00:00,74.65
2023-10-09 00:00:00,68.955
2023-10-06 00:00:00,71.255
2023-10-05 00:00:00,65.075
2023-10-04 00:00:00,63.81
2023-10-03 00:00:00,60.51
2023-10-02 00:00:00,61.77
2023-09-29 00:00:00,62.39
2023-09-28 00:00:00,62.42
2023-09-27 00:00:00,56.98
2023-09-26 00:00:00,55.01
2023-09-25 00:00:00,54.96
2023-09-22 00:00:00,54.94
2023-09-21 00:00:00,54.945
2023-09-20 00:00:00,59.8
2023-09-19 00:00:00,56.69
2023-09-18 00:00:00,58.57
2023-09-15 00:00:00,55.61
2023-09-14 00:00:00,58.15
2023-09-13 00:00:00,62.36
2023-09-12 00:00:00,60.365
2023-09-11 00:00:00,60.34
2023-09-08 00:00:00,60.115
2023-09-07 00:00:00,62.235
2023-09-06 00:00:00,62.59
2023-09-05 00:00:00,62.575
2023-09-04 00:00:00,63.52
2023-09-01 00:00:00,63.205
2023-08-31 00:00:00,63.24
2023-08-30 00:00:00,63.215
2023-08-29 00:00:00,59.735
2023-08-28 00:00:00,63.86
2023-08-25 00:00:00,69.435
2023-08-24 00:00:00,65.595
2023-08-23 00:00:00,71.46
2023-08-22 00:00:00,71.46
2023-08-21 00:00:00,68.395
2023-08-18 00:00:00,49.05
2023-08-17 00:00:00,49.03
2023-08-16 00:00:00,49.025
2023-08-15 00:00:00,49.02
2023-08-14 00:00:00,49.055
2023-08-11 00:00:00,49.065
2023-08-10 00:00:00,49.025
2023-08-09 00:00:00,49.06
2023-08-08 00:00:00,49.01
2023-08-07 00:00:00,51.115
2023-08-04 00:00:00,51.14
2023-08-03 00:00:00,51.25
2023-08-02 00:00:00,51.56
2023-08-01 00:00:00,51.515
2023-07-31 00:00:00,55.16
2023-07-28 00:00:00,59.48
2023-07-27 00:00:00,59.47
2023-07-26 00:00:00,59.46
2023-07-25 00:00:00,54.51
2023-07-24 00:00:00,54.485
2023-07-21 00:00:00,54.5
2023-07-20 00:00:00,54.505
2023-07-19 00:00:00,54.505
2023-07-18 00:00:00,54.46
2023-07-17 00:00:00,51.96
2023-07-14 00:00:00,51.94
2023-07-13 00:00:00,51.9
2023-07-12 00:00:00,51.94
2023-07-11 00:00:00,51.93
2023-07-10 00:00:00,51.915
2023-07-07 00:00:00,51.94
2023-07-06 00:00:00,51.96
2023-07-05 00:00:00,47.64
2023-07-04 00:00:00,47.685
2023-07-03 00:00:00,47.61
2023-06-30 00:00:00,44.135
2023-06-29 00:00:00,44.09
2023-06-28 00:00:00,40.08
2023-06-27 00:00:00,40.025
2023-06-26 00:00:00,40.08
2023-06-23 00:00:00,40.065
2023-06-22 00:00:00,40.035
2023-06-21 00:00:00,40.015
2023-06-20 00:00:00,40.045
2023-06-19 00:00:00,40.035
2023-06-16 00:00:00,40.18
2023-06-15 00:00:00,40.135
2023-06-14 00:00:00,40.155
2023-06-13 00:00:00,43.41
2023-06-12 00:00:00,43.86
2023-06-09 00:00:00,43.85
2023-06-08 00:00:00,43.905
2023-06-07 00:00:00,48.2
2023-06-06 00:00:00,48.6
2023-06-05 00:00:00,48.61
2023-06-02 00:00:00,49.65
2023-06-01 00:00:00,46.54
2023-05-31 00:00:00,62.08
2023-05-30 00:00:00,62.095
2023-05-29 00:00:00,62.125
2023-05-26 00:00:00,62.135
2023-05-25 00:00:00,62.13
2023-05-24 00:00:00,62.1
2023-05-23 00:00:00,62.105
2023-05-22 00:00:00,62.07
2023-05-19 00:00:00,62.105
2023-05-18 00:00:00,62.125
2023-05-17 00:00:00,62.135
2023-05-16 00:00:00,62.09
2023-05-15 00:00:00,62.145
2023-05-12 00:00:00,62.125
2023-05-11 00:00:00,62.085
2023-05-10 00:00:00,62.115
2023-05-09 00:00:00,62.08
2023-05-08 00:00:00,67.87
2023-05-05 00:00:00,67.825
2023-05-04 00:00:00,72.31
2023-05-03 00:00:00,72.26
2023-05-02 00:00:00,72.31
2023-05-01 00:00:00,72.295
2023-04-28 00:00:00,72.32
2023-04-27 00:00:00,72.34
2023-04-26 00:00:00,72.295
2023-04-25 00:00:00,72.88
2023-04-24 00:00:00,72.865
2023-04-21 00:00:00,72.865
2023-04-20 00:00:00,72.88
2023-04-19 00:00:00,72.9
2023-04-18 00:00:00,72.87
2023-04-17 00:00:00,72.9
2023-04-14 00:00:00,72.88
2023-04-13 00:00:00,74.77
2023-04-12 00:00:00,70.63
2023-04-11 00:00:00,70.62
2023-04-10 00:00:00,70.63
2023-04-07 00:00:00,70.64
2023-04-06 00:00:00,70.62
2023-04-05 00:00:00,70.565
2023-04-04 00:00:00,70.6
2023-04-03 00:00:00,67.69
2023-03-31 00:00:00,67.72
2023-03-30 00:00:00,67.71
2023-03-29 00:00:00,67.73
2023-03-28 00:00:00,67.695
2023-03-27 00:00:00,67.73
2023-03-24 00:00:00,67.68
2023-03-23 00:00:00,67.665
2023-03-22 00:00:00,67.755
2023-03-21 00:00:00,67.71
2023-03-20 00:00:00,67.69
2023-03-17 00:00:00,63.94
2023-03-16 00:00:00,63.905
2023-03-15 00:00:00,63.87
2023-03-14 00:00:00,63.89
2023-03-13 00:00:00,63.895
2023-03-10 00:00:00,68.9
2023-03-09 00:00:00,68.92
2023-03-08 00:00:00,75.45
2023-03-07 00:00:00,75.23
2023-03-06 00:00:00,70.755
2023-03-03 00:00:00,70.77
2023-03-02 00:00:00,66.35
2023-03-01 00:00:00,62.215
2023-02-28 00:00:00,62.25
2023-02-27 00:00:00,62.22
2023-02-24 00:00:00,62.25
2023-02-23 00:00:00,62.23
2023-02-22 00:00:00,62.98
2023-02-21 00:00:00,65.68
2023-02-20 00:00:00,65.655
2023-02-17 00:00:00,63.37
2023-02-16 00:00:00,63.01
2023-02-15 00:00:00,61.645
2023-02-14 00:00:00,56.715
2023-02-13 00:00:00,56.715
2023-02-10 00:00:00,56.715
2023-02-09 00:00:00,56.68
2023-02-08 00:00:00,62.485
2023-02-07 00:00:00,63.52
2023-02-06 00:00:00,63.515
2023-02-03 00:00:00,63.145
2023-02-02 00:00:00,69.845
2023-02-01 00:00:00,69.855
2023-01-31 00:00:00,66.32
2023-01-30 00:00:00,73.575
2023-01-27 00:00:00,67.835
2023-01-26 00:00:00,70.82
2023-01-25 00:00:00,77.7
2023-01-24 00:00:00,77.725
2023-01-23 00:00:00,77.715
2023-01-20 00:00:00,82.775
2023-01-19 00:00:00,80.915
2023-01-18 00:00:00,73.96
2023-01-17 00:00:00,76.945
2023-01-16 00:00:00,76.965
2023-01-13 00:00:00,75.565
2023-01-12 00:00:00,70.51
2023-01-11 00:00:00,76.515
2023-01-10 00:00:00,82.385
2023-01-09 00:00:00,75.32
2023-01-06 00:00:00,69.66
2023-01-05 00:00:00,69.235
2023-01-04 00:00:00,69.245
2023-01-03 00:00:00,63.425
2023-01-02 00:00:00,62.43
2022-12-30 00:00:00,67.115
2022-12-29 00:00:00,63.735
2022-12-28 00:00:00,72.125
2022-12-27 00:00:00,72.115
2022-12-26 00:00:00,72.115
2022-12-23 00:00:00,72.1
2022-12-22 00:00:00,72.115
2022-12-21 00:00:00,72.115
2022-12-20 00:00:00,72.11
2022-12-19 00:00:00,72.09
2022-12-16 00:00:00,72.11
2022-12-15 00:00:00,72.115
2022-12-14 00:00:00,74.065
2022-12-13 00:00:00,74.06
2022-12-12 00:00:00,74.03
2022-12-09 00:00:00,74.035
2022-12-08 00:00:00,74.02
2022-12-07 00:00:00,74.03
2022-12-06 00:00:00,74.03
2022-12-05 00:00:00,74.045
2022-12-02 00:00:00,74.025
2022-12-01 00:00:00,74.02
2022-11-30 00:00:00,74.045
2022-11-29 00:00:00,74.03
2022-11-28 00:00:00,74.025
2022-11-25 00:00:00,81.47
2022-11-24 00:00:00,79.56
2022-11-23 00:00:00,79.56
2022-11-22 00:00:00,76.67
2022-11-21 00:00:00,74.085
2022-11-18 00:00:00,77.14
2022-11-17 00:00:00,84.7
2022-11-16 00:00:00,78.83
2022-11-15 00:00:00,77.935
2022-11-14 00:00:00,78.8
2022-11-11 00:00:00,77.89
2022-11-10 00:00:00,77.845
2022-11-09 00:00:00,77.87
2022-11-08 00:00:00,82.915
2022-11-07 00:00:00,80.53
2022-11-04 00:00:00,79.96
2022-11-03 00:00:00,82.16
2022-11-02 00:00:00,82.155
2022-11-01 00:00:00,77.265
2022-10-31 00:00:00,75.91
2022-10-28 00:00:00,75.865
2022-10-27 00:00:00,75.885
2022-10-26 00:00:00,83.955
2022-10-25 00:00:00,83.935
2022-10-24 00:00:00,84.11
2022-10-21 00:00:00,84.895
2022-10-20 00:00:00,70.29
2022-10-19 00:00:00,70.3
2022-10-18 00:00:00,70.335
2022-10-17 00:00:00,70.31
2022-10-14 00:00:00,70.275
2022-10-13 00:00:00,70.245
2022-10-12 00:00:00,70.225
2022-10-11 00:00:00,70.33
2022-10-10 00:00:00,70.815
2022-10-07 00:00:00,70.84
2022-10-06 00:00:00,70.82
2022-10-05 00:00:00,70.83
2022-10-04 00:00:00,70.775
2022-10-03 00:00:00,68.095
2022-09-30 00:00:00,68.02
2022-09-29 00:00:00,66.5
2022-09-28 00:00:00,64.895
2022-09-27 00:00:00,72.27
2022-09-26 00:00:00,72.28
2022-09-23 00:00:00,72.255
2022-09-22 00:00:00,72.285
2022-09-21 00:00:00,72.245
2022-09-20 00:00:00,72.26
2022-09-19 00:00:00,67.43
2022-09-16 00:00:00,67.495
2022-09-15 00:00:00,67.45
2022-09-14 00:00:00,67.485
2022-09-13 00:00:00,67.475
2022-09-12 00:00:00,67.485
2022-09-09 00:00:00,67.495
2022-09-08 00:00:00,67.46
2022-09-07 00:00:00,69.25
2022-09-06 00:00:00,69.255
2022-09-05 00:00:00,69.26
2022-09-02 00:00:00,69.23
2022-09-01 00:00:00,69.25
2022-08-31 00:00:00,69.26
2022-08-30 00:00:00,69.255
2022-08-29 00:00:00,69.33
2022-08-26 00:00:00,66.385
2022-08-25 00:00:00,69.8
2022-08-24 00:00:00,69.79
2022-08-23 00:00:00,69.835
2022-08-22 00:00:00,69.815
2022-08-19 00:00:00,69.135
2022-08-18 00:00:00,65.35
2022-08-17 00:00:00,65.345
2022-08-16 00:00:00,64.42
2022-08-15 00:00:00,64.435
2022-08-12 00:00:00,64.435
2022-08-11 00:00:00,64.45
2022-08-10 00:00:00,64.415
2022-08-09 00:00:00,64.435
2022-08-08 00:00:00,64.445
2022-08-05 00:00:00,64.415
2022-08-04 00:00:00,65.69
2022-08-03 00:00:00,65.705
2022-08-02 00:00:00,72.19
2022-08-01 00:00:00,72.18
2022-07-29 00:00:00,72.2
2022-07-28 00:00:00,86.94
2022-07-27 00:00:00,86.92
2022-07-26 00:00:00,86.91
2022-07-25 00:00:00,86.925
2022-07-22 00:00:00,86.925
2022-07-21 00:00:00,86.915
2022-07-20 00:00:00,86.92
2022-07-19 00:00:00,86.905
2022-07-18 00:00:00,82.5
2022-07-15 00:00:00,84.51
2022-07-14 00:00:00,84.53
2022-07-13 00:00:00,82.475
2022-07-12 00:00:00,77.985
2022-07-11 00:00:00,77.985
2022-07-08 00:00:00,78.01
2022-07-07 00:00:00,86.42
2022-07-06 00:00:00,86.41
2022-07-05 00:00:00,79.425
2022-07-04 00:00:00,81.27
2022-07-01 00:00:00,81.215
2022-06-30 00:00:00,84.125
2022-06-29 00:00:00,80.51
2022-06-28 00:00:00,67.95
2022-06-27 00:00:00,67.89
2022-06-24 00:00:00,67.96
2022-06-23 00:00:00,67.93
2022-06-22 00:00:00,67.93
2022-06-21 00:00:00,67.925
2022-06-20 00:00:00,67.87
2022-06-17 00:00:00,67.86
2022-06-16 00:00:00,67.915
2022-06-15 00:00:00,68.015
2022-06-14 00:00:00,67.95
2022-06-13 00:00:00,67.935
2022-06-10 00:00:00,67.94
2022-06-09 00:00:00,67.905
2022-06-08 00:00:00,67.935
2022-06-07 00:00:00,67.935
2022-06-06 00:00:00,71.985
2022-06-03 00:00:00,74.075
2022-06-02 00:00:00,78.69
2022-06-01 00:00:00,76.94
2022-05-31 00:00:00,74.145
2022-05-30 00:00:00,74.155
2022-05-27 00:00:00,74.155
2022-05-26 00:00:00,78.635
2022-05-25 00:00:00,76.34
2022-05-24 00:00:00,70.555
2022-05-23 00:00:00,72.22
2022-05-20 00:00:00,72.255
2022-05-19 00:00:00,74.72
2022-05-18 00:00:00,75.01
2022-05-17 00:00:00,76.59
2022-05-16 00:00:00,76.59
2022-05-13 00:00:00,78.21
2022-05-12 00:00:00,73.375
2022-05-11 00:00:00,73.42
2022-05-10 00:00:00,73.41
2022-05-09 00:00:00,73.435
2022-05-06 00:00:00,73.435
2022-05-05 00:00:00,67.575
2022-05-04 00:00:00,67.61
2022-05-03 00:00:00,67.575
2022-05-02 00:00:00,67.585
2022-04-29 00:00:00,67.595
2022-04-28 00:00:00,69.185
2022-04-27 00:00:00,57.575
2022-04-26 00:00:00,57.57
2022-04-25 00:00:00,57.595
2022-04-22 00:00:00,54.535
2022-04-21 00:00:00,54.46
2022-04-20 00:00:00,54.45
2022-04-19 00:00:00,54.475
2022-04-18 00:00:00,54.465
2022-04-15 00:00:00,54.47
2022-04-14 00:00:00,54.47
2022-04-13 00:00:00,54.45
2022-04-12 00:00:00,54.475
2022-04-11 00:00:00,50.95
2022-04-08 00:00:00,50.905
2022-04-07 00:00:00,50.895
2022-04-06 00:00:00,50.96
2022-04-05 00:00:00,50.915
2022-04-04 00:00:00,50.875
2022-04-01 00:00:00,50.58
2022-03-31 00:00:00,50.605
2022-03-30 00:00:00,40.66
2022-03-29 00:00:00,40.6
2022-03-28 00:00:00,40.62
2022-03-25 00:00:00,40.61
2022-03-24 00:00:00,40.555
2022-03-23 00:00:00,40.565
2022-03-22 00:00:00,40.62
2022-03-21 00:00:00,40.6
2022-03-18 00:00:00,38.265
2022-03-17 00:00:00,38.305
2022-03-16 00:00:00,38.285
2022-03-15 00:00:00,38.3
2022-03-14 00:00:00,38.245
2022-03-11 00:00:00,38.3
2022-03-10 00:00:00,38.295
2022-03-09 00:00:00,38.305
2022-03-08 00:00:00,38.31
2022-03-07 00:00:00,38.32
2022-03-04 00:00:00,38.325
2022-03-03 00:00:00,38.39
2022-03-02 00:00:00,38.255
2022-03-01 00:00:00,38.225
2022-02-28 00:00:00,41.14
2022-02-25 00:00:00,41.095
2022-02-24 00:00:00,41.11
2022-02-23 00:00:00,41.12
2022-02-22 00:00:00,41.15
2022-02-21 00:00:00,41.125
2022-02-18 00:00:00,41.125
2022-02-17 00:00:00,39.115
2022-02-16 00:00:00,39.19
2022-02-15 00:00:00,40.06
2022-02-14 00:00:00,38.375
2022-02-11 00:00:00,41.13
2022-02-10 00:00:00,38.245
2022-02-09 00:00:00,38.26
2022-02-08 00:00:00,40.32
2022-02-07 00:00:00,40.395
2022-02-04 00:00:00,40.405
2022-02-03 00:00:00,40.405
2022-02-02 00:00:00,40.395
2022-02-01 00:00:00,40.535
2022-01-31 00:00:00,41.51
2022-01-28 00:00:00,41.515
2022-01-27 00:00:00,41.135
2022-01-26 00:00:00,38.075
2022-01-25 00:00:00,37.965
2022-01-24 00:00:00,37.265
2022-01-21 00:00:00,39.715
2022-01-20 00:00:00,42.89
2022-01-19 00:00:00,43.83
2022-01-18 00:00:00,43.055
2022-01-17 00:00:00,45.065
2022-01-14 00:00:00,44.545
2022-01-13 00:00:00,40.495
2022-01-12 00:00:00,40.965
2022-01-11 00:00:00,44.78
2022-01-10 00:00:00,42.495
2022-01-07 00:00:00,40.425
2022-01-06 00:00:00,40.425
2022-01-05 00:00:00,40.435
2022-01-04 00:00:00,40.305
2022-01-03 00:00:00,39.285
2021-12-31 00:00:00,39.275
2021-12-30 00:00:00,39.265
2021-12-29 00:00:00,39.035
2021-12-28 00:00:00,37.235
2021-12-27 00:00:00,39.335
2021-12-24 00:00:00,39.565
2021-12-23 00:00:00,41.475
2021-12-22 00:00:00,40.2
2021-12-21 00:00:00,38.075
2021-12-20 00:00:00,38.075
2021-12-17 00:00:00,37.435
2021-12-16 00:00:00,40.665
2021-12-15 00:00:00,41.65
2021-12-14 00:00:00,41.435
2021-12-13 00:00:00,39.545
2021-12-10 00:00:00,40.905
2021-12-09 00:00:00,43.595
2021-12-08 00:00:00,43.58
2021-12-07 00:00:00,40.255
2021-12-06 00:00:00,38.185
2021-12-03 00:00:00,38.315
2021-12-02 00:00:00,38.285
2021-12-01 00:00:00,39.125
2021-11-30 00:00:00,39.085
2021-11-29 00:00:00,39.075
2021-11-26 00:00:00,39.075
2021-11-25 00:00:00,37.035
2021-11-24 00:00:00,37.16
2021-11-23 00:00:00,37.985
2021-11-22 00:00:00,36.12
2021-11-19 00:00:00,37.915
2021-11-18 00:00:00,37.915
2021-11-17 00:00:00,37.915
2021-11-16 00:00:00,37.915
2021-11-15 00:00:00,37.905
2021-11-12 00:00:00,37.915
2021-11-11 00:00:00,37.96
2021-11-10 00:00:00,37.955
2021-11-09 00:00:00,37.99
2021-11-08 00:00:00,37.96
2021-11-05 00:00:00,37.945
2021-11-04 00:00:00,37.925
2021-11-03 00:00:00,37.895
2021-11-02 00:00:00,37.86
2021-11-01 00:00:00,37.875
2021-10-29 00:00:00,37.895
2021-10-28 00:00:00,35.65
2021-10-27 00:00:00,33.625
2021-10-26 00:00:00,34.305
2021-10-25 00:00:00,31.365
2021-10-22 00:00:00,32.75
2021-10-21 00:00:00,32.735
2021-10-20 00:00:00,32.715
2021-10-19 00:00:00,35.56
2021-10-18 00:00:00,32.715
2021-10-15 00:00:00,32.7
2021-10-14 00:00:00,32.725
2021-10-13 00:00:00,35.17
2021-10-12 00:00:00,38.275
2021-10-11 00:00:00,38.27
2021-10-08 00:00:00,38.06
2021-10-07 00:00:00,36.24
2021-10-06 00:00:00,38.415
2021-10-05 00:00:00,39.18
2021-10-04 00:00:00,36.925
2021-10-01 00:00:00,35.285
2021-09-30 00:00:00,39.265
2021-09-29 00:00:00,37.385
2021-09-28 00:00:00,39.375
2021-09-27 00:00:00,38.445
2021-09-24 00:00:00,39.365
2021-09-23 00:00:00,38.105
2021-09-22 00:00:00,38.12
2021-09-21 00:00:00,36.185
2021-09-20 00:00:00,37.525
2021-09-17 00:00:00,38.665
2021-09-16 00:00:00,38.685
2021-09-15 00:00:00,38.67
2021-09-14 00:00:00,38.495
2021-09-13 00:00:00,35.41
2021-09-10 00:00:00,35.4
2021-09-09 00:00:00,35.405
2021-09-08 00:00:00,35.405
2021-09-07 00:00:00,35.41
2021-09-06 00:00:00,35.41
2021-09-03 00:00:00,35.405
2021-09-02 00:00:00,35.41
2021-09-01 00:00:00,35.415
2021-08-31 00:00:00,35.405
2021-08-30 00:00:00,35.405
2021-08-27 00:00:00,35.415
2021-08-26 00:00:00,35.415
2021-08-25 00:00:00,35.405
2021-08-24 00:00:00,35.41
2021-08-23 00:00:00,35.405
2021-08-20 00:00:00,35.405
2021-08-19 00:00:00,36.405
2021-08-18 00:00:00,35.415
2021-08-17 00:00:00,36.48
2021-08-16 00:00:00,36.475
2021-08-13 00:00:00,36.61
2021-08-12 00:00:00,38.78
2021-08-11 00:00:00,38.785
2021-08-10 00:00:00,38.785
2021-08-09 00:00:00,38.775
2021-08-06 00:00:00,38.78
2021-08-05 00:00:00,38.785
2021-08-04 00:00:00,38.775
2021-08-03 00:00:00,38.765
2021-08-02 00:00:00,38.765
2021-07-30 00:00:00,38.765
2021-07-29 00:00:00,38.765
2021-07-28 00:00:00,38.765
2021-07-27 00:00:00,38.76
2021-07-26 00:00:00,38.755
2021-07-23 00:00:00,38.755
2021-07-22 00:00:00,38.765
2021-07-21 00:00:00,38.755
2021-07-20 00:00:00,38.755
2021-07-19 00:00:00,38.755
2021-07-16 00:00:00,38.755
2021-07-15 00:00:00,38.755
2021-07-14 00:00:00,39.88
2021-07-13 00:00:00,40.935
2021-07-12 00:00:00,40.995
2021-07-09 00:00:00,42.18
2021-07-08 00:00:00,44.17
2021-07-07 00:00:00,44.155
2021-07-06 00:00:00,44.165
2021-07-05 00:00:00,44.16
2021-07-02 00:00:00,42.105
2021-07-01 00:00:00,43.105
2021-06-30 00:00:00,42.175
2021-06-29 00:00:00,44.405
2021-06-28 00:00:00,46.4
2021-06-25 00:00:00,46.4
2021-06-24 00:00:00,44.235
2021-06-23 00:00:00,43.235
2021-06-22 00:00:00,44.235
2021-06-21 00:00:00,43.305
2021-06-18 00:00:00,43.295
2021-06-17 00:00:00,45.305
2021-06-16 00:00:00,43.335
2021-06-15 00:00:00,45.425
2021-06-14 00:00:00,45.315
2021-06-11 00:00:00,43.41
2021-06-10 00:00:00,44.41
2021-06-09 00:00:00,43.42
2021-06-08 00:00:00,44.585
2021-06-07 00:00:00,46.59
2021-06-04 00:00:00,44.6
2021-06-03 00:00:00,46.66
2021-06-02 00:00:00,45.72
2021-06-01 00:00:00,47.825
2021-05-31 00:00:00,47.775
2021-05-28 00:00:00,46.73
2021-05-27 00:00:00,46.795
2021-05-26 00:00:00,46.79
2021-05-25 00:00:00,47.9
2021-05-24 00:00:00,48.895
2021-05-21 00:00:00,47.725
2021-05-20 00:00:00,45.62
2021-05-19 00:00:00,45.61
2021-05-18 00:00:00,45.62
2021-05-17 00:00:00,45.62
2021-05-14 00:00:00,45.62
2021-05-13 00:00:00,45.62
2021-05-12 00:00:00,45.615
2021-05-11 00:00:00,45.62
2021-05-10 00:00:00,45.62
2021-05-07 00:00:00,45.57
2021-05-06 00:00:00,44.565
2021-05-05 00:00:00,45.51
2021-05-04 00:00:00,43.455
2021-05-03 00:00:00,44.57
2021-04-30 00:00:00,45.56
2021-04-29 00:00:00,64.14
2021-04-28 00:00:00,64.14
2021-04-27 00:00:00,64.14
2021-04-26 00:00:00,64.14
2021-04-23 00:00:00,64.14
2021-04-22 00:00:00,64.14
2021-04-21 00:00:00,64.14
2021-04-20 00:00:00,64.14
2021-04-19 00:00:00,64.14
2021-04-16 00:00:00,64.14
2021-04-15 00:00:00,64.14
2021-04-14 00:00:00,64.14
2021-04-13 00:00:00,64.14
2021-04-12 00:00:00,64.14
2021-04-09 00:00:00,64.14
2021-04-08 00:00:00,64.14
2021-04-07 00:00:00,64.14
2021-04-06 00:00:00,64.14
2021-04-05 00:00:00,64.14
2021-04-02 00:00:00,64.14
2021-04-01 00:00:00,64.14
2021-03-31 00:00:00,64.13
2021-03-30 00:00:00,64.14
2021-03-29 00:00:00,60.13
2021-03-26 00:00:00,60.13
2021-03-25 00:00:00,60.125
2021-03-24 00:00:00,60.125
2021-03-23 00:00:00,60.125
2021-03-22 00:00:00,60.125
2021-03-19 00:00:00,55.975
2021-03-18 00:00:00,57.18
2021-03-17 00:00:00,55.98
2021-03-16 00:00:00,56.425
2021-03-15 00:00:00,57.03
2021-03-12 00:00:00,54.1
2021-03-11 00:00:00,56.57
2021-03-10 00:00:00,55.56
2021-03-09 00:00:00,56
2021-03-08 00:00:00,57.585
2021-03-05 00:00:00,56.865
2021-03-04 00:00:00,56.865
2021-03-03 00:00:00,55.405
2021-03-02 00:00:00,53.27
2021-03-01 00:00:00,58.845
2021-02-26 00:00:00,57.29
2021-02-25 00:00:00,55.99
2021-02-24 00:00:00,57.15
2021-02-23 00:00:00,57.765
2021-02-22 00:00:00,55.685
2021-02-19 00:00:00,56.71
2021-02-18 00:00:00,57.785
2021-02-17 00:00:00,55.295
2021-02-16 00:00:00,54.12
2021-02-15 00:00:00,54.99
2021-02-12 00:00:00,54.41
2021-02-11 00:00:00,53.84
2021-02-10 00:00:00,56.005
2021-02-09 00:00:00,54.4
2021-02-08 00:00:00,54.265
2021-02-05 00:00:00,53.385
2021-02-04 00:00:00,53.935
2021-02-03 00:00:00,53.545
2021-02-02 00:00:00,55.795
2021-02-01 00:00:00,55.26
2021-01-29 00:00:00,56.07
2021-01-28 00:00:00,58.045
2021-01-27 00:00:00,55.795
2021-01-26 00:00:00,56.365
2021-01-25 00:00:00,56.365
2021-01-22 00:00:00,55.51
2021-01-21 00:00:00,54.815
2021-01-20 00:00:00,54.29
2021-01-19 00:00:00,55.93
2021-01-18 00:00:00,58.07
2021-01-15 00:00:00,55.935
2021-01-14 00:00:00,55.225
2021-01-13 00:00:00,56.795
2021-01-12 00:00:00,56.965
2021-01-11 00:00:00,55.94
2021-01-08 00:00:00,55.355
2021-01-07 00:00:00,54.37
2021-01-06 00:00:00,58.48
2021-01-05 00:00:00,55.045
2021-01-04 00:00:00,55.795
2021-01-01 00:00:00,55.795
2020-12-31 00:00:00,55.795
2020-12-30 00:00:00,54.57
2020-12-29 00:00:00,53.98
2020-12-28 00:00:00,53.98
2020-12-25 00:00:00,53.98
2020-12-24 00:00:00,54.16
2020-12-23 00:00:00,54.34
2020-12-22 00:00:00,61.145
2020-12-21 00:00:00,56.825
2020-12-18 00:00:00,55.06
2020-12-17 00:00:00,54.51
2020-12-16 00:00:00,56.22
2020-12-15 00:00:00,54.665
2020-12-14 00:00:00,57.785
2020-12-11 00:00:00,52.805
2020-12-10 00:00:00,51.135
2020-12-09 00:00:00,50.86
2020-12-08 00:00:00,51.23
2020-12-07 00:00:00,50.905
2020-12-04 00:00:00,50.25
2020-12-03 00:00:00,50.43
2020-12-02 00:00:00,50.69
2020-12-01 00:00:00,51.05
2020-11-30 00:00:00,51.74
2020-11-27 00:00:00,51.04
2020-11-26 00:00:00,51.105
2020-11-25 00:00:00,51.06
2020-11-24 00:00:00,50.585
2020-11-23 00:00:00,51.315
2020-11-20 00:00:00,51.56
2020-11-19 00:00:00,51.81
2020-11-18 00:00:00,51.58
2020-11-17 00:00:00,51.29
2020-11-16 00:00:00,51.705
2020-11-13 00:00:00,52.4
2020-11-12 00:00:00,52.34
2020-11-11 00:00:00,51.505
2020-11-10 00:00:00,50.99
2020-11-09 00:00:00,51.855
2020-11-06 00:00:00,53.335
2020-11-05 00:00:00,54.39
2020-11-04 00:00:00,56.285
2020-11-03 00:00:00,57.28
2020-11-02 00:00:00,58.505
2020-10-30 00:00:00,58.965
2020-10-29 00:00:00,59.475
2020-10-28 00:00:00,58.37
2020-10-27 00:00:00,56.405
2020-10-26 00:00:00,55.85
2020-10-23 00:00:00,55.675
2020-10-22 00:00:00,55.915
2020-10-21 00:00:00,55.725
2020-10-20 00:00:00,56.07
2020-10-19 00:00:00,55.415
2020-10-16 00:00:00,56.905
2020-10-15 00:00:00,57.28
2020-10-14 00:00:00,56.025
2020-10-13 00:00:00,55.345
2020-10-12 00:00:00,55.275
2020-10-09 00:00:00,55.45
2020-10-08 00:00:00,55.96
2020-10-07 00:00:00,56.52
2020-10-06 00:00:00,56.845
2020-10-05 00:00:00,57.85
2020-10-02 00:00:00,58.845
2020-10-01 00:00:00,59.14
2020-09-30 00:00:00,59.49
2020-09-29 00:00:00,59.775
2020-09-28 00:00:00,60.885
2020-09-25 00:00:00,50.86
2020-09-24 00:00:00,49.755
2020-09-23 00:00:00,48.6
2020-09-22 00:00:00,48.785
2020-09-21 00:00:00,48.74
2020-09-18 00:00:00,45.185
2020-09-17 00:00:00,45.035
2020-09-16 00:00:00,44.93
2020-09-15 00:00:00,45.365
2020-09-14 00:00:00,45.675
2020-09-11 00:00:00,45.43
2020-09-10 00:00:00,44.97
2020-09-09 00:00:00,44.755
2020-09-08 00:00:00,44.65
2020-09-07 00:00:00,44.3
2020-09-04 00:00:00,44.045
2020-09-03 00:00:00,43.045
2020-09-02 00:00:00,43.07
2020-09-01 00:00:00,43.84
2020-08-31 00:00:00,44.125
2020-08-28 00:00:00,43.935
2020-08-27 00:00:00,43.86
2020-08-26 00:00:00,43.785
2020-08-25 00:00:00,43.63
2020-08-24 00:00:00,44.02
2020-08-21 00:00:00,44.63
2020-08-20 00:00:00,44.66
2020-08-19 00:00:00,44.47
2020-08-18 00:00:00,44.72
2020-08-17 00:00:00,44.81
2020-08-14 00:00:00,44.855
2020-08-13 00:00:00,44.28
2020-08-12 00:00:00,44.35
2020-08-11 00:00:00,44.845
2020-08-10 00:00:00,44.92
2020-08-07 00:00:00,45.35
2020-08-06 00:00:00,45.47
2020-08-05 00:00:00,45.41
2020-08-04 00:00:00,45.965
2020-08-03 00:00:00,46.235
2020-07-31 00:00:00,46.555
2020-07-30 00:00:00,46.54
2020-07-29 00:00:00,45.625
2020-07-28 00:00:00,45.495
2020-07-27 00:00:00,44.82
2020-07-24 00:00:00,44.405
2020-07-23 00:00:00,44.29
2020-07-22 00:00:00,44.395
2020-07-21 00:00:00,44.29
2020-07-20 00:00:00,45.08
2020-07-17 00:00:00,45.57
2020-07-16 00:00:00,45.585
2020-07-15 00:00:00,45.705
2020-07-14 00:00:00,46.655
2020-07-13 00:00:00,46.795
2020-07-10 00:00:00,47.43
2020-07-09 00:00:00,47.06
2020-07-08 00:00:00,46.705
2020-07-07 00:00:00,46.045
2020-07-06 00:00:00,46.17
2020-07-03 00:00:00,46.91
2020-07-02 00:00:00,47.4
2020-07-01 00:00:00,48.235
2020-06-30 00:00:00,49.37
2020-06-29 00:00:00,50.205
2020-06-26 00:00:00,50.095
2020-06-25 00:00:00,49.72
2020-06-24 00:00:00,49.015
2020-06-23 00:00:00,48.29
2020-06-22 00:00:00,48.905
2020-06-19 00:00:00,48.46
2020-06-18 00:00:00,48.42
2020-06-17 00:00:00,47.805
2020-06-16 00:00:00,48.45
2020-06-15 00:00:00,51.125
2020-06-12 00:00:00,50.645
2020-06-11 00:00:00,51.15
2020-06-10 00:00:00,49.69
2020-06-09 00:00:00,48.285
2020-06-08 00:00:00,46.96
2020-06-05 00:00:00,47.31
2020-06-04 00:00:00,49.305
2020-06-03 00:00:00,49.445
2020-06-02 00:00:00,50.615
2020-06-01 00:00:00,51.385
2020-05-29 00:00:00,52.055
2020-05-28 00:00:00,51.575
2020-05-27 00:00:00,51.39
2020-05-26 00:00:00,53.885
2020-05-25 00:00:00,55.075
2020-05-22 00:00:00,55.155
2020-05-21 00:00:00,54.685
2020-05-20 00:00:00,54.685
2020-05-19 00:00:00,53.435
2020-05-18 00:00:00,54.655
2020-05-15 00:00:00,56.16
2020-05-14 00:00:00,56.79
2020-05-13 00:00:00,55.5
2020-05-12 00:00:00,54.83
2020-05-11 00:00:00,54.905
2020-05-08 00:00:00,55.865
2020-05-07 00:00:00,55.81
2020-05-06 00:00:00,55.3
2020-05-05 00:00:00,55.64
2020-05-04 00:00:00,56.835
2020-05-01 00:00:00,55.5
2020-04-30 00:00:00,54.595
2020-04-29 00:00:00,54.945
2020-04-28 00:00:00,55.065
2020-04-27 00:00:00,51.505
2020-04-24 00:00:00,52.055
2020-04-23 00:00:00,51.805
2020-04-22 00:00:00,53.155
2020-04-21 00:00:00,53.325
2020-04-20 00:00:00,51.345
2020-04-17 00:00:00,50.665
2020-04-16 00:00:00,50.795
2020-04-15 00:00:00,50.185
2020-04-14 00:00:00,48.31
2020-04-13 00:00:00,49.015
2020-04-10 00:00:00,49.085
2020-04-09 00:00:00,49.345
2020-04-08 00:00:00,51.94
2020-04-07 00:00:00,52.75
2020-04-06 00:00:00,61.075
2020-04-03 00:00:00,61.07
2020-04-02 00:00:00,61.07
2020-04-01 00:00:00,61.07
2020-03-31 00:00:00,61.07
2020-03-30 00:00:00,61.07
2020-03-27 00:00:00,61.07
2020-03-26 00:00:00,61.07
2020-03-25 00:00:00,61.06
2020-03-24 00:00:00,61.07
2020-03-23 00:00:00,61.06
2020-03-20 00:00:00,61.06
2020-03-19 00:00:00,56.65
2020-03-18 00:00:00,50.74
2020-03-17 00:00:00,50.43
2020-03-16 00:00:00,59.165
2020-03-13 00:00:00,59.165
2020-03-12 00:00:00,45.235
2020-03-11 00:00:00,45.23
2020-03-10 00:00:00,59.045
2020-03-09 00:00:00,51.23
2020-03-06 00:00:00,47.665
2020-03-05 00:00:00,43.215
2020-03-04 00:00:00,49.09
2020-03-03 00:00:00,49.1
2020-03-02 00:00:00,48.23
2020-02-28 00:00:00,51.61
2020-02-27 00:00:00,45.765
2020-02-26 00:00:00,45.765
2020-02-25 00:00:00,45.75
2020-02-24 00:00:00,45.75
2020-02-21 00:00:00,45.75
2020-02-20 00:00:00,45.75
2020-02-19 00:00:00,45.745
2020-02-18 00:00:00,45.75
2020-02-17 00:00:00,45.75
2020-02-14 00:00:00,45.745
2020-02-13 00:00:00,45.745
2020-02-12 00:00:00,45.74
2020-02-11 00:00:00,45.745
2020-02-10 00:00:00,45.745
2020-02-07 00:00:00,45.74
2020-02-06 00:00:00,45.74
2020-02-05 00:00:00,45.74
2020-02-04 00:00:00,45.74
2020-02-03 00:00:00,45.74
2020-01-31 00:00:00,45.74
2020-01-30 00:00:00,45.74
2020-01-29 00:00:00,46.53
2020-01-28 00:00:00,46.66
2020-01-27 00:00:00,46.085
2020-01-24 00:00:00,46.09
2020-01-23 00:00:00,46.085
2020-01-22 00:00:00,46.075
2020-01-21 00:00:00,46.075
2020-01-20 00:00:00,41.99
2020-01-17 00:00:00,41.99
2020-01-16 00:00:00,41.99
2020-01-15 00:00:00,41.99
2020-01-14 00:00:00,41.99
2020-01-13 00:00:00,41.99
2020-01-10 00:00:00,41.99
2020-01-09 00:00:00,41.995
2020-01-08 00:00:00,41.995
2020-01-07 00:00:00,42
2020-01-06 00:00:00,42
2020-01-03 00:00:00,41.99
2020-01-02 00:00:00,41.99
2020-01-01 00:00:00,41.99
2019-12-31 00:00:00,41.99
2019-12-30 00:00:00,41.99
2019-12-27 00:00:00,41.99
2019-12-26 00:00:00,41.99
2019-12-25 00:00:00,41.99
2019-12-24 00:00:00,41.99
2019-12-23 00:00:00,41.99
2019-12-20 00:00:00,41.99
2019-12-19 00:00:00,41.99
2019-12-18 00:00:00,41.99
2019-12-17 00:00:00,41.995
2019-12-16 00:00:00,41.99
2019-12-13 00:00:00,41.995
2019-12-12 00:00:00,43
2019-12-11 00:00:00,52.945
2019-12-10 00:00:00,53.005
2019-12-09 00:00:00,53.005
2019-12-06 00:00:00,53.005
2019-12-05 00:00:00,53.005
2019-12-04 00:00:00,53.005
2019-12-03 00:00:00,53.005
2019-12-02 00:00:00,53.005
2019-11-29 00:00:00,53.005
2019-11-28 00:00:00,53.005
2019-11-27 00:00:00,53.005
2019-11-26 00:00:00,53.005
2019-11-25 00:00:00,53.005
2019-11-22 00:00:00,53.005
2019-11-21 00:00:00,53.005
2019-11-20 00:00:00,53.005
2019-11-19 00:00:00,53.005
2019-11-18 00:00:00,53.005
2019-11-15 00:00:00,53.005
2019-11-14 00:00:00,53.005
2019-11-13 00:00:00,53.005
2019-11-12 00:00:00,53.005
2019-11-11 00:00:00,52.685
2019-11-08 00:00:00,52.635
2019-11-07 00:00:00,52.785
2019-11-06 00:00:00,53.005
2019-11-05 00:00:00,53.005
2019-11-04 00:00:00,53.005
2019-11-01 00:00:00,53.005
2019-10-31 00:00:00,53.005
2019-10-30 00:00:00,53.005
2019-10-29 00:00:00,53.005
2019-10-28 00:00:00,53.005
2019-10-25 00:00:00,53.005
2019-10-24 00:00:00,53.005
2019-10-23 00:00:00,53.005
2019-10-22 00:00:00,53.005
2019-10-21 00:00:00,53.005
2019-10-18 00:00:00,53.005
2019-10-17 00:00:00,53.005
2019-10-16 00:00:00,53.005
2019-10-15 00:00:00,55.51
2019-10-14 00:00:00,55.51
2019-10-11 00:00:00,55.51
2019-10-10 00:00:00,55.515
2019-10-09 00:00:00,55.515
2019-10-08 00:00:00,55.515
2019-10-07 00:00:00,55.515
2019-10-04 00:00:00,55.515
2019-10-03 00:00:00,55.515
2019-10-02 00:00:00,55.51
2019-10-01 00:00:00,55.515
2019-09-30 00:00:00,55.515
2019-09-27 00:00:00,55.515
2019-09-26 00:00:00,55.515
2019-09-25 00:00:00,55.515
2019-09-24 00:00:00,55.515
2019-09-23 00:00:00,55.515
2019-09-20 00:00:00,54.865
2019-09-19 00:00:00,50.01
2019-09-18 00:00:00,50.01
2019-09-17 00:00:00,50.01
2019-09-16 00:00:00,50.01
2019-09-13 00:00:00,50.01
2019-09-12 00:00:00,50.01
2019-09-11 00:00:00,50.01
2019-09-10 00:00:00,50.01
2019-09-09 00:00:00,50.015
2019-09-06 00:00:00,50.01
2019-09-05 00:00:00,50.015
2019-09-04 00:00:00,50.015
2019-09-03 00:00:00,50.015
2019-09-02 00:00:00,50.02
2019-08-30 00:00:00,50.02
2019-08-29 00:00:00,50.02
2019-08-28 00:00:00,50.015
2019-08-27 00:00:00,50.015
2019-08-26 00:00:00,50.015
2019-08-23 00:00:00,50.01
2019-08-22 00:00:00,50.015
2019-08-21 00:00:00,50.015
2019-08-20 00:00:00,50.015
2019-08-19 00:00:00,50.02
2019-08-16 00:00:00,50.02
2019-08-15 00:00:00,50.015
2019-08-14 00:00:00,50.01
2019-08-13 00:00:00,50.01
2019-08-12 00:00:00,50.01
2019-08-09 00:00:00,50.01
2019-08-08 00:00:00,50.015
2019-08-07 00:00:00,50.01
2019-08-06 00:00:00,50.01
2019-08-05 00:00:00,50.01
2019-08-02 00:00:00,50.005
2019-08-01 00:00:00,50.005
2019-07-31 00:00:00,50.005
2019-07-30 00:00:00,50.005
2019-07-29 00:00:00,50.005
2019-07-26 00:00:00,50.005
2019-07-25 00:00:00,50.005
2019-07-24 00:00:00,50
2019-07-23 00:00:00,50.005
2019-07-22 00:00:00,50.005
2019-07-19 00:00:00,50
2019-07-18 00:00:00,50
2019-07-17 00:00:00,49.995
2019-07-16 00:00:00,49.995
2019-07-15 00:00:00,49.995
2019-07-12 00:00:00,49.995
2019-07-11 00:00:00,49.995
2019-07-10 00:00:00,50
2019-07-09 00:00:00,50.005
2019-07-08 00:00:00,50
2019-07-05 00:00:00,50.005
2019-07-04 00:00:00,50.005
2019-07-03 00:00:00,50
2019-07-02 00:00:00,50
2019-07-01 00:00:00,50
2019-06-28 00:00:00,50
2019-06-27 00:00:00,50
2019-06-26 00:00:00,50
2019-06-25 00:00:00,49.995
2019-06-24 00:00:00,49.995
2019-06-21 00:00:00,50
2019-06-20 00:00:00,50
2019-06-19 00:00:00,50
2019-06-18 00:00:00,49.995
2019-06-17 00:00:00,50
2019-06-14 00:00:00,49.995
2019-06-13 00:00:00,49.995
2019-06-12 00:00:00,49.995
2019-06-11 00:00:00,49.995
2019-06-10 00:00:00,50
2019-06-07 00:00:00,49.995
2019-06-06 00:00:00,49.995
2019-06-05 00:00:00,49.995
2019-06-04 00:00:00,49.995
2019-06-03 00:00:00,49.995
2019-05-31 00:00:00,49.995
2019-05-30 00:00:00,49.995
2019-05-29 00:00:00,49.995
2019-05-28 00:00:00,49.995
2019-05-27 00:00:00,49.995
2019-05-24 00:00:00,49.995
2019-05-23 00:00:00,49.985
2019-05-22 00:00:00,49.985
2019-05-21 00:00:00,49.985
2019-05-20 00:00:00,49.99
2019-05-17 00:00:00,49.985
2019-05-16 00:00:00,49.995
2019-05-15 00:00:00,49.985
2019-05-14 00:00:00,49.985
2019-05-13 00:00:00,49.985
