Date,VB,NIBC
9/20/2022,132.515,189.72
9/19/2022,115.58,181.475
9/16/2022,114.17,181.205
9/15/2022,106.545,178.74
9/14/2022,103.21,178.28
9/13/2022,100.54,179.61
9/12/2022,99.135,177.72
9/9/2022,106.58,171.645
9/8/2022,105.095,173.535
9/7/2022,105.805,175.06
9/6/2022,112.15,179.67
9/5/2022,109.335,180.055
9/2/2022,109.41,178.72
9/1/2022,119.945,187.155
8/31/2022,114.205,183.74
8/30/2022,105.21,180.69
8/29/2022,95.285,172.43
8/26/2022,95.275,172.365
8/25/2022,94.945,171.465
8/24/2022,106.715,179.275
8/23/2022,104.875,177.44
8/22/2022,113.015,172.815
8/19/2022,100.695,171.435
8/18/2022,98.775,168.455
8/17/2022,91.96,168.705
8/16/2022,90.435,167.205
8/15/2022,98.9,165.28
8/12/2022,100.105,180.065
8/11/2022,101.46,179.215
8/10/2022,103.235,173.465
8/9/2022,105.325,180.5
8/8/2022,104.375,173.94
8/5/2022,105.275,176.31
8/4/2022,96.425,175.81
8/3/2022,98.675,179.085
8/2/2022,95.265,179.435
8/1/2022,90.28,176.53
7/29/2022,99.8,162.215
7/28/2022,96.07,165.07
7/27/2022,97.04,177.7
7/26/2022,97.775,178.66
7/25/2022,99.21,181.335
7/22/2022,108.32,176.61
7/21/2022,109.84,177.995
7/20/2022,109.03,177.865
7/19/2022,116.325,170.69
7/18/2022,119.28,173.21
7/15/2022,121.175,174.2
7/14/2022,115.945,175.81
7/13/2022,113.255,172.695
7/12/2022,111.015,169.54
7/11/2022,111.46,173.05
7/8/2022,123.73,173.555
7/7/2022,135.335,174.485
7/6/2022,137.735,176.06
7/5/2022,131.325,174.975
7/4/2022,134.73,173.235
7/1/2022,134.04,173.06
6/30/2022,138.095,169.72
6/29/2022,130.73,131.14
6/28/2022,138.805,129.415
6/27/2022,139.31,129.19
6/24/2022,140.095,129.63
6/23/2022,127.1,128.605
6/22/2022,123.96,126.19
6/21/2022,132.91,125.51
6/20/2022,110.475,126.015
6/17/2022,111.04,127.41
6/16/2022,110.21,125.035
6/15/2022,106.73,121.79
6/14/2022,107.55,123.13
6/13/2022,105.28,121.39
6/10/2022,101.58,117.905
6/9/2022,98.6,114.12
6/8/2022,97.635,87.925
6/7/2022,90.765,87.175
6/6/2022,90.53,87.685
6/3/2022,91.115,87.34
6/2/2022,90.975,87.44
6/1/2022,91.05,87.62
5/31/2022,90.86,87.755
5/30/2022,89.64,86.63
5/27/2022,90.99,87.29
5/26/2022,93.13,88.64
5/25/2022,95.2,90.285
5/24/2022,95.305,90.61
5/23/2022,94.845,90.32
5/20/2022,95.31,90.625
5/19/2022,95.24,89.89
5/18/2022,93.12,88.405
5/17/2022,91.965,87.855
5/16/2022,92.925,88.74
5/13/2022,92.835,88.76
5/12/2022,94.175,89.52
5/11/2022,93.655,95.105
5/10/2022,94.715,93.705
5/9/2022,96.005,92.085
5/6/2022,94.02,90.39
5/5/2022,91.53,88.445
5/4/2022,90.775,87.805
5/3/2022,89.705,86.38
5/2/2022,88.905,85.52
4/29/2022,89.31,86.06
4/28/2022,88.01,85.005
4/27/2022,65.105,83.9
4/26/2022,64.09,82.85
4/25/2022,63.465,82.465
4/22/2022,62.105,84.255
4/21/2022,61.515,83.955
4/20/2022,61.86,84.39
4/19/2022,62.36,83.06
4/18/2022,61.575,82.005
4/15/2022,61.635,82.025
4/14/2022,61.72,82.12
4/13/2022,61.49,82.6
4/12/2022,61.065,77.85
4/11/2022,60.93,85.255
4/8/2022,60.855,84.995
4/7/2022,60.495,84.65
4/6/2022,60.64,84.74
4/5/2022,59.465,84.81
4/4/2022,58.735,83.81
4/1/2022,58.435,77.635
3/31/2022,58.66,77.575
3/30/2022,63.69,78.61
3/29/2022,63.915,78.53
3/28/2022,66.18,80.705
3/25/2022,66.955,81.475
3/24/2022,67.45,82.69
3/23/2022,66.685,82.175
3/22/2022,66.37,81.755
3/21/2022,67.11,82.315
3/18/2022,61.49,78.025
3/17/2022,61.475,77.515
3/16/2022,63.355,79.34
3/15/2022,65.795,82.24
3/14/2022,65.075,80.08
3/11/2022,65.97,80.835
3/10/2022,66.435,81.31
3/9/2022,66.305,80.965
3/8/2022,69.825,84.285
3/7/2022,70.225,84.61
3/4/2022,66.635,80.76
3/3/2022,63.48,77.77
3/2/2022,63.51,83.53
3/1/2022,62.615,82.375
2/28/2022,61.52,81.37
2/25/2022,56.375,80.025
2/24/2022,58.475,75.8
2/23/2022,56.2,75.13
2/22/2022,56.41,68.965
2/21/2022,55.94,68.405
2/18/2022,54.935,64.025
2/17/2022,54.12,61.89
2/16/2022,53.495,61.145
2/15/2022,54.19,64.025
2/14/2022,54.58,71.32
2/11/2022,53.595,70.465
2/10/2022,53.08,70.235
2/9/2022,52.615,70.92
2/8/2022,53.685,72.24
2/7/2022,54.89,72.49
2/4/2022,52.925,64.89
2/3/2022,50.565,63.42
2/2/2022,49.185,61.855
2/1/2022,49.2,62.47
1/31/2022,49.4,68.12
1/28/2022,49.185,63.04
1/27/2022,48.11,63.735
1/26/2022,44.045,60.51
1/25/2022,46.055,59.18
1/24/2022,44.01,56.465
1/21/2022,43.015,59.9
1/20/2022,45.07,63.09
1/19/2022,47.11,64.02
1/18/2022,45.01,63.05
1/17/2022,40.97,63.625
1/14/2022,40.555,59.16
1/13/2022,39.83,56.11
1/12/2022,38.855,56.53
1/11/2022,42.92,60.575
1/10/2022,40.905,59.78
1/7/2022,42.945,61.91
1/6/2022,42.9,62.505
1/5/2022,38.805,58.355
1/4/2022,37.79,58.12
1/3/2022,38.85,55.875
12/31/2021,38.785,55.965
12/30/2021,37.78,54.925
12/29/2021,37.84,54.725
12/28/2021,44.005,52.865
12/27/2021,44.21,54.875
12/24/2021,44.185,54.165
12/23/2021,44.405,57.3
12/22/2021,44.68,57.49
12/21/2021,44.645,59.22
12/20/2021,45.31,55.95
12/17/2021,44.685,54.33
12/16/2021,44.62,58.605
12/15/2021,45.055,59.705
12/14/2021,45.01,60.43
12/13/2021,44.82,57.415
12/10/2021,45.095,58.18
12/9/2021,45.13,55.575
12/8/2021,45.64,60.435
12/7/2021,45.9,57.33
12/6/2021,46.655,57.215
12/3/2021,46.58,56.28
12/2/2021,46.965,56.855
12/1/2021,47,63.06
11/30/2021,47.53,62.495
11/29/2021,47.495,57.265
11/26/2021,47.63,57.17
11/25/2021,45.815,56.055
11/24/2021,45.775,55.22
11/23/2021,45.225,57.04
11/22/2021,44.51,54.445
11/19/2021,44.145,49.475
11/18/2021,43.835,51.635
11/17/2021,44.03,52.435
11/16/2021,44.21,50.13
11/15/2021,43.875,47.87
11/12/2021,43.735,46.11
11/11/2021,43.74,46.245
11/10/2021,43.715,50.03
11/9/2021,43.425,46.38
11/8/2021,43.43,51
11/5/2021,43.63,55.69
11/4/2021,44.075,56.33
11/3/2021,44.595,56.685
11/2/2021,44.955,56.96
11/1/2021,45.08,57.03
10/29/2021,44.99,56.985
10/28/2021,41.82,53.605
10/27/2021,41.42,50.595
10/26/2021,41.835,51.975
10/25/2021,42.03,55.4
10/22/2021,41.945,55.1
10/21/2021,42.145,55.65
10/20/2021,42.09,50.795
10/19/2021,42.535,54.425
10/18/2021,42.825,59.07
10/15/2021,42.335,53.465
10/14/2021,42.855,49.55
10/13/2021,43.54,51.96
10/12/2021,43.9,55.08
10/11/2021,43.595,55.08
10/8/2021,43.11,54.895
10/7/2021,43.085,53.035
10/6/2021,43.145,55.21
10/5/2021,42.43,56.03
10/4/2021,42.195,53.88
10/1/2021,41.835,53.13
9/30/2021,41.96,56.2
9/29/2021,43.04,55.335
9/28/2021,43.23,57.35
9/27/2021,43.03,56.44
9/24/2021,43.165,57.785
9/23/2021,43.07,60.595
9/22/2021,43.35,57.265
9/21/2021,43.645,55.2
9/20/2021,44.1,55.46
9/17/2021,39.775,54.77
9/16/2021,39.91,54.825
9/15/2021,40.085,55.78
9/14/2021,40.165,53.755
9/13/2021,40.265,54.875
9/10/2021,40.44,56.83
9/9/2021,40.78,53.845
9/8/2021,40.76,57.04
9/7/2021,40.895,59.005
9/6/2021,40.765,55.925
9/3/2021,41.305,56.89
9/2/2021,40.96,54.855
9/1/2021,41.095,55.935
8/31/2021,41.32,56.855
8/30/2021,39.37,53.775
8/27/2021,39.34,54.825
8/26/2021,39.44,54.865
8/25/2021,39.665,55.82
8/24/2021,39.53,53.745
8/23/2021,39.71,53.7
8/20/2021,39.905,52.665
8/19/2021,39.785,52.675
8/18/2021,39.61,52.67
8/17/2021,39.61,52.685
8/16/2021,39.525,52.715
8/13/2021,39.43,53.72
8/12/2021,39.675,52.635
8/11/2021,39.73,51.56
8/10/2021,39.715,50.52
8/9/2021,39.64,50.555
8/6/2021,39.65,51.52
8/5/2021,39.72,49.455
8/4/2021,39.85,49.77
8/3/2021,39.98,57.67
8/2/2021,40.01,57.65
7/30/2021,39.94,57.56
7/29/2021,39.95,57.57
7/28/2021,39.69,58.335
7/27/2021,39.625,58.51
7/26/2021,39.275,57.915
7/23/2021,39.28,58.13
7/22/2021,39.39,58.26
7/21/2021,39.855,58.775
7/20/2021,40.41,59.57
7/19/2021,40.075,58.86
7/16/2021,39.415,57.57
7/15/2021,39.435,57.25
7/14/2021,39.405,56.935
7/13/2021,39.36,56.94
7/12/2021,39.375,56.975
7/9/2021,39.69,57.95
7/8/2021,39.765,55.86
7/7/2021,38.955,55.815
7/6/2021,38.835,54.935
7/5/2021,38.49,59.03
7/2/2021,38.47,56.98
7/1/2021,38.6,57.985
6/30/2021,38.495,57.025
6/29/2021,38.52,59.115
6/28/2021,38.465,59.195
6/25/2021,44.195,61.25
6/24/2021,44.165,60.17
6/23/2021,44.41,59.17
6/22/2021,44.75,60.285
6/21/2021,45.25,62.305
6/18/2021,44.8,60.26
6/17/2021,44.925,61.195
6/16/2021,44.725,58.195
6/15/2021,44.71,61.275
6/14/2021,44.715,60.16
6/11/2021,45.325,58.22
6/10/2021,45.855,59.23
6/9/2021,45.775,58.225
6/8/2021,46.19,59.305
6/7/2021,46.31,60.315
6/4/2021,46.215,59.355
6/3/2021,46.4,61.405
6/2/2021,46.15,60.405
6/1/2021,46.26,61.445
5/31/2021,46.49,61.455
5/28/2021,46.405,61.535
5/27/2021,46.75,63.55
5/26/2021,47.005,61.505
5/25/2021,47.255,62.585
5/24/2021,47.8,63.595
5/21/2021,47.875,62.63
5/20/2021,48.12,64.72
5/19/2021,48.06,64.685
5/18/2021,47.42,63.685
5/17/2021,47.255,64.695
5/14/2021,47.43,63.695
5/13/2021,48.04,64.745
5/12/2021,48.12,64.74
5/11/2021,47.8,64.595
5/10/2021,46.685,60.465
5/7/2021,46.68,61.475
5/6/2021,46.775,60.43
5/5/2021,46.63,60.395
5/4/2021,46.5,59.31
5/3/2021,46.34,58.35
4/30/2021,46.475,60.595
4/29/2021,47.095,64.75
4/28/2021,47.395,63.705
4/27/2021,47.645,63.75
4/26/2021,47.35,64.8
4/23/2021,47.675,64.805
4/22/2021,47.51,64.81
4/21/2021,47.585,64.81
4/20/2021,47.78,64.92
4/19/2021,47.195,68.03
4/16/2021,47.175,66.885
4/15/2021,47.41,63.935
4/14/2021,48.14,69.135
4/13/2021,47.96,68.095
4/12/2021,48.005,68.165
4/9/2021,47.855,70.16
4/8/2021,47.805,67.025
4/7/2021,47.815,67.06
4/6/2021,47.62,68.075
4/5/2021,48.315,67.025
4/2/2021,48.17,67
4/1/2021,48.125,66.03
3/31/2021,49.105,68.23
3/30/2021,52.485,71.235
3/29/2021,52.52,66.95
3/26/2021,51.9,66.405
3/25/2021,52.45,66.85
3/24/2021,52.785,67.215
3/23/2021,53.24,67.535
3/22/2021,53.29,67.87
3/19/2021,48.665,63.17
3/18/2021,48.58,62.9
3/17/2021,48.62,62.99
3/16/2021,48.465,62.685
3/15/2021,48.53,62.77
3/12/2021,48.22,62.24
3/11/2021,48.53,62.535
3/10/2021,49.02,62.99
3/9/2021,49.035,62.975
3/8/2021,49.42,63.505
3/5/2021,49.17,63.3
3/4/2021,48.715,62.865
3/3/2021,48.155,62.29
3/2/2021,48.05,62.235
3/1/2021,48.89,63.17
2/26/2021,49.6,64.225
2/25/2021,50.71,71.54
2/24/2021,50.945,72.185
2/23/2021,51.36,72.79
2/22/2021,50.42,71.895
2/19/2021,50.195,72.145
2/18/2021,50.97,73.06
2/17/2021,50.37,72.485
2/16/2021,50.08,72.1
2/15/2021,49.92,71.93
2/12/2021,50.14,72.24
2/11/2021,50.12,72.135
2/10/2021,50.53,72.7
2/9/2021,50.72,73.205
2/8/2021,50.44,72.69
2/5/2021,50.52,72.85
2/4/2021,50.97,73.885
2/3/2021,51.13,74.235
2/2/2021,52.265,75.645
2/1/2021,52.95,76.105
1/29/2021,53.355,76.47
1/28/2021,53.54,80.96
1/27/2021,53.135,80.055
1/26/2021,53.085,79.425
1/25/2021,52.815,79.135
1/22/2021,52.59,78.75
1/21/2021,52.54,78.545
1/20/2021,52.735,78.575
1/19/2021,53.725,79.84
1/18/2021,54.54,81.085
1/15/2021,53.57,79.905
1/14/2021,52.92,79.23
1/13/2021,52.785,79.375
1/12/2021,52.96,79.95
1/11/2021,52.77,79.375
1/8/2021,52.005,78.115
1/7/2021,52.17,78.525
1/6/2021,52.785,79.12
1/5/2021,53.1,79.66
1/4/2021,52.56,78.82
1/1/2021,53,79.48
12/31/2020,53.24,79.8
12/30/2020,53.185,79.78
12/29/2020,56.375,80.61
12/28/2020,56.26,86.505
12/25/2020,56.26,86.49
12/24/2020,56.315,86.595
12/23/2020,55.955,86.035
12/22/2020,57.785,88.215
12/21/2020,57.15,87.485
12/18/2020,54.99,84.895
12/17/2020,54.3,83.845
12/16/2020,55.015,84.76
12/15/2020,55.65,84.95
12/14/2020,56.185,85.695
12/11/2020,56.545,85.995
12/10/2020,54.755,83.605
12/9/2020,54.465,83.23
12/8/2020,54.855,83.885
12/7/2020,54.515,83.805
12/4/2020,53.81,83.005
12/3/2020,54,83.73
12/2/2020,54.275,84.37
12/1/2020,54.665,84.915
11/30/2020,55.41,85.755
11/27/2020,54.665,85.02
11/26/2020,54.73,85.13
11/25/2020,54.675,84.82
11/24/2020,54.17,84.18
11/23/2020,54.95,85.945
11/20/2020,55.22,86.36
11/19/2020,55.49,85.845
11/18/2020,55.24,85.985
11/17/2020,54.925,85.915
11/16/2020,55.375,86.21
11/13/2020,56.115,87.585
11/12/2020,56.06,87.56
11/11/2020,55.16,86.43
11/10/2020,54.605,85.78
11/9/2020,55.535,86.805
11/6/2020,57.115,89.055
11/5/2020,58.25,90.195
11/4/2020,60.275,93.06
11/3/2020,61.345,94.96
11/2/2020,62.66,96.205
10/30/2020,63.15,97.155
10/29/2020,63.7,97.13
10/28/2020,67.75,108.3
10/27/2020,65.47,104.9
10/26/2020,64.825,104.02
10/23/2020,64.62,103.195
10/22/2020,64.905,103.875
10/21/2020,64.685,103.635
10/20/2020,65.075,104.605
10/19/2020,64.32,103.7
10/16/2020,66.05,105.54
10/15/2020,66.49,106.605
10/14/2020,65.02,104.5
10/13/2020,64.235,103.97
10/12/2020,64.155,103.37
10/9/2020,64.36,103.745
10/8/2020,64.955,104.275
10/7/2020,65.6,105.26
10/6/2020,65.975,105.785
10/5/2020,67.15,107.38
10/2/2020,68.3,108.91
10/1/2020,68.645,109.19
9/30/2020,69.05,109.92
9/29/2020,69.38,110.58
9/28/2020,70.665,119.84
9/25/2020,73.55,122.78
9/24/2020,71.935,120.045
9/23/2020,87.075,117.445
9/22/2020,87.405,117.64
9/21/2020,87.31,117.18
9/18/2020,81.165,111.4
9/17/2020,80.895,110.99
9/16/2020,80.705,110.64
9/15/2020,81.485,111.77
9/14/2020,82.045,112.655
9/11/2020,81.6,112.315
9/10/2020,80.775,111.27
9/9/2020,80.385,111.01
9/8/2020,80.2,110.695
9/7/2020,79.57,109.715
9/4/2020,79.115,108.67
9/3/2020,77.315,106.685
9/2/2020,77.375,106.795
9/1/2020,78.76,108.505
8/31/2020,79.265,109.11
8/28/2020,78.925,109.265
8/27/2020,78.795,109.055
8/26/2020,78.655,127.17
8/25/2020,78.375,127.4
8/24/2020,79.08,127.93
8/21/2020,80.19,129.72
8/20/2020,80.235,129.36
8/19/2020,79.89,128.865
8/18/2020,80.35,129.515
8/17/2020,80.51,129.905
8/14/2020,80.585,129.1
8/13/2020,79.555,128.03
8/12/2020,79.675,128.445
8/11/2020,80.56,129.89
8/10/2020,80.705,130.565
8/7/2020,81.47,131.14
8/6/2020,81.69,131.845
8/5/2020,81.58,132.265
8/4/2020,82.59,134.13
8/3/2020,83.065,135.215
7/31/2020,83.65,136.24
7/30/2020,83.62,135.55
7/29/2020,81.975,133.005
7/28/2020,81.735,132.56
7/27/2020,80.52,131.255
7/24/2020,79.76,130.815
7/23/2020,79.56,130.165
7/22/2020,79.76,131.25
7/21/2020,79.565,130.61
7/20/2020,80.985,133.23
7/17/2020,81.875,135.375
7/16/2020,81.905,135.905
7/15/2020,82.12,135.895
7/14/2020,83.83,101.615
7/13/2020,84.08,101.835
7/10/2020,85.23,103.325
7/9/2020,84.565,102.11
7/8/2020,83.92,101.215
7/7/2020,82.725,100.43
7/6/2020,82.96,100.385
7/3/2020,84.28,101.4
7/2/2020,85.165,102.11
7/1/2020,86.685,104.4
6/30/2020,88.725,106.415
6/29/2020,106.13,108.53
6/26/2020,105.915,108.595
6/25/2020,105.115,107.43
6/24/2020,103.62,106.77
6/23/2020,102.08,104.765
6/22/2020,103.375,106.3
6/19/2020,102.43,105.31
6/18/2020,102.35,105.15
6/17/2020,101.055,104.32
6/16/2020,102.425,104.84
6/15/2020,108.1,111.405
6/12/2020,107.075,110.455
6/11/2020,108.155,111.36
6/10/2020,105.055,107.955
6/9/2020,102.075,105.62
6/8/2020,99.26,103.675
6/5/2020,99.98,104.4
6/4/2020,104.225,108.325
6/3/2020,104.525,109.645
6/2/2020,107,113.36
6/1/2020,108.64,115.265
5/29/2020,110.07,116.65
5/28/2020,109.035,115.725
5/27/2020,108.645,115.84
5/26/2020,113.935,120.495
5/25/2020,116.46,123.645
5/22/2020,116.625,124.13
5/21/2020,115.635,123.155
5/20/2020,115.64,123.975
5/19/2020,118.035,126.08
5/18/2020,120.74,129.71
5/15/2020,124.095,132.855
5/14/2020,125.485,132.325
5/13/2020,122.62,129.64
5/12/2020,121.135,129.15
5/11/2020,121.295,129.84
5/8/2020,123.43,131.47
5/7/2020,123.325,130.885
5/6/2020,122.19,129.745
5/5/2020,122.94,130.835
5/4/2020,123.22,130.965
5/1/2020,120.315,128.13
4/30/2020,118.355,126.69
4/29/2020,119.13,127.95
4/28/2020,119.38,127.89
4/27/2020,120.9,130.855
4/24/2020,122.195,131.395
4/23/2020,121.6,130.795
4/22/2020,124.8,134.01
4/21/2020,125.2,134.23
4/20/2020,120.52,131.605
4/17/2020,118.935,129.845
4/16/2020,119.24,131.245
4/15/2020,117.8,128.955
4/14/2020,113.38,123.86
4/13/2020,115.06,126.525
4/10/2020,115.205,127.45
4/9/2020,115.835,127.755
4/8/2020,121.975,134.405
4/7/2020,123.875,134.585
4/6/2020,129.73,138.17
4/3/2020,133.73,140.415
4/2/2020,131.56,138.235
4/1/2020,130.03,137.455
3/31/2020,127.675,134.43
3/30/2020,130.095,136.15
3/27/2020,126.085,133.18
3/26/2020,124.345,129.535
3/25/2020,126.675,131.81
3/24/2020,132.74,139.645
3/23/2020,144,148.07
3/20/2020,142.79,147.185
3/19/2020,134.385,140.435
3/18/2020,142.055,146.385
3/17/2020,135.425,138.21
3/16/2020,135.095,134.145
3/13/2020,129.18,128.465
3/12/2020,130.7,133.275
3/11/2020,117.9,122.82
3/10/2020,118.37,121.915
3/9/2020,121.47,121.545
3/6/2020,107.02,107.325
3/5/2020,97.365,99.595
3/4/2020,92.635,95.77
3/3/2020,93.755,96.5
3/2/2020,97.435,99.24
2/28/2020,95,97.145
2/27/2020,88.875,90.88
2/26/2020,84.585,87.815
2/25/2020,84.285,87.475
2/24/2020,81.7,85.265
2/21/2020,77.91,82.15
2/20/2020,77.42,81.85
2/19/2020,77.1,81.38
2/18/2020,76.98,81.325
2/17/2020,75.715,81.03
2/14/2020,75.77,80.83
2/13/2020,76.02,81.15
2/12/2020,75.81,81.11
2/11/2020,77.01,81.985
2/10/2020,77.825,82.525
2/7/2020,77.185,81.89
2/6/2020,76.465,81.505
2/5/2020,77.135,82.205
2/4/2020,78.235,83.445
2/3/2020,80.16,84.845
1/31/2020,79.995,84.47
1/30/2020,79.9,84.295
1/29/2020,79.08,83.86
1/28/2020,80.4,84.915
1/27/2020,80.765,85.06
1/24/2020,79.385,84.2
1/23/2020,79.595,84.44
1/22/2020,78.925,83.825
1/21/2020,78.47,83.13
1/20/2020,78.655,83.54
1/17/2020,78.545,83.38
1/16/2020,79.17,84.23
1/15/2020,79.395,84.57
1/14/2020,79.25,84.61
1/13/2020,79.15,84.18
1/10/2020,78.79,83.93
1/9/2020,79.68,84.9
1/8/2020,80.805,85.79
1/7/2020,81.395,86.505
1/6/2020,81.885,87.03
1/3/2020,81.615,86.19
1/2/2020,80.68,85.445
1/1/2020,81.46,86.035
12/31/2019,81.445,86.03
12/30/2019,81.09,86.365
12/27/2019,81.05,86.655
12/26/2019,81,86.38
12/25/2019,81.045,86.365
12/24/2019,81.08,86.565
12/23/2019,80.42,85.95
12/20/2019,80.715,86.445
12/19/2019,81.075,86.495
12/18/2019,80.755,86.115
12/17/2019,80.89,86.265
12/16/2019,80.47,85.685
12/13/2019,81.22,86.55
12/12/2019,81.565,86.325
12/11/2019,82.525,86.67
12/10/2019,82.625,86.985
12/9/2019,82.615,86.89
12/6/2019,83.18,87.295
12/5/2019,83.515,87.645
12/4/2019,84.14,88.59
12/3/2019,84.53,88.45
12/2/2019,84.07,88.02
11/29/2019,84.02,87.935
11/28/2019,83.22,86.955
11/27/2019,83.955,88.4
11/26/2019,84.215,88.53
11/25/2019,85.265,89.445
11/22/2019,85.775,90.085
11/21/2019,85.555,89.655
11/20/2019,85.47,89.595
11/19/2019,85.285,89.595
11/18/2019,85.015,89.265
11/15/2019,84.455,88.69
11/14/2019,84.585,88.56
11/13/2019,83.585,87.755
11/12/2019,82.745,87.47
11/11/2019,83.115,87.645
11/8/2019,83.035,87.34
11/7/2019,83.285,87.33
11/6/2019,83.62,87.26
11/5/2019,83.18,87.45
11/4/2019,83.725,87.865
11/1/2019,85.33,88.59
10/31/2019,86.245,89.025
10/30/2019,85.4,88.555
10/29/2019,85.1,88.135
10/28/2019,85.305,88.275
10/25/2019,85.83,88.635
10/24/2019,86.32,88.755
10/23/2019,86.11,88.555
10/22/2019,85.91,88.375
10/21/2019,86.44,88.455
10/18/2019,88.035,88.605
10/17/2019,88.655,89.055
10/16/2019,89.41,89.175
10/15/2019,91.11,89.17
10/14/2019,92.7,89.545
10/11/2019,93.955,90.405
10/10/2019,96.7,91.455
10/9/2019,98.24,92.14
10/8/2019,99.07,92.175
10/7/2019,98.8,92.075
10/4/2019,99.12,92.395
10/3/2019,98.885,92.38
10/2/2019,97.75,92.285
10/1/2019,96.205,91.485
9/30/2019,96.715,92.36
9/27/2019,97.225,92.565
9/26/2019,97.495,93.155
9/25/2019,97.265,93.425
9/24/2019,95.885,92.975
9/23/2019,94.47,93.1
9/20/2019,92.55,93.1
9/19/2019,90.265,86.28
9/18/2019,90.475,86.16
9/17/2019,89.66,85.6
9/16/2019,88.15,84.95
9/13/2019,87.82,85.01
9/12/2019,88.785,86.52
9/11/2019,89.955,87.195
9/10/2019,89.97,87.29
9/9/2019,89.83,87.32
9/6/2019,90.54,87.55
9/5/2019,92.36,88.275
9/4/2019,94.965,89.515
9/3/2019,96.62,90.615
9/2/2019,96.365,90.905
8/30/2019,95.955,90.645
8/29/2019,96.315,90.725
8/28/2019,97.22,91.12
8/27/2019,96.76,91.59
8/26/2019,97,92.01
8/23/2019,96.78,91.895
8/22/2019,96.75,92.145
8/21/2019,96.85,92.6
8/20/2019,98.22,92.7
8/19/2019,99.3,93.05
8/16/2019,101.64,93.8
8/15/2019,102.25,93.77
8/14/2019,101.83,93
8/13/2019,101.51,93.53
8/12/2019,102.19,93.57
8/9/2019,100.875,92.68
8/8/2019,100.3,92.605
8/7/2019,101.56,92.92
8/6/2019,100.79,92.74
8/5/2019,97.91,91.19
8/2/2019,94.785,88.94
8/1/2019,92.515,87.94
7/31/2019,91.87,87.85
7/30/2019,91.66,87.295
7/29/2019,90.215,86.605
7/26/2019,88.675,85.865
7/25/2019,88.585,85.87
7/24/2019,90.51,87.025
7/23/2019,92.63,88.775
7/22/2019,93.95,89.785
7/19/2019,94.835,90.25
7/18/2019,95.185,90.405
7/17/2019,95.015,90.735
7/16/2019,94.655,91.2
7/15/2019,94.555,91.475
7/12/2019,94.845,91.86
7/11/2019,96.42,92.14
7/10/2019,97.5,92.76
7/9/2019,98.075,92.67
7/8/2019,96.93,92.35
7/5/2019,96.43,91.84
7/4/2019,96.16,91.765
7/3/2019,96.355,92.045
7/2/2019,97.065,92.57
7/1/2019,98.075,93.63
6/28/2019,99.92,94.2
6/27/2019,100.84,94.15
6/26/2019,102.02,94.65
6/25/2019,101.245,94.68
6/24/2019,100.28,94.53
6/21/2019,100.14,94.93
6/20/2019,100.58,94.925
6/19/2019,100.58,94.925
6/18/2019,103.33,95.675
6/17/2019,105.515,96.59
6/14/2019,105.385,96.45
6/13/2019,105.165,96.32
6/12/2019,104.19,95.745
6/11/2019,103.825,96.04
6/10/2019,105.07,96.795
6/7/2019,107.075,97.595
6/6/2019,108.225,97.875
6/5/2019,108.915,98.765
6/4/2019,110.915,99.535
6/3/2019,113.155,100.135
5/31/2019,113.225,99.83
5/30/2019,111.77,99.31
5/29/2019,112.175,98.905
5/28/2019,110.135,98.53
5/27/2019,109.85,100.775
5/24/2019,109.93,100.79
5/23/2019,109.735,100.32
5/22/2019,107.615,99.54
5/21/2019,106.905,99.37
5/20/2019,106.845,99.43
5/17/2019,105.89,98.99
5/16/2019,105.04,99.53
5/15/2019,106.225,99.56
5/14/2019,105.88,99.285
5/13/2019,104.97,99.395
5/10/2019,104.01,99.855
5/9/2019,103.975,99.45
5/8/2019,102.345,98.025
5/7/2019,101.535,97.26
5/6/2019,100.3,97.34
5/3/2019,99.29,97.45
5/2/2019,99.71,98.305
5/1/2019,99.355,98.81
4/30/2019,99.565,99.295
4/29/2019,100.61,79.045
4/26/2019,101.34,80.14
4/25/2019,101.525,80.01
4/24/2019,100.555,79.77
4/23/2019,100.985,79.83
4/22/2019,100.865,79.7
4/19/2019,100.455,79.64
4/18/2019,100.155,79.655
4/17/2019,100.485,79.8
4/16/2019,100.8,79.985
4/15/2019,100.805,80.15
4/12/2019,101.345,80.305
4/11/2019,102.71,81.1
4/10/2019,103.895,81.69
4/9/2019,104.225,81.66
4/8/2019,104.72,81.59
4/5/2019,104.59,81.63
4/4/2019,105.455,81.79
4/3/2019,105.705,82
4/2/2019,106.71,82.335
4/1/2019,107.215,83.06
3/29/2019,108.785,84.13
3/28/2019,110.16,84.59
3/27/2019,110.35,85.04
3/26/2019,110.69,85.355
3/25/2019,112.095,85.88
3/22/2019,110.865,85.295
3/21/2019,109.73,84.985
3/20/2019,109.73,84.985
3/19/2019,101.585,81.48
3/18/2019,103.165,82.04
3/15/2019,103.44,82.2
3/14/2019,103.09,82.21
3/13/2019,103.92,83.14
3/12/2019,105.795,83.995
3/11/2019,107.23,84.535
3/8/2019,108.215,84.61
3/7/2019,106.64,83.695
3/6/2019,105.68,83.235
3/5/2019,106.175,83.08
3/4/2019,105.78,83.455
3/1/2019,106.045,84.185
2/28/2019,105.89,85.145
2/27/2019,106.78,85.9
2/26/2019,108.265,86.59
2/25/2019,109.765,87.395
2/22/2019,111.67,88.125
2/21/2019,112.23,88.545
2/20/2019,112.91,88.665
2/19/2019,114.695,88.785
2/18/2019,115.63,89.115
2/15/2019,116.68,89.305
2/14/2019,116.515,88.885
2/13/2019,117.215,89.335
2/12/2019,118.32,87.265
2/11/2019,119.39,87.68
2/8/2019,119.215,87.41
2/7/2019,117.655,86.99
2/6/2019,116.485,86.715
2/5/2019,117.96,87.13
2/4/2019,119.5,87.165
2/1/2019,119.11,86.99
1/31/2019,119.675,87.45
1/30/2019,122.495,88.145
1/29/2019,123.85,88.56
1/28/2019,124.26,88.655
1/25/2019,124.42,89
1/24/2019,126.675,89.435
1/23/2019,127.615,89.785
1/22/2019,126.99,89.125
1/21/2019,125.735,88.915
1/18/2019,126.225,89.305
1/17/2019,128.6,89.42
1/16/2019,130.11,90
1/15/2019,133.43,91.325
1/14/2019,134.77,91.065
1/11/2019,134.55,91.075
1/10/2019,135.975,91.175
1/9/2019,135.685,91.205
1/8/2019,137.82,91.625
1/7/2019,140.605,92.39
1/4/2019,141.33,93.455
1/3/2019,141.85,93.185
1/2/2019,137.83,91.52
1/1/2019,135.07,91.33
12/31/2018,136.045,91.66
12/28/2018,138.215,92.08
12/27/2018,138.43,91.85
12/26/2018,138.32,91.66
12/25/2018,138.045,91.655
12/24/2018,137.595,91.475
12/21/2018,136.415,91.155
12/20/2018,134.87,90.38
12/19/2018,134.87,90.38
12/18/2018,135.215,90.65
12/17/2018,134.435,90.325
12/14/2018,132.66,90.07
12/13/2018,132.175,90.28
12/12/2018,134.185,91.45
12/11/2018,135.995,91.795
12/10/2018,135.615,91.925
12/7/2018,133.96,91.915
12/6/2018,133.055,91.485
12/5/2018,129.755,90.685
12/4/2018,128.825,90.005
12/3/2018,126.6,90.085
11/30/2018,127.795,81.925
11/29/2018,127.46,81.745
11/28/2018,127.545,81.27
11/27/2018,128.535,81.1
11/26/2018,127.13,81.31
11/23/2018,127.91,81.025
11/22/2018,127.545,80.815
11/21/2018,127.8,81.23
11/20/2018,128.185,81.14
11/19/2018,125.69,80.84
11/16/2018,123.535,80.185
11/15/2018,121.44,79.305
11/14/2018,118.17,78.76
11/13/2018,116.945,78.29
11/12/2018,115.88,77.585
11/9/2018,114.415,77.2
11/8/2018,112.745,76.65
11/7/2018,112.335,77.275
11/6/2018,113.495,77.72
11/5/2018,113.38,77.96
11/2/2018,113.79,78.11
11/1/2018,115.38,78.83
10/31/2018,116.375,79.56
10/30/2018,118.22,76.84
10/29/2018,118.325,77.105
10/26/2018,118.35,77.055
10/25/2018,116.685,76.595
10/24/2018,117.43,76.485
10/23/2018,116.92,75.88
10/22/2018,115.86,75.805
10/19/2018,116.47,75.655
10/18/2018,116.04,74.88
10/17/2018,114.025,74.83
10/16/2018,113.57,74.83
10/15/2018,115.305,74.83
10/12/2018,115.03,74.83
10/11/2018,114.665,74.83
10/10/2018,113.47,74.83
10/9/2018,113.85,74.83
10/8/2018,113.695,74.83
10/5/2018,112.965,74.83
10/4/2018,111.73,74.83
10/3/2018,111.185,74.83
10/2/2018,111.455,74.83
10/1/2018,110.465,74.83
9/28/2018,111.095,74.825
9/27/2018,110.155,74.825
9/26/2018,110.66,74.825
9/25/2018,109.865,74.825
9/24/2018,110.065,74.83
9/21/2018,108.71,67.955
9/20/2018,107.145,67.13
9/19/2018,105.85,67.99
9/18/2018,105.485,67.895
9/17/2018,104.725,67.795
9/14/2018,105.505,68.285
9/13/2018,106.68,65.175
9/12/2018,107.985,65.335
9/11/2018,108.5,65.43
9/10/2018,109.685,65.655
9/7/2018,111.7,65.935
9/6/2018,111.3,65.805
9/5/2018,112.355,65.705
9/4/2018,112.97,65.645
9/3/2018,113.44,66.45
8/31/2018,113.075,66.395
8/30/2018,112.23,66.155
8/29/2018,111.7,65.915
8/28/2018,111.18,65.895
8/27/2018,111.475,65.765
8/24/2018,111.765,65.835
8/23/2018,112.27,65.945
8/22/2018,112.83,65.94
8/21/2018,114.19,65.845
8/20/2018,115.785,65.745
8/17/2018,116.455,65.685
8/16/2018,115.865,66.005
8/15/2018,116.775,65.97
8/14/2018,115.145,65.705
8/13/2018,115.725,65.61
8/10/2018,113.785,64.985
8/9/2018,111.6,64.77
8/8/2018,111.535,64.84
8/7/2018,111.1,65.33
8/6/2018,111.655,65.5
8/3/2018,111.24,65.35
8/2/2018,110.085,64.955
8/1/2018,108.855,64.88
7/31/2018,108.345,64.83
7/30/2018,108.065,63.955
7/27/2018,108.295,64.105
7/26/2018,109.24,64.4
7/25/2018,112.095,64.665
7/24/2018,113.78,65.515
7/23/2018,116.27,65.75
7/20/2018,116.92,65.76
7/19/2018,116.27,65.585
7/18/2018,114.745,65.48
7/17/2018,114.67,65.325
7/16/2018,116.115,65.9
7/13/2018,117.9,66.475
7/12/2018,119.895,66.905
7/11/2018,120.555,66.89
7/10/2018,119.03,66.93
7/9/2018,119.965,67.525
7/6/2018,121.225,68.37
7/5/2018,122.14,68.22
7/4/2018,123.325,68.57
7/3/2018,124.51,68.375
7/2/2018,124.86,68.355
6/29/2018,123.78,68.375
6/28/2018,124.575,67.915
6/27/2018,121.285,67.775
6/26/2018,119.965,67.215
6/25/2018,118.63,67.02
6/22/2018,116.36,66.965
6/21/2018,115.755,67.78
6/20/2018,113.685,67.1
6/19/2018,113.945,67.405
6/18/2018,112.06,66.67
6/15/2018,111.115,66.8
6/14/2018,112.07,66.945
6/13/2018,113.73,66.605
6/12/2018,115.375,66.58
6/11/2018,116.86,67.13
6/8/2018,118.28,74.295
6/7/2018,116.025,73.94
6/6/2018,114.3,73.495
6/5/2018,112.72,73.04
6/4/2018,112.9,73.275
6/1/2018,115.93,73.545
5/31/2018,118.49,74.05
5/30/2018,119.785,74.525
5/29/2018,119.62,73.66
5/28/2018,113.235,71.85
5/25/2018,112.53,71.15
5/24/2018,110.305,70.18
5/23/2018,109.265,69.755
5/22/2018,108.155,69.17
5/21/2018,108.34,68.875
5/18/2018,107.89,68.045
5/17/2018,106.485,67.15
5/16/2018,105.245,72.89
5/15/2018,103.475,72.025
5/14/2018,102.92,71.675
5/11/2018,103.795,72.005
5/10/2018,105.21,72.53
5/9/2018,106.655,72.46
5/8/2018,107.8,72.055
5/7/2018,107.555,69.845
5/4/2018,107.825,69.845
5/3/2018,107.555,69.845
5/2/2018,106.21,69.845
5/1/2018,105.91,69.845
4/30/2018,105.48,69.845
4/27/2018,105.43,69.845
4/26/2018,105.51,69.845
4/25/2018,106.175,69.845
4/24/2018,105.26,69.845
4/23/2018,105.42,69.845
4/20/2018,104.985,69.845
4/19/2018,104.7,69.845
4/18/2018,104.4,69.845
4/17/2018,103.96,69.845
4/16/2018,105.605,69.845
4/13/2018,107.565,69.845
4/12/2018,108.735,69.845
4/11/2018,109.45,69.845
4/10/2018,109.675,69.845
4/9/2018,110.255,69.845
4/6/2018,110.775,69.845
4/5/2018,111.11,69.845
4/4/2018,112.875,69.845
4/3/2018,112.845,69.845
4/2/2018,112.165,69.845
3/30/2018,111.655,69.845
3/29/2018,112.335,69.845
3/28/2018,114.305,69.84
3/27/2018,113.955,69.84
3/26/2018,114.57,69.84
3/23/2018,112.39,69.84
3/22/2018,109.19,69.84
3/21/2018,106.12,69.84
3/20/2018,103.18,69.84
3/19/2018,96.78,69.87
3/16/2018,95.53,69.865
3/15/2018,95.285,69.865
3/14/2018,93.88,69.86
3/13/2018,93.415,69.86
3/12/2018,93.455,69.86
3/9/2018,94.54,69.86
3/8/2018,96.005,69.86
3/7/2018,97.45,69.86
3/6/2018,98.62,69.86
3/5/2018,100.04,69.86
3/2/2018,98.71,69.86
3/1/2018,97.825,69.86
2/28/2018,96.41,69.86
2/27/2018,97.6,69.86
2/26/2018,99.38,69.86
2/23/2018,100.415,69.86
2/22/2018,98.965,69.86
2/21/2018,97.71,69.855
2/20/2018,97.19,69.855
2/19/2018,96.085,69.86
2/16/2018,96.845,69.855
2/15/2018,98.56,69.855
2/14/2018,100.365,69.855
2/13/2018,101.44,69.855
2/12/2018,100.46,69.855
2/9/2018,99.33,69.855
2/8/2018,95.74,69.855
2/7/2018,93.355,69.855
2/6/2018,92.62,69.855
2/5/2018,90.56,69.855
2/2/2018,88.92,69.855
2/1/2018,88.055,69.855
1/31/2018,87.8,69.855
1/30/2018,87.46,69.855
1/29/2018,86.525,69.855
1/26/2018,86.75,69.855
1/25/2018,87.26,69.86
1/24/2018,87.475,69.86
1/23/2018,88.315,69.86
1/22/2018,89.24,69.86
1/19/2018,89.865,69.86
1/18/2018,89.55,69.86
1/17/2018,89.38,69.86
1/16/2018,89.06,69.86
1/15/2018,89.27,69.86
1/12/2018,89.655,69.86
1/11/2018,90.345,69.86
1/10/2018,90.825,69.86
1/9/2018,90.985,69.86
1/8/2018,91.645,69.86
1/5/2018,92.185,69.86
1/4/2018,93.09,69.86
1/3/2018,95.13,69.86
1/2/2018,96.45,69.86
1/1/2018,96.625,69.86
12/29/2017,96.76,69.86
12/28/2017,96.615,70
12/27/2017,97.315,70
12/26/2017,97.095,70
12/25/2017,97.16,70
12/22/2017,97.23,70
12/21/2017,97.205,70
12/20/2017,97.255,70
12/19/2017,96.955,70.005
12/18/2017,96.975,70.005
12/15/2017,97.525,70
12/14/2017,97.82,70
12/13/2017,97.74,70
12/12/2017,97.48,70
12/11/2017,97.615,70
12/8/2017,98.195,70.005
12/7/2017,98.395,70.005
12/6/2017,98.47,70
12/5/2017,97.515,70
12/4/2017,97.905,70
12/1/2017,99.285,70
11/30/2017,98.495,70
11/29/2017,99.275,70
11/28/2017,100.07,70
11/27/2017,100.115,70
11/24/2017,100.565,70
11/23/2017,101.365,70
11/22/2017,101.235,70
11/21/2017,102.22,70
11/20/2017,103.46,70
11/17/2017,104.11,70
11/16/2017,105.475,70
11/15/2017,105.91,70
11/14/2017,104.74,70
11/13/2017,104.405,70
11/10/2017,104.195,70
11/9/2017,103.27,70
11/8/2017,102.955,70
11/7/2017,101.075,70
11/6/2017,100.22,70
11/3/2017,99.65,70
11/2/2017,99.45,70
11/1/2017,99.095,70.83
10/31/2017,100.095,79
10/30/2017,101.015,79
10/27/2017,101.16,79
10/26/2017,102.43,79
10/25/2017,103.355,79
10/24/2017,104.355,79
10/23/2017,105.335,79
10/20/2017,106.39,79
10/19/2017,107.805,79
10/18/2017,107.87,79
10/17/2017,108.325,79.74
10/16/2017,108.33,94.31
10/13/2017,108.625,80
10/12/2017,108.115,80
10/11/2017,108.725,80
10/10/2017,109.055,80
10/9/2017,109.11,80
10/6/2017,109.82,80
10/5/2017,109.755,80
10/4/2017,110.42,80
10/3/2017,110.74,80
10/2/2017,111.32,165.69
9/29/2017,111.025,165.695
9/28/2017,112.02,181.74
9/27/2017,111.54,181.74
9/26/2017,111.89,181.735
9/25/2017,110.475,181.74
9/22/2017,108.44,181.745
9/21/2017,106.72,181.74
9/20/2017,104.695,181.745
9/19/2017,100.115,181.53
9/18/2017,101.485,181.53
9/15/2017,102.375,181.53
9/14/2017,103.31,181.53
9/13/2017,103.12,181.53
9/12/2017,103.275,181.53
9/11/2017,105.495,181.53
9/8/2017,107.575,181.53
9/7/2017,105.965,181.53
9/6/2017,105.385,181.535
9/5/2017,104.115,181.535
9/4/2017,104.54,181.54
9/1/2017,105.065,181.54
8/31/2017,105.925,181.54
8/30/2017,108.145,187.445
8/29/2017,108.345,179.545
8/28/2017,106.155,179.545
8/25/2017,107.015,170.105
8/24/2017,107.165,180.035
8/23/2017,107.555,174.725
8/22/2017,107.4,179.245
8/21/2017,107.59,189.945
8/18/2017,107.455,194.305
8/17/2017,106.225,178.23
8/16/2017,105.995,179.265
8/15/2017,107.005,175.825
8/14/2017,107.895,177.145
8/11/2017,108.56,192.445
8/10/2017,107.61,207.165
8/9/2017,105.445,178.975
8/8/2017,104.115,168.155
8/7/2017,102.985,179.34
8/4/2017,101.255,163.12
8/3/2017,101.2,178.84
8/2/2017,101.37,171.4
8/1/2017,101.51,163.87
7/31/2017,101.815,191.6
7/28/2017,101.625,191.6
7/27/2017,101.965,176.76
7/26/2017,101.975,167.695
7/25/2017,102.135,173.935
7/24/2017,102.71,171.685
7/21/2017,104.095,166.835
7/20/2017,104.415,174.9
7/19/2017,104.99,168.56
7/18/2017,105.3,169.39
7/17/2017,105.825,166.91
7/14/2017,106.815,165.885
7/13/2017,107.435,174.245
7/12/2017,108.225,163.025
7/11/2017,108.335,163.02
7/10/2017,108.17,164.78
7/7/2017,108.71,169.64
7/6/2017,107.985,166.33
7/5/2017,106.865,165.185
7/4/2017,107.055,163.995
7/3/2017,107.355,167.44
6/30/2017,107.415,166.64
6/29/2017,107.48,168.09
6/28/2017,106.445,165.08
6/27/2017,105.255,168.63
6/26/2017,105.35,168.29
6/23/2017,107.79,170.975
6/22/2017,110.115,173.5
6/21/2017,110.465,181.09
6/20/2017,109.895,193.76
6/19/2017,110.695,195.545
6/16/2017,110.87,195.555
6/15/2017,111.48,195.545
6/14/2017,111.945,195.555
6/13/2017,113.125,195.555
6/12/2017,113.935,195.555
6/9/2017,113.825,195.555
6/8/2017,113.78,195.555
6/7/2017,114.35,195.56
6/6/2017,114.67,195.56
6/5/2017,114.76,195.565
6/2/2017,115.45,195.565
6/1/2017,115.53,195.565
5/31/2017,115.61,195.57
5/30/2017,115.62,195.57
5/29/2017,114.96,195.57
5/26/2017,115.175,195.58
5/25/2017,115.32,195.58
5/24/2017,115.88,195.58
5/23/2017,115.955,195.58
5/22/2017,116.49,195.58
5/19/2017,116.27,195.58
5/18/2017,115.925,195.58
5/17/2017,115.17,195.59
5/16/2017,114.83,195.59
5/15/2017,115.145,195.59
5/12/2017,115.155,195.595
5/11/2017,114.895,195.59
5/10/2017,115.235,195.6
5/9/2017,115.47,195.6
5/8/2017,115.99,195.6
5/5/2017,115.815,195.6
5/4/2017,116.2,195.6
5/3/2017,115.375,195.6
5/2/2017,115.56,195.6
5/1/2017,116.145,195.6
4/28/2017,116.3,195.605
4/27/2017,117.225,195.605
4/26/2017,117.235,195.61
4/25/2017,118.015,195.61
4/24/2017,120.215,195.6
4/21/2017,121.765,195.6
4/20/2017,122.295,195.6
4/19/2017,122.87,195.6
4/18/2017,122.555,195.6
4/17/2017,122.63,195.6
4/14/2017,122.525,195.605
4/13/2017,122.39,195.605
4/12/2017,122.085,195.61
4/11/2017,122.09,195.61
4/10/2017,121.65,195.61
4/7/2017,121.395,195.615
4/6/2017,121.785,195.615
4/5/2017,121.82,195.62
4/4/2017,122.14,195.625
4/3/2017,121.93,195.625
3/31/2017,121.41,195.625
3/30/2017,121.63,195.63
3/29/2017,121.53,195.635
3/28/2017,121.795,195.64
3/27/2017,122.26,195.645
3/24/2017,122.255,195.645
3/23/2017,122.38,195.645
3/22/2017,121.94,195.65
3/21/2017,120.61,195.65
3/20/2017,119.135,195.65
3/17/2017,117.23,195.485
3/16/2017,117.7,195.485
3/15/2017,118.46,195.49
3/14/2017,118.755,195.49
3/13/2017,118.305,195.49
3/10/2017,118.585,195.485
3/9/2017,119.73,195.475
3/8/2017,119.485,195.475
3/7/2017,119.175,195.475
3/6/2017,118.94,195.475
3/3/2017,119.15,195.475
3/2/2017,119.995,195.47
3/1/2017,121.515,195.47
2/28/2017,122.715,195.47
2/27/2017,123.64,195.475
2/24/2017,124.475,195.475
2/23/2017,124.02,195.475
2/22/2017,124.135,195.485
2/21/2017,124.42,195.485
2/20/2017,124.62,195.485
2/17/2017,124.32,195.49
2/16/2017,124.07,235.835
2/15/2017,124.5,235.835
2/14/2017,125.635,235.835
2/13/2017,126.74,235.835
2/10/2017,127.75,235.835
2/9/2017,127.875,241.345
2/8/2017,127.975,240.005
2/7/2017,127.24,242.915
2/6/2017,126.88,233.24
2/3/2017,126.895,232.83
2/2/2017,128.12,235.555
2/1/2017,128.685,235.58
1/31/2017,128.92,236.785
1/30/2017,129.265,231.915
1/27/2017,128.22,230.365
1/26/2017,128.135,217.77
1/25/2017,128.41,202.845
1/24/2017,129.245,199.475
1/23/2017,129.315,197.62
1/20/2017,129.26,197.38
1/19/2017,130.11,197.455
1/18/2017,130.375,198.55
1/17/2017,130.66,198.55
1/16/2017,130.565,194.84
1/13/2017,131.135,198.85
1/12/2017,131.735,198
1/11/2017,131.435,198.64
1/10/2017,131.13,190.53
1/9/2017,130.87,197.37
1/6/2017,130.525,197.76
1/5/2017,130.82,194.18
1/4/2017,131.89,190.795
1/3/2017,133.74,190.52
1/2/2017,135.035,190.53
12/30/2016,134.915,182.825
12/29/2016,134.315,184.925
12/28/2016,133.56,181.925
12/27/2016,133.26,181.925
12/26/2016,133.09,181.925
12/23/2016,133.385,183.065
12/22/2016,133.785,182.005
12/21/2016,133.275,181.625
12/20/2016,133.24,180.805
12/19/2016,133.455,180.805
12/16/2016,133.65,183.215
12/15/2016,133.21,179.07
12/14/2016,133.245,181.135
12/13/2016,133.56,182.685
12/12/2016,134.26,179.805
12/9/2016,134.785,183.415
12/8/2016,135.03,181.865
12/7/2016,136.055,177.665
12/6/2016,137.82,182.905
12/5/2016,138.565,183.03
12/2/2016,138.4,182.835
12/1/2016,138.77,181.64
11/30/2016,139.185,181.52
11/29/2016,139.385,184.29
11/28/2016,139.58,182.82
11/25/2016,138.61,181.425
11/24/2016,138.75,183.245
11/23/2016,138.635,179.555
11/22/2016,138.37,177.495
11/21/2016,138.495,185.15
11/18/2016,138.46,185.28
11/17/2016,138.575,184.58
11/16/2016,138.06,180.44
11/15/2016,138,183.895
11/14/2016,137.73,184.9
11/11/2016,135.63,183.89
11/10/2016,134.52,183.34
11/9/2016,134.525,183.68
11/8/2016,133.905,184.45
11/7/2016,134.9,184.375
11/4/2016,135.39,187.285
11/3/2016,135.155,191.06
11/2/2016,135.335,191.02
11/1/2016,135.265,191.095
10/31/2016,135.045,191.08
10/28/2016,134.02,191.08
10/27/2016,133.705,191.08
10/26/2016,133.24,190.985
10/25/2016,133.02,191.1
10/24/2016,132.835,191.08
10/21/2016,133.14,190.99
10/20/2016,133.02,190.87
10/19/2016,133.3,190.76
10/18/2016,134.745,191.115
10/17/2016,134.955,189.84
10/14/2016,134.555,191.83
10/13/2016,133.535,190.92
10/12/2016,133.1,191.2
10/11/2016,133.225,191.06
10/10/2016,133.36,190.865
10/7/2016,133.045,178.28
10/6/2016,133.17,270.495
10/5/2016,134.115,190.855
10/4/2016,135.185,191.55
10/3/2016,134.695,191.74
9/30/2016,134.915,190.89
9/29/2016,133.875,190.39
9/28/2016,134.6,187.315
9/27/2016,134.855,187.305
9/26/2016,133.675,194.49
9/23/2016,133.15,182.345
9/22/2016,133.455,189.67
9/21/2016,133.46,188.625
9/20/2016,132.385,185.525
9/19/2016,130.39,188.64
9/16/2016,130.33,190.845
9/15/2016,129.4,188.485
9/14/2016,129.1,190.135
9/13/2016,127.75,189.475
9/12/2016,127.105,191.205
9/9/2016,126.175,189.17
9/8/2016,125.495,189.27
9/7/2016,125.745,189.27
9/6/2016,126.015,189.23
9/5/2016,126.995,188.175
9/2/2016,127.86,188.21
9/1/2016,128.545,187.2
8/31/2016,128.735,182.145
8/30/2016,128.635,181.09
8/29/2016,129.23,181.035
8/26/2016,129.405,181.09
8/25/2016,129.715,181.09
8/24/2016,129.9,179.065
8/23/2016,130.02,182.78
8/22/2016,130.335,184.34
8/19/2016,130.1,179.115
8/18/2016,129.695,183.165
8/17/2016,129.655,180.64
8/16/2016,129.245,181.165
8/15/2016,129.67,181.835
8/12/2016,130.1,181.785
8/11/2016,129.45,186.33
8/10/2016,130.08,181.195
8/9/2016,131.02,180.155
8/8/2016,133.1,180.25
8/5/2016,133.59,180.31
8/4/2016,134.64,180.265
8/3/2016,136.345,181.33
8/2/2016,135.86,168.225
8/1/2016,303.375,170.645
7/29/2016,304.04,168.42
7/28/2016,302.09,170.505
7/27/2016,301.785,170.5
7/26/2016,301.11,169.285
7/25/2016,299.33,168.25
7/22/2016,299.66,166.235
7/21/2016,303.71,166.22
7/20/2016,306.885,169.32
7/19/2016,308.505,169.32
7/18/2016,308.36,171.135
7/15/2016,310.2,168.305
7/14/2016,314.43,168.33
7/13/2016,319.05,167.305
7/12/2016,323.865,165.365
7/11/2016,330.65,165.385
7/8/2016,334.99,165.365
7/7/2016,336.78,166.4
7/6/2016,336.5,166.415
7/5/2016,334.045,166.38
7/4/2016,330.49,165.93
7/1/2016,331.925,167.36
6/30/2016,336.865,165.335
6/29/2016,344.135,165.36
6/28/2016,350.585,176.605
6/27/2016,345.705,180.67
6/24/2016,328.68,161.115
6/23/2016,315.895,161.16
6/22/2016,319.14,164.405
6/21/2016,320.375,157.285
6/20/2016,327.225,166.58
6/17/2016,335.3,166.575
6/16/2016,334.685,162.45
6/15/2016,330.645,164.52
6/14/2016,328.66,165.75
6/13/2016,321.5,165.555
6/10/2016,316.365,164.525
6/9/2016,313.97,163.49
6/8/2016,311.095,163.49
6/7/2016,310.915,164.525
6/6/2016,310.685,164.53
6/3/2016,308.48,164.235
6/2/2016,302.545,165.45
6/1/2016,301.9,164.74
5/31/2016,299.85,164.115
5/30/2016,299.415,164.125
5/27/2016,298.49,164.53
5/26/2016,296.035,159.19
5/25/2016,298.26,163.42
5/24/2016,306.91,166.235
5/23/2016,317.66,164.59
5/20/2016,319.76,168.31
5/19/2016,325.095,166.305
5/18/2016,327.28,165.27
5/17/2016,327.315,166.18
5/16/2016,325.875,167.245
5/13/2016,319.575,166.575
5/12/2016,317.885,166.33
5/11/2016,318.57,165.165
5/10/2016,320.58,163.055
5/9/2016,323.155,166.92
5/6/2016,322,168.505
5/5/2016,321.045,168.165
5/4/2016,317.365,173.735
5/3/2016,311.825,166.495
5/2/2016,307.62,166.495
4/29/2016,305.425,166.01
4/28/2016,300.335,166.63
4/27/2016,301.625,168.22
4/26/2016,300.46,171.63
4/25/2016,301.165,170.56
4/22/2016,302.5,165.23
4/21/2016,305.76,170.81
4/20/2016,311.045,169.705
4/19/2016,313.95,169.59
4/18/2016,316.15,172.395
4/15/2016,316.75,169.78
4/14/2016,316.755,168.83
4/13/2016,321.5,168.62
4/12/2016,325.52,168.62
4/11/2016,325.98,168.805
4/8/2016,326.02,172.285
4/7/2016,325.7,170.79
4/6/2016,322.815,171.04
4/5/2016,319.99,169.28
4/4/2016,317.765,171.35
4/1/2016,316.45,171.13
3/31/2016,314.14,169.035
3/30/2016,316.385,171.365
3/29/2016,320.56,173.175
3/28/2016,321.36,173.185
3/25/2016,318.245,173.195
3/24/2016,316.645,171.49
3/23/2016,313.36,173.84
3/22/2016,311.935,167.62
3/21/2016,304.92,164.26
3/18/2016,299.28,163.82
3/17/2016,298.665,166.26
3/16/2016,297.835,138.625
3/15/2016,293.655,136.665
3/14/2016,294.315,136.99
3/11/2016,305.09,142.025
3/10/2016,322.735,150.34
3/9/2016,328.455,153.035
3/8/2016,332.455,154.925
3/7/2016,328.745,153.16
3/4/2016,330.62,154.1
3/3/2016,332.28,154.855
3/2/2016,335.445,156.335
3/1/2016,340.105,158.54
2/29/2016,345.09,160.85
2/26/2016,350.54,207.985
2/25/2016,523.285,210.16
2/24/2016,527.585,211.895
2/23/2016,525.56,211.005
2/22/2016,530.095,212.845
2/19/2016,533.85,214.395
2/18/2016,533.495,214.155
2/17/2016,537.165,215.645
2/16/2016,545.33,219.035
2/15/2016,556.1801,223.455
2/12/2016,567.695,228.195
2/11/2016,550.99,221.425
2/10/2016,524.18,210.515
2/9/2016,498.065,199.99
2/8/2016,476.065,191.06
2/5/2016,449.79,180.33
2/4/2016,435.955,174.7
2/3/2016,427.715,171.325
2/2/2016,419.695,168.065
2/1/2016,413.515,165.56
1/29/2016,410.785,164.44
1/28/2016,409.3,163.83
1/27/2016,408.285,179.625
1/26/2016,410.53,180.615
1/25/2016,408.81,179.83
1/22/2016,408.295,179.61
1/21/2016,413.35,181.855
1/20/2016,412.355,181.4
1/19/2016,406.59,178.835
1/18/2016,403.505,177.455
1/15/2016,396.6,174.38
1/14/2016,389.96,171.425
1/13/2016,385.805,169.57
1/12/2016,384.705,169.07
1/11/2016,382.33,168.025
1/8/2016,380.11,167.03
1/7/2016,377.03,165.66
1/6/2016,373.235,163.975
1/5/2016,371.02,162.97
1/4/2016,370.595,162.79
1/1/2016,367.6,161.46
12/31/2015,365.895,160.7
12/30/2015,362.89,159.37
12/29/2015,361.385,158.705
12/28/2015,363.56,159.67
12/25/2015,370.39,162.695
12/24/2015,379.82,166.905
12/23/2015,380.285,167.1
12/22/2015,380.2,167.05
12/21/2015,379.99,166.97
12/18/2015,377.04,165.65
12/17/2015,376.065,166.98
12/16/2015,377.455,167.61
12/15/2015,380.475,168.96
12/14/2015,383.56,170.345
12/11/2015,378.995,168.28
12/10/2015,373.095,165.625
12/9/2015,370.375,164.41
12/8/2015,369.66,164.09
12/7/2015,368.685,163.65
12/4/2015,369.945,164.165
12/3/2015,369.6,164.09
12/2/2015,371.125,164.785
12/1/2015,374.88,157.915
11/30/2015,379.38,159.83
11/27/2015,382.515,161.18
11/26/2015,381.89,160.895
11/25/2015,381.85,160.885
11/24/2015,381.85,160.9
11/23/2015,381.655,160.805
11/20/2015,384.79,162.115
11/19/2015,387.21,163.16
11/18/2015,389.51,164.16
11/17/2015,393.24,165.745
11/16/2015,396.705,179.48
11/13/2015,394.34,178.385
11/12/2015,390.07,176.435
11/11/2015,385.47,174.335
11/10/2015,381.29,172.45
11/9/2015,377.1,170.5
11/6/2015,371.09,167.785
11/5/2015,368.4,166.56
11/4/2015,368.765,166.735
11/3/2015,369.23,166.955
11/2/2015,370.82,167.68
10/30/2015,370.15,167.365
10/29/2015,369.085,157.325
10/28/2015,368.175,156.935
10/27/2015,369.94,157.715
10/26/2015,369.805,157.65
10/23/2015,374.035,159.475
10/22/2015,380.225,162.145
10/21/2015,384.74,164.095
10/20/2015,388.185,165.55
10/19/2015,390.81,155.905
10/16/2015,394.91,157.56
10/15/2015,396,158.015
10/14/2015,394.76,157.525
10/13/2015,393.755,157.13
10/12/2015,394.245,157.335
10/9/2015,396.845,158.37
10/8/2015,399.15,159.35
10/7/2015,402.13,160.53
10/6/2015,411.21,164.22
10/5/2015,418.655,167.28
10/2/2015,427.195,170.735
10/1/2015,428.53,168.35
9/30/2015,431.335,169.365
9/29/2015,430.78,215.455
9/28/2015,423.325,211.65
9/25/2015,414.73,207.335
9/24/2015,415.18,207.6
9/23/2015,404.375,202.075
9/22/2015,399.82,199.795
9/21/2015,392.62,196.16
9/18/2015,388.39,193.965
9/17/2015,390.915,195.21
9/16/2015,395.11,197.34
9/15/2015,398.37,199.05
9/14/2015,398.735,199.245
9/11/2015,398.795,199.27
9/10/2015,398.195,198.97
9/9/2015,397.525,198.64
9/8/2015,401.065,200.49
9/7/2015,401.36,200.7
9/4/2015,401.63,200.81
9/3/2015,400.69,200.36
9/2/2015,403.98,202.055
9/1/2015,401.625,200.86
8/31/2015,397.795,198.9
8/28/2015,399.055,199.54
8/27/2015,401.695,200.87
8/26/2015,408.85,204.465
8/25/2015,409.515,204.865
8/24/2015,408.195,204.185
8/21/2015,399.4,199.675
8/20/2015,394.845,197.375
8/19/2015,390.545,195.19
8/18/2015,390.615,195.165
8/17/2015,390.245,194.98
8/14/2015,390.235,195.025
8/13/2015,387.925,193.84
8/12/2015,386.94,193.345
8/11/2015,380.705,190.175
8/10/2015,377.12,188.365
8/7/2015,377.175,188.45
8/6/2015,373.215,186.435
8/5/2015,370.605,185.045
8/4/2015,368.69,184.095
8/3/2015,364.435,181.945
7/31/2015,364.36,181.915
7/30/2015,363.025,176.03
7/29/2015,365.675,177.35
7/28/2015,369.76,179.4
7/27/2015,367.755,178.475
7/24/2015,364.22,176.73
7/23/2015,358.345,173.87
7/22/2015,355.365,172.455
7/21/2015,351.775,170.675
7/20/2015,353.105,159.75
7/17/2015,356.7,161.37
7/16/2015,361.615,163.57
7/15/2015,366.9,166.015
7/14/2015,371.14,167.975
7/13/2015,378.06,171.095
7/10/2015,389.525,176.365
7/9/2015,401.445,181.815
7/8/2015,406.25,184.025
7/7/2015,403.99,183.055
7/6/2015,397.47,180.06
7/3/2015,388.925,176.14
7/2/2015,384.615,189.385
7/1/2015,383.36,188.755
6/30/2015,382.72,188.425
6/29/2015,372.29,183.225
6/26/2015,361.085,177.74
6/25/2015,363.095,178.745
6/24/2015,363.03,178.78
6/23/2015,365.045,179.795
6/22/2015,374.185,184.365
6/19/2015,380.69,187.48
6/18/2015,380.16,187.205
6/17/2015,373.71,200.905
6/16/2015,365.915,196.65
6/15/2015,359.225,193.025
6/12/2015,354.295,190.415
6/11/2015,353.31,189.835
6/10/2015,352.985,189.615
6/9/2015,352.65,189.47
6/8/2015,349.06,187.525
6/5/2015,345.12,185.425
6/4/2015,342.8,186.975
6/3/2015,343.755,187.62
6/2/2015,346.98,189.385
6/1/2015,347.38,189.58
5/29/2015,346.735,189.245
5/28/2015,344.07,187.82
5/27/2015,345.675,188.69
5/26/2015,344.335,188.005
5/25/2015,342.11,186.71
5/22/2015,341.45,186.35
5/21/2015,340.44,185.64
5/20/2015,341.735,186.39
5/19/2015,342.105,186.56
5/18/2015,341.83,186.34
5/15/2015,339.86,185.32
5/14/2015,340.11,185.485
5/13/2015,340.77,185.92
5/12/2015,342.41,190.985
5/11/2015,339.465,189.43
5/8/2015,338.465,188.925
5/7/2015,335.86,187.375
5/6/2015,333.905,186.25
5/5/2015,330,184.045
5/4/2015,325.41,181.435
5/1/2015,326.69,182.25
4/30/2015,327.325,182.64
4/29/2015,327.665,182.905
4/28/2015,164.215,183.14
4/27/2015,164.905,183.875
4/24/2015,166.055,185.215
4/23/2015,164.835,183.725
4/22/2015,165.77,184.845
4/21/2015,166.48,185.83
4/20/2015,165.845,185.09
4/17/2015,164.985,184.21
4/16/2015,161.815,180.685
4/15/2015,159.87,178.43
4/14/2015,159.645,178.275
4/13/2015,159.1,177.485
4/10/2015,159.755,178.185
4/9/2015,161.025,179.63
4/8/2015,163.175,182.01
4/7/2015,164.675,183.605
4/6/2015,166.01,185.075
4/3/2015,164.355,183.225
4/2/2015,161.68,180.275
4/1/2015,161.485,180.08
3/31/2015,161.185,179.7
3/30/2015,161.16,179.67
3/27/2015,160.94,179.555
3/26/2015,161.275,179.945
3/25/2015,161.515,180.33
3/24/2015,160.52,179.24
3/23/2015,159.605,170.445
3/20/2015,157.64,168.395
3/19/2015,157.38,167.96
3/18/2015,156.825,167.495
3/17/2015,155.39,165.92
3/16/2015,154.27,164.715
3/13/2015,154.965,165.39
3/12/2015,155.41,165.965
3/11/2015,155.625,166.13
3/10/2015,155.14,165.58
3/9/2015,153.805,164.15
3/6/2015,153.13,163.52
3/5/2015,152.91,163.155
3/4/2015,153.48,163.85
3/3/2015,153.34,163.63
3/2/2015,152.495,162.795
2/27/2015,153.195,163.43
2/26/2015,153.665,163.725
2/25/2015,155.95,166.195
2/24/2015,157.755,168.105
2/23/2015,159.425,169.815
2/20/2015,160.445,170.9
2/19/2015,160.58,171.09
2/18/2015,160.58,171.125
2/17/2015,161.365,171.985
2/16/2015,160.59,171.095
2/13/2015,160.085,170.57
2/12/2015,160.525,171.12
2/11/2015,160.505,171.08
2/10/2015,160.435,170.895
2/9/2015,161.11,171.64
2/6/2015,161.35,171.765
2/5/2015,167.21,177.885
2/4/2015,168.035,178.75
2/3/2015,168.535,179.28
2/2/2015,170.275,187.315
1/30/2015,169.445,186.43
1/29/2015,166.795,183.57
1/28/2015,164.585,181
1/27/2015,162.515,178.685
1/26/2015,161.375,177.405
1/23/2015,163.355,179.565
1/22/2015,166.205,179.99
1/21/2015,169.945,184.115
1/20/2015,171.145,185.635
1/19/2015,171.555,185.925
1/16/2015,172.045,186.445
1/15/2015,172.65,186.96
1/14/2015,172.77,187.115
1/13/2015,172.59,186.99
1/12/2015,172.845,187.415
1/9/2015,173.19,187.795
1/8/2015,173.595,188.13
1/7/2015,174.215,188.875
1/6/2015,172.9,185.205
1/5/2015,169.755,181.855
1/2/2015,167.175,178.93
1/1/2015,167.44,179.255
12/31/2014,167.715,179.61
12/30/2014,168.56,180.715
12/29/2014,167.86,179.985
12/26/2014,167.685,179.82
12/25/2014,167.23,179.335
12/24/2014,166.87,178.97
12/23/2014,166.15,178.27
12/22/2014,165.55,177.51
12/19/2014,164.82,176.52
12/18/2014,166.67,178.395
12/17/2014,169.4,198.215
12/16/2014,170.13,199.195
12/15/2014,166.93,195.31
12/12/2014,165.315,193.36
12/11/2014,161.885,189.3
12/10/2014,160.08,187.235
12/9/2014,157.725,184.61
12/8/2014,156.82,183.45
12/5/2014,156.925,183.6
12/4/2014,160.68,188.06
12/3/2014,161.215,188.7
12/2/2014,161.93,189.435
12/1/2014,162.215,189.84
11/28/2014,161.895,189.455
11/27/2014,161.955,189.415
11/26/2014,161.995,189.465
11/25/2014,162.68,190.275
11/24/2014,164.685,192.58
11/21/2014,166.78,195.09
11/20/2014,168.36,197.115
11/19/2014,167.32,195.745
11/18/2014,166.15,194.415
11/17/2014,165.75,194.015
11/14/2014,165.09,193.205
11/13/2014,164.62,192.69
11/12/2014,165.28,193.46
11/11/2014,165.01,193.07
11/10/2014,165.13,193.32
11/7/2014,166.93,195.44
11/6/2014,166.91,195.45
11/5/2014,166.87,195.46
11/4/2014,168.145,197.035
11/3/2014,168.12,197.06
10/31/2014,168.43,197.4
10/30/2014,169.345,227.78
10/29/2014,168.155,226.27
10/28/2014,168.14,226.29
10/27/2014,169.08,227.35
10/24/2014,169.78,228.175
10/23/2014,172.995,232.645
10/22/2014,175.175,235.45
10/21/2014,177.445,238.53
10/20/2014,180.28,242.715
10/17/2014,180.425,242.97
10/16/2014,182.16,245.175
10/15/2014,177.94,239.33
10/14/2014,174.475,234.77
10/13/2014,174.095,234.31
10/10/2014,173.445,233.33
10/9/2014,171.95,231.365
10/8/2014,171.14,230.315
10/7/2014,170.58,229.73
10/6/2014,170.79,229.94
10/3/2014,172.76,232.61
10/2/2014,173.625,233.74
10/1/2014,175.595,236.435
9/30/2014,175.77,236.63
9/29/2014,173.99,234.115
9/26/2014,169.49,228.07
9/25/2014,167.51,225.41
9/24/2014,164.825,221.88
9/23/2014,162.875,219.155
9/22/2014,160.095,215.37
9/19/2014,158.57,212.89
9/18/2014,158.955,213.305
9/17/2014,161.525,216.9
9/16/2014,161.515,216.965
9/15/2014,160.235,215.175
9/12/2014,160.385,215.415
9/11/2014,159.515,221.92
9/10/2014,159.08,221.135
9/9/2014,158.63,220.44
9/8/2014,157.755,219.305
9/5/2014,155.775,216.595
9/4/2014,157.14,218.365
9/3/2014,157.305,218.565
9/2/2014,158.14,219.72
9/1/2014,157.565,218.795
8/29/2014,158.055,219.53
8/28/2014,158.52,220.19
8/27/2014,158.105,206.17
8/26/2014,159.445,207.885
8/25/2014,160.755,209.585
8/22/2014,160.76,209.56
8/21/2014,160.66,209.29
8/20/2014,162.85,212.28
8/19/2014,163.47,213.155
8/18/2014,165.075,215.29
8/15/2014,167.115,218.115
8/14/2014,168.52,219.77
8/13/2014,170.035,221.665
8/12/2014,171.795,235.365
8/11/2014,173.355,237.33
8/8/2014,175.59,240.57
8/7/2014,175.76,240.75
8/6/2014,173.66,237.745
8/5/2014,172.345,235.945
8/4/2014,173.95,238.21
8/1/2014,174.62,239.48
7/31/2014,168.955,231.485
7/30/2014,164.92,225.895
7/29/2014,164.635,225.42
7/28/2014,164.725,225.705
7/25/2014,164.53,225.5
7/24/2014,164.04,224.765
7/23/2014,164.395,225.235
7/22/2014,165.745,227.02
7/21/2014,167.065,228.81
7/18/2014,166.25,227.715
7/17/2014,165.565,226.795
7/16/2014,165.91,227.22
7/15/2014,165.75,227.005
7/14/2014,165.9,227.26
7/11/2014,166.865,228.555
7/10/2014,167.135,246.19
7/9/2014,164.57,242.26
7/8/2014,162.94,239.81
7/7/2014,160.195,235.68
7/4/2014,160.1,235.705
7/3/2014,161.255,237.29
7/2/2014,163.2,240.225
7/1/2014,164.615,242.465
6/30/2014,165.18,243.235
6/27/2014,163.21,240.345
6/26/2014,162.2,238.915
6/25/2014,160.695,230.555
6/24/2014,159.38,228.625
6/23/2014,160,229.605
6/20/2014,158.28,227.035
6/19/2014,155.825,223.425
6/18/2014,157.805,226.195
6/17/2014,157.48,225.725
6/16/2014,157.46,225.755
6/13/2014,155.845,223.405
6/12/2014,153.78,220.315
6/11/2014,153.68,220.415
6/10/2014,153.54,220.145
6/9/2014,155.26,234.33
6/6/2014,157.665,238.07
6/5/2014,162.665,245.72
6/4/2014,165.605,250.15
6/3/2014,166.48,250.95
6/2/2014,166.785,251.45
5/30/2014,166.33,250.685
5/29/2014,164.815,248.435
5/28/2014,166.42,250.89
5/27/2014,167.185,252.165
5/26/2014,169.44,255.47
5/23/2014,169.85,245.8
5/22/2014,170.445,246.74
5/21/2014,169.84,245.81
5/20/2014,171.645,248.475
5/19/2014,169.36,245.175
5/16/2014,167.06,241.9
5/15/2014,165.495,239.845
5/14/2014,163,235.935
5/13/2014,163,237.595
5/12/2014,346.57,240.62
5/9/2014,335.305,246
5/8/2014,343.845,259.21
5/7/2014,347.305,261.46
5/6/2014,343.58,260.66
5/5/2014,343.575,260.495
5/2/2014,341.22,258.44
5/1/2014,341.895,259.5
4/30/2014,351.5,265.58
4/29/2014,348.84,267.115
4/28/2014,362.635,267.015
4/25/2014,348.74,265.765
4/24/2014,342.12,264.845
4/23/2014,333.375,260.99
4/22/2014,339.03,263.32
4/21/2014,339.155,267.13
4/18/2014,339.175,266.795
4/17/2014,342.59,266.55
4/16/2014,348.54,267.14
4/15/2014,330.39,268.115
4/14/2014,342.195,269.285
4/11/2014,332.565,271.285
4/10/2014,328.62,266.875
4/9/2014,334.71,267.915
4/8/2014,331.645,258.235
4/7/2014,320.32,257.155
4/4/2014,332.75,253.275
4/3/2014,334.07,256.73
4/2/2014,332.745,259.99
4/1/2014,334.015,263.23
3/31/2014,337.245,268.2
3/28/2014,348.07,271.575
3/27/2014,344.115,273.23
3/26/2014,347.16,273.755
3/25/2014,346.295,272.825
3/24/2014,337.63,275.72
3/21/2014,361.01,273.83
3/20/2014,345.85,275.51
3/19/2014,341.19,269.89
3/18/2014,352.115,271.71
3/17/2014,371.995,275.73
3/14/2014,360.245,277.765
3/13/2014,357.165,276.02
3/12/2014,349.665,272.485
3/11/2014,356.375,269.9
3/10/2014,348.88,270.91
3/7/2014,346.92,255.315
3/6/2014,345.015,256.185
3/5/2014,344.765,259.595
3/4/2014,367.28,261.005
3/3/2014,346.01,261.9
2/28/2014,350.365,259.175
2/27/2014,373.055,260.91
2/26/2014,373.35,261.135
2/25/2014,376.45,263.335
2/24/2014,379.985,265.82
2/21/2014,380.575,266.205
2/20/2014,376.44,263.295
2/19/2014,375.595,262.69
2/18/2014,372.7,260.55
2/17/2014,371.825,259.89
2/14/2014,374.675,261.98
2/13/2014,369.87,258.465
2/12/2014,370.52,258.98
2/11/2014,370.18,258.725
2/10/2014,374.28,261.555
2/7/2014,378.42,264.45
2/6/2014,384.78,268.965
2/5/2014,389.31,303.13
2/4/2014,394.475,307.38
2/3/2014,394.845,307.58
1/31/2014,390.345,303.99
1/30/2014,388.765,302.815
1/29/2014,390.425,304.115
1/28/2014,388.135,302.23
1/27/2014,391.36,304.875
1/24/2014,386.395,301.025
1/23/2014,373.06,290.485
1/22/2014,363.525,282.905
1/21/2014,360.96,280.865
1/20/2014,360.35,284.085
1/17/2014,359.755,283.595
1/16/2014,355.975,284.295
1/15/2014,355.62,283.925
1/14/2014,357.875,285.795
1/13/2014,357.325,285.41
1/10/2014,357.65,285.65
1/9/2014,357.98,285.895
1/8/2014,356.125,284.54
1/7/2014,352.025,281.105
1/6/2014,349.785,269.395
1/3/2014,354.145,272.815
1/2/2014,355.895,274.03
1/1/2014,355.905,274.05
12/31/2013,355.935,274.15
12/30/2013,352.49,271.445
12/27/2013,350.59,270.05
12/26/2013,352.505,271.475
12/25/2013,353.31,272.09
12/24/2013,353.325,272.13
12/23/2013,353.945,272.7
12/20/2013,354.595,273.315
12/19/2013,350.725,260.79
12/18/2013,355.825,264.69
12/17/2013,361.16,268.615
12/16/2013,345.18,269.46
12/13/2013,347.63,271.345
12/12/2013,350.945,273.78
12/11/2013,353.335,275.515
12/10/2013,352.405,274.75
12/9/2013,359.96,280.74
12/6/2013,365.285,284.785
12/5/2013,363.435,283.295
12/4/2013,363.49,283.51
12/3/2013,363.165,283.25
12/2/2013,357.47,278.7
11/29/2013,318.615,276.495
11/28/2013,316.185,274.33
11/27/2013,318.615,276.49
11/26/2013,319.1,276.81
11/25/2013,323.44,280.56
11/22/2013,329.62,286.035
11/21/2013,333.96,289.75
11/20/2013,336.92,292.42
11/19/2013,337.74,297.755
11/18/2013,339.03,298.885
11/15/2013,341.955,301.535
11/14/2013,342.455,302
11/13/2013,342.115,301.745
11/12/2013,339.41,299.455
11/11/2013,337.29,297.55
11/8/2013,338.6,298.755
11/7/2013,338.1,298.265
11/6/2013,336.005,296.465
11/5/2013,337.6,297.765
11/4/2013,336.28,289.67
11/1/2013,337.59,290.81
10/31/2013,340.795,293.445
10/30/2013,343.255,295.645
10/29/2013,342.07,299.24
10/28/2013,354.445,301.835
10/25/2013,354.46,301.86
10/24/2013,350.105,298.28
10/23/2013,346.505,295.175
10/22/2013,346.46,294.995
10/21/2013,348.085,296.435
10/18/2013,348.33,279.665
10/17/2013,351.85,282.425
10/16/2013,354.535,284.385
10/15/2013,358.095,287.28
10/14/2013,356.135,292.235
10/11/2013,359.11,294.775
10/10/2013,363.065,298.02
10/9/2013,366.505,300.845
10/8/2013,365.165,299.655
10/7/2013,363.82,298.48
10/4/2013,362.7,294.08
10/3/2013,365.38,296.305
10/2/2013,365.82,296.53
10/1/2013,368.28,298.54
9/30/2013,372.215,301.725
9/27/2013,372.235,301.785
9/26/2013,370.585,300.395
9/25/2013,369.445,299.535
9/24/2013,367.325,297.84
9/23/2013,365.71,296.55
9/20/2013,363.2,279.135
9/19/2013,358.875,275.785
9/18/2013,366.965,281.765
9/17/2013,358.095,288.885
9/16/2013,361.335,291.55
9/13/2013,366.725,295.865
9/12/2013,367.575,296.605
9/11/2013,367.56,296.555
9/10/2013,368.995,297.555
9/9/2013,373.585,301.3
9/6/2013,374.87,302.22
9/5/2013,373.85,301.4
9/4/2013,374.135,301.535
9/3/2013,374.445,301.845
9/2/2013,376.245,303.205
8/30/2013,379.815,306.02
8/29/2013,380.03,305.99
8/28/2013,380.63,306.635
8/27/2013,379.575,305.725
8/26/2013,376.335,303.35
8/23/2013,377.595,304.19
8/22/2013,379.13,305.425
8/21/2013,378.73,305.28
8/20/2013,375.15,302.35
8/19/2013,374.15,301.62
8/16/2013,370.13,298.42
8/15/2013,367.055,295.87
8/14/2013,363.955,293.26
8/13/2013,363.155,292.695
8/12/2013,363.675,293.155
8/9/2013,363.33,292.825
8/8/2013,362.315,292.01
8/7/2013,364.355,293.685
8/6/2013,364.06,293.505
8/5/2013,364.59,293.99
8/2/2013,365.38,294.52
8/1/2013,369.195,297.81
7/31/2013,371.865,299.865
7/30/2013,371.68,299.92
7/29/2013,370.95,299.255
7/26/2013,368.945,297.69
7/25/2013,368.18,296.905
7/24/2013,364.96,294.33
7/23/2013,362.92,292.655
7/22/2013,364.95,294.285
7/19/2013,367.21,296.215
7/18/2013,370.455,298.88
7/17/2013,376.57,303.84
7/16/2013,376.04,303.41
7/15/2013,375.78,303.055
7/12/2013,377.85,304.805
7/11/2013,377.955,304.75
7/10/2013,383.055,308.95
7/9/2013,386.05,311.28
7/8/2013,394.355,317.99
7/5/2013,395.77,318.97
7/4/2013,397.57,320.42
7/3/2013,397.45,320.545
7/2/2013,397.45,320.545
7/1/2013,401.1,323.6
6/28/2013,404.855,326.62
6/27/2013,404.845,326.46
6/26/2013,417.8,336.93
6/25/2013,430.855,347.735
6/24/2013,424.93,342.73
6/21/2013,444.315,329.545
6/20/2013,430.145,318.905
6/19/2013,406.85,301.67
6/18/2013,404.64,300.07
6/17/2013,404.48,300.115
6/14/2013,412.72,306.22
6/13/2013,418.52,310.47
6/12/2013,416.275,308.96
6/11/2013,410.82,316.36
6/10/2013,398.805,307.2
6/7/2013,400.81,308.9
6/6/2013,402.25,309.955
6/5/2013,361.325,306.705
6/4/2013,356.04,302.205
6/3/2013,352.795,299.46
5/31/2013,346.525,294.215
5/30/2013,343.98,292.02
5/29/2013,340.69,289.06
5/28/2013,336.76,285.845
5/27/2013,337.295,286.405
5/24/2013,335.545,284.7
5/23/2013,330.255,280.14
5/22/2013,329.05,262.855
5/21/2013,330,263.55
5/20/2013,329.45,264.175
5/17/2013,330.165,264.83
5/16/2013,332.9,267.085
5/15/2013,334.39,268.14
5/14/2013,335.01,268.64
5/13/2013,336.2,269.545
5/10/2013,335,268.595
5/9/2013,336.545,269.92
5/8/2013,338.255,271.29
5/7/2013,340,272.765
5/6/2013,338.96,267.495
5/3/2013,337.96,266.75
5/2/2013,350.485,276.69
5/1/2013,352.695,278.335
4/30/2013,355.24,280.305
4/29/2013,360.04,284.16
4/26/2013,362.78,286.3
4/25/2013,363.28,286.69
4/24/2013,367.75,290.27
4/23/2013,370.48,292.385
4/22/2013,371.195,296.455
4/19/2013,373.11,297.95
4/18/2013,372.955,287.385
4/17/2013,369.655,284.785
4/16/2013,367.755,283.31
4/15/2013,367.585,283.16
4/12/2013,364.085,280.375
4/11/2013,364.09,280.375
4/10/2013,368.625,284.26
4/9/2013,373.335,287.975
4/8/2013,375.66,289.91
4/5/2013,379.725,293.35
4/4/2013,380.21,293.74
4/3/2013,381.235,294.495
4/2/2013,383.445,296.23
4/1/2013,384.44,296.995
3/29/2013,395.235,297.175
3/28/2013,396.265,297.94
3/27/2013,398.835,299.865
3/26/2013,394.56,296.575
3/25/2013,392.995,295.385
3/22/2013,392.8,295.195
3/21/2013,391.075,293.785
3/20/2013,387.845,291.27
3/19/2013,380.52,285.27
3/18/2013,375.965,281.83
3/15/2013,372.92,279.54
3/14/2013,374.24,280.455
3/13/2013,375.08,281.15
3/12/2013,363.145,282.4
3/11/2013,362.145,281.765
3/8/2013,362.78,282.21
3/7/2013,368.12,286.41
3/6/2013,372.99,290.295
3/5/2013,376.815,293.39
3/4/2013,379.77,295.71
3/1/2013,379.59,295.585
2/28/2013,377.805,287.6
2/27/2013,376.66,286.83
2/26/2013,376.745,287.07
2/25/2013,375.41,285.83
2/22/2013,392.355,286.39
2/21/2013,393.91,287.575
2/20/2013,393.625,287.395
2/19/2013,394.12,287.8
2/18/2013,394.105,287.78
2/15/2013,394.435,288.05
2/14/2013,394.09,287.77
2/13/2013,391.56,285.925
2/12/2013,394.855,288.345
2/11/2013,396.37,289.535
2/8/2013,397.175,289.335
2/7/2013,398.13,289.975
2/6/2013,397.37,289.545
2/5/2013,399.23,290.955
2/4/2013,402.115,292.965
2/1/2013,400,291.605
1/31/2013,400,293.37
1/30/2013,424.805,291.83
1/29/2013,421.46,290.22
1/28/2013,436.77,290.315
1/25/2013,397.645,291.485
1/24/2013,400.26,293.46
1/23/2013,400.725,293.825
1/22/2013,400.41,293.445
1/21/2013,400.335,293.405
1/18/2013,400,292.98
1/17/2013,380.39,292.355
1/16/2013,380.58,292.545
1/15/2013,380,292.055
1/14/2013,380,288.74
1/11/2013,340.28,286.78
1/10/2013,339.875,286.37
1/9/2013,341.02,287.4
1/8/2013,343.45,289.465
1/7/2013,347.38,292.795
1/4/2013,361.19,273.62
1/3/2013,360.335,273.055
1/2/2013,364.585,276.475
1/1/2013,364.55,276.395
12/31/2012,364.555,276.4
12/28/2012,364.39,276.31
12/27/2012,363.75,275.705
12/26/2012,362.215,274.545
12/25/2012,361.895,274.31
12/24/2012,360.975,273.685
12/21/2012,358.63,271.795
12/20/2012,355.96,269.77
12/19/2012,355.635,269.08
12/18/2012,359.96,272.31
12/17/2012,364.76,275.955
12/14/2012,368.93,279.095
12/13/2012,372.545,281.8
12/12/2012,379.955,287.4
12/11/2012,384.71,291.01
12/10/2012,382.055,289.01
12/7/2012,382.665,289.58
12/6/2012,383.685,290.22
12/5/2012,386.94,292.745
12/4/2012,391.505,296.255
12/3/2012,394.32,298.405
11/30/2012,397.615,300.97
11/29/2012,399.31,302.265
11/28/2012,402.37,304.595
11/27/2012,402.95,305.055
11/26/2012,405.075,306.72
11/23/2012,407.72,308.7
11/22/2012,411.025,311.27
11/21/2012,412.135,312.065
11/20/2012,411.065,311.325
11/19/2012,411.25,311.52
11/16/2012,413.005,312.925
11/15/2012,410.355,310.95
11/14/2012,406.47,307.92
11/13/2012,403.615,305.715
11/12/2012,401.68,304.26
11/9/2012,400.055,297.495
11/8/2012,396.575,294.815
11/7/2012,395,293.46
11/6/2012,380.765,293.455
11/5/2012,381.145,293.735
11/2/2012,381.11,293.59
11/1/2012,385.48,296.905
10/31/2012,388.26,298.98
10/30/2012,389.665,300.05
10/29/2012,388.875,299.5
10/26/2012,386.95,298.115
10/25/2012,387.04,298.205
10/24/2012,385.98,297.345
10/23/2012,386.585,297.84
10/22/2012,385.4,297.01
10/19/2012,382.365,294.62
10/18/2012,379.76,292.575
10/17/2012,382.105,294.325
10/16/2012,391.995,301.8
10/15/2012,400.995,308.735
10/12/2012,404.585,311.525
10/11/2012,407.765,313.965
10/10/2012,408.21,314.34
10/9/2012,365.785,312.325
10/8/2012,362.31,309.465
10/5/2012,360.025,307.375
10/4/2012,364.87,311.52
10/3/2012,367.94,314.095
10/2/2012,370.09,315.845
10/1/2012,371.18,316.66
9/28/2012,373.335,318.41
9/27/2012,372.585,317.715
9/26/2012,372.595,317.725
9/25/2012,366.255,312.41
9/24/2012,359.78,306.745
9/21/2012,357.485,304.625
9/20/2012,355.545,302.785
9/19/2012,350.855,298.57
9/18/2012,355.955,303.11
9/17/2012,353.77,301.21
9/14/2012,358.535,305.14
9/13/2012,371.78,316.41
9/12/2012,379.54,323.11
9/11/2012,388.11,330.39
9/10/2012,391.125,332.835
9/7/2012,396.6,337.475
9/6/2012,408.44,347.52
9/5/2012,416.14,354.075
9/4/2012,415.49,353.495
9/3/2012,416.19,354.125
8/31/2012,416.53,354.27
8/30/2012,415.835,353.6
8/29/2012,415.175,353.035
8/28/2012,415.155,352.995
8/27/2012,414.965,352.82
8/24/2012,413.07,351.28
8/23/2012,408.885,347.685
8/22/2012,407.575,346.61
8/21/2012,408.655,347.43
8/20/2012,414.4,352.31
8/17/2012,417.02,354.5
8/16/2012,419.435,356.46
8/15/2012,393.55,356.81
8/14/2012,393.085,356.42
8/13/2012,392.75,356.03
8/10/2012,389.71,334.195
8/9/2012,388.97,333.5
8/8/2012,389.685,334.125
8/7/2012,392.01,335.97
8/6/2012,395.915,339.44
8/3/2012,399.835,342.945
8/2/2012,402.78,345.595
8/1/2012,400.84,315.53
7/31/2012,403.46,317.63
7/30/2012,409.07,322.095
7/27/2012,413.035,325.095
7/26/2012,418.59,329.595
7/25/2012,417.215,328.455
7/24/2012,413.315,325.305
7/23/2012,414.23,326.05
7/20/2012,410.48,323.115
7/19/2012,409.635,322.33
7/18/2012,413.515,325.41
7/17/2012,416.125,327.485
7/16/2012,419.33,330.135
7/13/2012,419.51,330.22
7/12/2012,420.725,331.12
7/11/2012,420.75,331.285
7/10/2012,419.5,330.3
7/9/2012,410.81,330.495
7/6/2012,408.695,328.925
7/5/2012,402.79,324.19
7/4/2012,403.005,324.315
7/3/2012,408.965,329.26
7/2/2012,416.03,334.965
6/29/2012,422.815,340.305
6/28/2012,427.815,344.215
6/27/2012,428.385,344.715
6/26/2012,425.5,323.975
6/25/2012,398.54,321.585
6/22/2012,393.675,317.66
6/21/2012,395.76,319.27
6/20/2012,397.2,320.295
6/19/2012,396.62,319.55
6/18/2012,402.125,324.205
6/15/2012,402.155,323.93
6/14/2012,406.43,327.43
6/13/2012,408.16,328.87
6/12/2012,408.06,328.885
6/11/2012,406.49,327.435
6/8/2012,408.695,329.255
6/7/2012,411.895,331.68
6/6/2012,416.82,335.655
6/5/2012,418.285,336.96
6/4/2012,416.395,335.5
6/1/2012,414.21,333.765
5/31/2012,409.335,329.785
5/30/2012,406.685,327.73
5/29/2012,414.225,333.775
5/28/2012,417.105,336.125
5/25/2012,417.5,336.55
5/24/2012,441.78,337.285
5/23/2012,443.205,338.525
5/22/2012,445.415,340.16
5/21/2012,452.655,345.68
5/18/2012,451.49,344.8
5/17/2012,444.88,339.7
5/16/2012,432.5,329.965
5/15/2012,426.16,322.89
5/14/2012,420.925,318.98
5/11/2012,413.44,313.32
5/10/2012,412.19,312.345
5/9/2012,411.155,311.55
5/8/2012,404.585,306.675
5/7/2012,402.72,305.19
5/4/2012,400.3,303.405
5/3/2012,399.855,303.13
5/2/2012,398.53,302.23
5/1/2012,400.5,303.655
4/30/2012,370,308.24
4/27/2012,405.935,308.05
4/26/2012,409.895,311.085
4/25/2012,412.375,312.98
4/24/2012,416.135,315.795
4/23/2012,417.5,316.845
4/20/2012,420.575,313.645
4/19/2012,422.805,315.365
4/18/2012,421.18,314.27
4/17/2012,419.795,313.365
4/16/2012,419.5,312.91
4/13/2012,518.735,311.515
4/12/2012,517.395,310.685
4/11/2012,523.27,314.195
4/10/2012,519.24,311.85
4/9/2012,507.295,304.7
4/6/2012,502.46,301.86
4/5/2012,499.645,300.2
4/4/2012,495.68,297.87
4/3/2012,491.99,295.755
4/2/2012,493.085,296.34
3/30/2012,492.1,295.805
3/29/2012,488.17,293.4
3/28/2012,477.625,287.13
3/27/2012,474.315,285.16
3/26/2012,475.865,286.095
3/23/2012,476.615,286.525
3/22/2012,471.525,283.54
3/21/2012,460.57,276.98
3/20/2012,463.89,277.27
3/19/2012,461.915,276.19
3/16/2012,467.025,279.31
3/15/2012,471.905,282.13
3/14/2012,474.98,284.035
3/13/2012,483.125,288.86
3/12/2012,489.85,292.685
3/9/2012,490.25,292.985
3/8/2012,492.84,294.5
3/7/2012,494.09,295.305
3/6/2012,486.915,290.875
3/5/2012,472.465,285.84
3/2/2012,467.455,282.93
3/1/2012,472.33,284.035
2/29/2012,482.205,285.535
2/28/2012,491.625,289.155
2/27/2012,499.485,293.185
2/24/2012,499.83,291.475
2/23/2012,505.435,292.18
2/22/2012,507.17,291.375
2/21/2012,507.5,293.385
2/20/2012,325.475,297.72
2/17/2012,329.9,302.265
2/16/2012,331.515,306.8
2/15/2012,326.815,301.96
2/14/2012,322.07,318.685
2/13/2012,322.565,305.615
2/10/2012,319.5,285.37
2/9/2012,312.085,281.73
2/8/2012,292.99,281.535
2/7/2012,293.695,283.86
2/6/2012,296.825,286.69
2/3/2012,303.19,290.225
2/2/2012,310.66,294.075
2/1/2012,317.445,300.145
1/31/2012,322.48,306.115
1/30/2012,322.775,307.03
1/27/2012,315.3,307.335
1/26/2012,318.725,311.685
1/25/2012,327.61,318.565
1/24/2012,328.93,408.865
1/23/2012,327.875,416.235
1/20/2012,333.01,422.955
1/19/2012,341.36,431.73
1/18/2012,353.895,442.71
1/17/2012,362.775,446.385
1/16/2012,369.125,443.685
1/13/2012,369.14,441.7
1/12/2012,404.94,437.845
1/11/2012,418.345,448.775
1/10/2012,427.23,451.86
1/9/2012,431.085,454.505
1/6/2012,427.045,454.88
1/5/2012,422.845,455.09
1/4/2012,417.2,453.145
1/3/2012,418.51,456.87
1/2/2012,420.445,456.9
12/30/2011,420.41,456.87
12/29/2011,419.505,454.525
12/28/2011,417.705,452.725
12/27/2011,418.12,450.145
12/26/2011,418.105,450.135
12/23/2011,418.13,450.14
12/22/2011,424.285,453.405
12/21/2011,427.135,457.195
12/20/2011,432.995,456.37
12/19/2011,434.205,456.375
12/16/2011,434.65,457.095
12/15/2011,434.42,459.7
12/14/2011,432.235,458.19
12/13/2011,421.325,453.48
12/12/2011,417.305,448.72
12/9/2011,405.785,438.87
12/8/2011,401.985,433.14
12/7/2011,393.39,427.87
12/6/2011,396.095,426
12/5/2011,402.41,503.545
12/2/2011,418.7,515.215
12/1/2011,436.325,528.49
11/30/2011,455.195,539.835
11/29/2011,500.16,550.595
11/28/2011,505.87,553.905
11/25/2011,516.19,557.785
11/24/2011,496.39,542.01
11/23/2011,485.09,528.165
11/22/2011,470.9,514.67
11/21/2011,462.105,506.155
11/18/2011,453.585,498.565
11/17/2011,413.615,482.145
11/16/2011,406.7,477.72
11/15/2011,403.915,470.86
11/14/2011,394.97,462.5
11/11/2011,398.275,459.13
11/10/2011,401.27,454.74
11/9/2011,390.575,449.265
11/8/2011,383.305,441.56
11/7/2011,385.305,444.01
11/4/2011,381.96,442.22
11/3/2011,384.545,439.195
11/2/2011,381.625,440.05
11/1/2011,372.075,434.245
10/31/2011,347.87,349.785
10/28/2011,290.87,348.37
10/27/2011,307.985,360.69
10/26/2011,325.005,379.84
10/25/2011,325.26,385.34
10/24/2011,328.37,396.235
10/21/2011,330.745,401.775
10/20/2011,332.765,406.685
10/19/2011,333.17,399.93
10/18/2011,335.905,404.43
10/17/2011,333.475,406.095
10/14/2011,402.755,404.53
10/13/2011,403.57,412.12
10/12/2011,404.22,418.225
10/11/2011,420.48,439.9
10/10/2011,435.76,450.845
10/7/2011,445.11,457.18
10/6/2011,459.295,473.55
10/5/2011,480.035,485.065
10/4/2011,483.505,483.47
10/3/2011,457.13,479.755
9/30/2011,391.585,465.685
9/29/2011,386.335,454.77
9/28/2011,386.76,452.22
9/27/2011,384.9,450.21
9/26/2011,391.85,457.15
9/23/2011,389.595,447.15
9/22/2011,381.585,432.265
9/21/2011,361.85,412.935
9/20/2011,357.81,407.155
9/19/2011,350.035,404.59
9/16/2011,339.725,402.895
9/15/2011,345.62,406.69
9/14/2011,356.815,414.99
9/13/2011,351.08,411.175
9/12/2011,349.7,403.255
9/9/2011,327.415,386.7
9/8/2011,316.57,381.785
9/7/2011,318.44,379.695
9/6/2011,323.715,380.935
9/5/2011,313.84,368.04
9/2/2011,300.79,363.24
9/1/2011,295.975,359.505
8/31/2011,301.685,364.475
8/30/2011,315.08,378.625
8/29/2011,322.32,422.81
8/26/2011,325.895,431.805
8/25/2011,322.11,430.3
8/24/2011,347.965,432.52
8/23/2011,341.02,417.76
8/22/2011,326.765,389.22
8/19/2011,314.52,375.81
8/18/2011,303.835,367.215
8/17/2011,298.14,365.105
8/16/2011,300.225,362.01
8/15/2011,284.98,362.765
8/12/2011,289.96,367.095
8/11/2011,289.445,342.85
8/10/2011,278.515,332.96
8/9/2011,269.035,325.845
8/8/2011,259.635,311.215
8/5/2011,245.915,291.665
8/4/2011,239.025,281.61
8/3/2011,233.06,273.795
8/2/2011,229.545,267.78
8/1/2011,222.89,263.58
7/29/2011,222.99,263.24
7/28/2011,221.085,259.615
7/27/2011,224.98,260.57
7/26/2011,222.815,259.41
7/25/2011,215.45,244.25
7/22/2011,235.135,242.38
7/21/2011,240.22,246
7/20/2011,246.39,250.045
7/19/2011,251.67,253.385
7/18/2011,251.635,254.02
7/15/2011,243.495,249.7
7/14/2011,240.21,248.67
7/13/2011,241.045,247.54
7/12/2011,240.51,247.94
7/11/2011,236.745,243.18
7/8/2011,228,236.395
7/7/2011,228,235.55
7/6/2011,209.25,166.7
7/5/2011,206.375,164.15
7/4/2011,205.755,165.985
7/1/2011,206.785,167.405
6/30/2011,210.66,170.555
6/29/2011,217.01,173.51
6/28/2011,220.69,175.34
6/27/2011,223.575,175.04
6/24/2011,220,173.725
6/23/2011,222.195,173.435
6/22/2011,217.11,170.99
6/21/2011,215.97,215.82
6/20/2011,216.69,217.175
6/17/2011,220,214.415
6/16/2011,220,214.955
6/15/2011,215,211.44
6/14/2011,209.81,211.92
6/13/2011,213.845,214.495
6/10/2011,210,211.945
6/9/2011,210,209.615
6/8/2011,204,205.14
6/7/2011,204,200.95
6/6/2011,199.96,200.035
6/3/2011,200,197.885
6/2/2011,200,206.46
6/1/2011,216.63,205.335
5/31/2011,215.69,204.7
5/30/2011,217.12,206.415
5/27/2011,216.92,206.42
5/26/2011,216.625,206.265
5/25/2011,216.94,205.55
5/24/2011,215.605,205.035
5/23/2011,211.925,204.635
5/20/2011,207.03,202.28
5/19/2011,205.385,202.785
5/18/2011,206.415,202.775
5/17/2011,206.43,202.295
5/16/2011,205.195,200.97
5/13/2011,205.205,185.1
5/12/2011,205.605,184.795
5/11/2011,204.795,184.38
5/10/2011,206.585,183.57
5/9/2011,206.89,183.06
5/6/2011,205.255,182.865
5/5/2011,204.13,182.56
5/4/2011,202.195,175.15
5/3/2011,202.195,174.54
5/2/2011,201.985,174.025
4/29/2011,203.1,174.84
4/28/2011,204.43,175.955
4/27/2011,208.515,177.275
4/26/2011,208.515,177.885
4/25/2011,208.515,178.085
4/22/2011,208.515,177.77
4/21/2011,208.515,178.275
4/20/2011,208.515,180.195
4/19/2011,208.515,183.955
4/18/2011,209.055,183.565
4/15/2011,204.33,181.23
4/14/2011,204.33,181.235
4/13/2011,201.275,179.805
4/12/2011,200.06,179.905
4/11/2011,197.505,179.905
4/8/2011,198.12,180.515
4/7/2011,198.835,210.275
4/6/2011,200.555,211.07
4/5/2011,206.895,213.14
4/4/2011,212.495,209.4
4/1/2011,217.235,211.935
3/31/2011,220.835,213.28
3/30/2011,218.565,213.99
3/29/2011,215.39,215.3
3/28/2011,216.39,215.885
3/25/2011,217.3,217.08
3/24/2011,218.52,218.925
3/23/2011,219.535,219.415
3/22/2011,217.395,217.28
3/21/2011,217.605,226.12
3/18/2011,220.195,228.01
3/17/2011,225.335,231.49
3/16/2011,225.605,230.875
3/15/2011,228.43,227.985
3/14/2011,224.13,223.24
3/11/2011,223.625,221.185
3/10/2011,219.355,218.845
3/9/2011,216.58,217.645
3/8/2011,216.865,218.635
3/7/2011,218.72,220.075
3/4/2011,216.785,219.26
3/3/2011,216.985,220.485
3/2/2011,219.55,221.8
3/1/2011,219.05,232.15
2/28/2011,224.885,236.17
2/25/2011,224.89,236.07
2/24/2011,239.085,238.935
2/23/2011,236.12,236.925
2/22/2011,233.415,234.495
2/21/2011,230.12,231.745
2/18/2011,229.31,231.53
2/17/2011,229.205,233.895
2/16/2011,231.955,240.89
2/15/2011,235.73,241.9
2/14/2011,235.71,241.255
2/11/2011,234.785,216.905
2/10/2011,234.58,216.805
2/9/2011,232.96,216.065
2/8/2011,233.965,215.525
2/7/2011,234.755,214.98
2/4/2011,237.615,214.695
2/3/2011,239.47,216.45
2/2/2011,238.36,217.35
2/1/2011,240.67,220.1
1/31/2011,246.93,223.77
1/28/2011,246.11,225.76
1/27/2011,245.59,226.25
1/26/2011,242.63,229.23
1/25/2011,241.78,230.89
1/24/2011,241.52,222.55
1/21/2011,254.71,224.76
1/20/2011,258.1,227.23
1/19/2011,257.9,227.98
1/18/2011,260.28,230.63
1/17/2011,262.72,231.33
1/14/2011,262.84,231.43
1/13/2011,260.62,231.33
1/12/2011,263.34,231.32
1/11/2011,270.29,232.86
1/10/2011,270.63,218.29
1/7/2011,262.94,215.95
1/6/2011,253.04,213.12
1/5/2011,244.56,211.96
1/4/2011,242.84,214.8
1/3/2011,247.63,219.07
12/31/2010,250.85,221.81
12/30/2010,251.13,221.67
12/29/2010,251.47,220.76
12/28/2010,251.25,220.86
12/27/2010,251.45,221.26
12/24/2010,251.26,221.37
12/23/2010,251.8,238.18
12/22/2010,251.48,238.27
12/21/2010,250.78,237.57
12/20/2010,247.83,235.76
12/17/2010,244.36,233.31
12/16/2010,223.23,231.99
12/15/2010,223.66,232
12/14/2010,226.78,233.2
12/13/2010,229.84,217.98
12/10/2010,229.02,218.07
12/9/2010,227.59,219.11
12/8/2010,226.16,219.22
12/7/2010,227.47,220.22
12/6/2010,229.98,224.38
12/3/2010,228.83,226.32
12/2/2010,235.74,228.76
12/1/2010,244.03,230.39
11/30/2010,246.02,231.7
11/29/2010,234.64,227.21
11/26/2010,241.93,224.06
11/25/2010,237.44,221.93
11/24/2010,236.43,220.91
11/23/2010,231.59,218.68
11/22/2010,225.06,226.44
11/19/2010,223.83,224.79
11/18/2010,222.82,224.81
11/17/2010,225.77,227.33
11/16/2010,226.82,227.17
11/15/2010,223.86,223.08
11/12/2010,225.09,220.3
11/11/2010,225.39,216.05
11/10/2010,221.96,214.25
11/9/2010,195.69,211.84
11/8/2010,192.53,187.93
11/5/2010,189.97,188.73
11/4/2010,191.47,191.58
11/3/2010,194.41,195.76
11/2/2010,194.49,197.59
11/1/2010,193.59,199.93
10/29/2010,192.7,200.88
10/28/2010,190.68,200.76
10/27/2010,189.74,201.49
10/26/2010,189,201.34
10/25/2010,191.31,202.6
10/22/2010,195.35,206.12
10/21/2010,206.03,206.51
10/20/2010,208.57,207.62
10/19/2010,207.16,213.21
10/18/2010,207.32,212.4
10/15/2010,205.83,211.4
10/14/2010,203.18,210.89
10/13/2010,201.58,211.42
10/12/2010,203.56,214.51
10/11/2010,202.31,215.01
10/8/2010,205.45,216.74
10/7/2010,208.51,219.21
10/6/2010,211.33,223.14
10/5/2010,219.1,226.28
10/4/2010,221.86,228.92
10/1/2010,224.27,230.09
9/30/2010,227,232.84
9/29/2010,229.95,235
9/28/2010,231.66,235
9/27/2010,230.56,233.69
9/24/2010,232.08,233.03
9/23/2010,232.11,232.45
9/22/2010,227.33,228.89
9/21/2010,223.96,227.27
9/20/2010,201.28,212.06
9/17/2010,199.88,211.24
9/16/2010,200.78,211.29
9/15/2010,200.67,211.29
9/14/2010,200.98,211.49
9/13/2010,201.68,212.9
9/10/2010,207.11,215.71
9/9/2010,210.03,218.75
9/8/2010,211.75,220.84
9/7/2010,209.81,220.94
9/6/2010,204.61,222.38
9/3/2010,207.45,225.52
9/2/2010,213.33,228.65
9/1/2010,219.01,230.69
8/31/2010,224.04,231.53
8/30/2010,224.15,194
8/27/2010,224.06,193.91
8/26/2010,221.56,191.78
8/25/2010,219.01,191.37
8/24/2010,215.28,188.23
8/23/2010,211.23,186.12
8/20/2010,211.32,185.21
8/19/2010,207.99,183.9
8/18/2010,208.89,184.61
8/17/2010,211.92,186.93
8/16/2010,215.09,188.03
8/13/2010,241.32,187.23
8/12/2010,243.99,207.09
8/11/2010,237.72,203.26
8/10/2010,228.26,198.51
8/9/2010,224.19,196.7
8/6/2010,223.28,197.82
8/5/2010,219.84,197.41
8/4/2010,217.5,196.7
8/3/2010,217.8,198.3
8/2/2010,224.59,201.22
7/30/2010,229.68,204.45
7/29/2010,227.14,203.04
7/28/2010,227.6,202.24
7/27/2010,220.5,182.3
7/26/2010,229.42,186.23
7/23/2010,236.45,189.17
7/22/2010,241.2,190.89
7/21/2010,244.56,191.69
7/20/2010,247.47,193.4
7/19/2010,245.86,193.32
7/16/2010,240.91,191.1
7/15/2010,238.77,190.09
7/14/2010,223.08,224.76
7/13/2010,225.1,227
7/12/2010,225.28,230.13
7/9/2010,227.29,231.86
7/8/2010,234.69,235.28
7/7/2010,240,238.53
7/6/2010,246.08,239.45
7/5/2010,232.47,240.76
7/2/2010,235.52,241.87
7/1/2010,237.97,241.35
6/30/2010,237.16,236.9
6/29/2010,237.15,234.7
6/28/2010,231.04,230.01
6/25/2010,233.06,239.14
6/24/2010,230.74,236.51
6/23/2010,225,234.09
6/22/2010,199.99,233.8
6/21/2010,198.69,233.83
6/18/2010,206.48,239.76
6/17/2010,212.53,244.21
6/16/2010,216.75,249.64
6/15/2010,216.8,251.36
6/14/2010,197.81,253.36
6/11/2010,202.68,256.89
6/10/2010,207.44,260.22
6/9/2010,208.37,259.11
6/8/2010,208.18,299.95
6/7/2010,200.2,283.05
6/4/2010,191.82,275.65
6/3/2010,187.36,270.49
6/2/2010,190.69,272.71
6/1/2010,275.39,272.02
5/31/2010,266.35,265.6
5/28/2010,268.09,267.43
5/27/2010,273,273.74
5/26/2010,280.2,279.35
5/25/2010,280.95,277.77
5/24/2010,266.26,264.47
5/21/2010,263.04,258.31
5/20/2010,258.41,250.91
5/19/2010,248.99,256.08
5/18/2010,241.6,250.07
5/17/2010,237.94,249.22
5/14/2010,232.2,243.59
5/13/2010,196.92,236.69
5/12/2010,198.78,242.35
5/11/2010,210.14,280.24
5/10/2010,217.17,283.69
5/7/2010,241.14,300.56
5/6/2010,224.17,279.76
5/5/2010,212.25,268.82
5/4/2010,196.79,257.56
5/3/2010,188.34,251.82
4/30/2010,188.04,252.57
4/29/2010,191.56,255.64
4/28/2010,199.25,257.44
4/27/2010,194.4,227.99
4/26/2010,187.1,219.99
4/23/2010,183.37,217.04
4/22/2010,181.67,213.9
4/21/2010,175,210.05
4/20/2010,177.42,210.96
4/19/2010,178.04,211.06
4/16/2010,173.08,206.65
4/15/2010,169.84,204.21
4/14/2010,170,208.57
4/13/2010,170,212
4/12/2010,168.8,210
4/9/2010,170,215
4/8/2010,175,190.32
4/7/2010,170,190.31
4/6/2010,168,192.75
4/5/2010,161.44,197.93
4/2/2010,162.65,199.66
4/1/2010,162.56,198.95
3/31/2010,162.05,198.44
3/30/2010,162.32,173.56
3/29/2010,168.33,174.68
3/26/2010,169.13,175.58
3/25/2010,169.95,175.58
3/24/2010,170,179.21
3/23/2010,167.13,179.52
3/22/2010,162.47,177.61
3/19/2010,162.51,177.46
3/18/2010,160,177.46
3/17/2010,165,178.03
3/16/2010,165,180.36
3/15/2010,160,180.46
3/12/2010,155,179.95
3/11/2010,155,180.66
3/10/2010,156.66,201.9
3/9/2010,165,204.24
3/8/2010,153.75,207.35
3/5/2010,163.08,214.52
3/4/2010,164.01,220.8
3/3/2010,167.21,220.71
3/2/2010,167.25,222.33
3/1/2010,170.29,225.48
2/26/2010,173.75,229.14
2/25/2010,177.3,226.69
2/24/2010,178.2,214.49
2/23/2010,175,214.5
2/22/2010,175,216.78
2/19/2010,182.13,220
2/18/2010,185,258.88
2/17/2010,185,260.19
2/16/2010,185,263.61
2/15/2010,180,261.68
2/12/2010,172.99,261.68
2/11/2010,170.44,260.17
2/10/2010,175,256.37
2/9/2010,175,256.15
2/8/2010,175,256.04
2/5/2010,178.59,252.7
2/4/2010,174.75,261.06
2/3/2010,175,253.28
2/2/2010,168.81,251.37
2/1/2010,172.93,250.47
1/29/2010,175,244.35
1/28/2010,169.31,241.27
1/27/2010,165.89,240.96
1/26/2010,164.68,241.17
1/25/2010,162.85,241.06
1/22/2010,175,235.75
1/21/2010,176.14,225.18
1/20/2010,170,217.62
1/19/2010,165,215.94
1/18/2010,165.38,210.54
1/15/2010,163.25,209.43
1/14/2010,157.55,207.44
1/13/2010,153.28,201.9
1/12/2010,150,199.99
1/11/2010,145,201.75
1/8/2010,148,208.39
1/7/2010,150,220.26
1/6/2010,157.5,219.95
1/5/2010,160,226.84
1/4/2010,160.76,238.47
,,
,,
,,
,,
,,
,,
,,
,,
,,
,,
,,
,,
,,
,,
,,
,,
,,
,,
,,
,,
,,
,,
,,
,,
,,
,,
,,
,,
,,
,,
,,
,,
,,
,,
,,
,,
,,
,,
,,
,,
,,
,,
,,
,,
,,
,,
,,
,,
,,
,,
,,
,,
,,
,,
,,
,,
,,
,,
,,
,,
,,
,,
,,
,,
,,
,,
,,
,,
,,
,,
,,
,,
,,
,,
,,
,,
,,
,,
,,
,,
,,
,,
,,
,,
,,
,,
,,
,,
,,
,,
,,
,,
,,
,,
,,
,,
,,
,,
,,
,,
,,
,,
,,
,,
,,
,,
,,
,,
,,
,,
,,
,,
,,
,,
,,
,,
,,
,,
,,
,,
,,
,,
,,
,,
,,
,,
,,
,,
,,
,,
,,
,,
,,
,,
,,
,,
,,
,,
,,
,,
,,
,,
,,
,,
,,
,,
,,
,,
,,
,,
,,
,,
,,
,,
,,
,,
,,
,,
,,
,,
,,
,,
,,
,,
,,
,,
,,
,,
,,
,,
,,
,,
,,
,,
,,
,,
,,
,,
,,
,,
,,
,,
,,
,,
,,
,,
,,
,,
,,
,,
,,
,,
,,
,,
,,
,,
,,
,,
,,
,,
,,
,,
,,
,,
,,
,,
,,
,,
,,
,,
,,
,,
,,
,,
,,
,,
,,
,,
,,
,,
,,
,,
,,
,,
,,
,,
,,
,,
,,
,,
,,
,,
,,
,,
,,
,,
,,
,,
,,
,,
,,
,,
,,
,,
,,
,,
,,
,,
,,
,,
,,
,,
,,
,,
,,
,,
,,
,,
,,
,,
,,
,,
,,
,,
,,
,,
,,
,,
,,
,,
,,
,,
,,
,,
,,
,,
,,
,,
,,
,,
,,
,,
,,
,,
,,
,,
,,
,,
,,
,,
,,
,,
,,
,,
,,
,,
,,
,,
,,
,,
,,
,,
,,
,,
,,
,,
,,
,,
,,
,,
,,
,,
,,
,,
,,
,,
,,
,,
,,
,,
,,
,,
,,
,,
,,
,,
,,
,,
,,
,,
,,
,,
,,
,,
,,
,,
,,
,,
,,
,,
,,
,,
,,
,,
,,
,,
,,
,,
,,
,,
,,
,,
,,
,,
,,
,,
,,
,,
,,
,,
,,
,,
,,
,,
,,
,,
,,
,,
,,
,,
,,
,,
,,
,,
,,
,,
,,
,,
,,
,,
,,
,,
,,
,,
,,
,,
,,
,,
,,
,,
,,
,,
,,
,,
,,
,,
,,
,,
,,
,,
,,
,,
,,
,,
,,
,,
,,
,,
,,
,,
,,
,,
,,
,,
,,
,,
,,
,,
,,
,,
,,
,,
,,
,,
,,
,,
,,
,,
,,
,,
,,
,,
,,
,,
,,
,,
,,
,,
,,
,,
,,
,,
,,
,,
,,
,,
,,
,,
,,
,,
,,
,,
,,
,,
,,
,,
,,
,,
,,
,,
,,
,,
,,
,,
,,
,,
,,
,,
,,
,,
,,
,,
,,
,,
,,
,,
,,
,,
,,
,,
,,
,,
,,
,,
,,
,,
,,
,,
,,
,,
,,
,,
,,
,,
,,
,,
,,
,,
,,
,,
,,
,,
,,
,,
,,
,,
,,
,,
,,
,,
,,
,,
,,
,,
,,
,,
,,
,,
,,
,,
,,
,,
,,
,,
,,
,,
,,
,,
,,
,,
,,
,,
,,
,,
,,
,,
,,
,,
,,
,,
,,
,,
,,
,,
,,
,,
,,
,,
,,
,,
,,
,,
,,
,,
,,
,,
,,
,,
,,
,,
,,
,,
,,
,,
,,
,,
,,
,,
,,
,,
,,
,,
,,
,,
,,
,,
,,
,,
,,
,,
,,
,,
,,
,,
,,
,,
,,
,,
,,
,,
,,
,,
,,
,,
,,
,,
,,
,,
,,
,,
,,
,,
,,
,,
,,
,,
,,
,,
,,
,,
,,
,,
,,
,,
,,
,,
,,
,,
,,
,,
,,
,,
,,
,,
,,
,,
,,
,,
,,
,,
,,
,,
,,
,,
,,
,,
,,
,,
,,
,,
,,
,,
,,
,,
,,
,,
,,
,,
,,
,,
,,
,,
,,
,,
,,
,,
,,
,,
,,
,,
,,
,,
,,
,,
,,
,,
,,
,,
,,
,,
,,
,,
,,
,,
,,
,,
,,
,,
,,
,,
,,
,,
,,
,,
,,
,,
,,
,,
,,
,,
,,
,,
,,
,,
,,
,,
,,
,,
,,
,,
,,
,,
,,
,,
,,
,,
,,
,,
,,
,,
,,
,,
,,
,,
,,
,,
,,
,,
,,
,,
,,
,,
,,
,,
,,
,,
,,
,,
,,
,,
,,
,,
,,
,,
,,
,,
,,
,,
,,
,,
,,
,,
,,
,,
,,
,,
,,
,,
,,
,,
,,
,,
,,
,,
,,
,,
