Date,CAIX
2024-10-25 00:00:00,195.92
2024-10-24 00:00:00,195.92
2024-10-23 00:00:00,198.91
2024-10-22 00:00:00,198.84
2024-10-21 00:00:00,180.93
2024-10-18 00:00:00,175.08
2024-10-17 00:00:00,182.71
2024-10-16 00:00:00,184.61
2024-10-15 00:00:00,184.1
2024-10-14 00:00:00,186.05
2024-10-11 00:00:00,188.23
2024-10-10 00:00:00,187.4
2024-10-09 00:00:00,187.95
2024-10-08 00:00:00,189.08
2024-10-07 00:00:00,189.09
2024-10-04 00:00:00,188.51
2024-10-03 00:00:00,179.03
2024-10-02 00:00:00,179.45
2024-10-01 00:00:00,178.95
2024-09-30 00:00:00,179.32
2024-09-27 00:00:00,176
2024-09-26 00:00:00,175.08
2024-09-25 00:00:00,176.48
2024-09-24 00:00:00,176.18
2024-09-23 00:00:00,176.75
2024-09-20 00:00:00,176.49
2024-09-19 00:00:00,166.76
2024-09-18 00:00:00,169.34
2024-09-17 00:00:00,168.81
2024-09-16 00:00:00,174.65
2024-09-13 00:00:00,174.81
2024-09-12 00:00:00,175.33
2024-09-11 00:00:00,177.58
2024-09-10 00:00:00,175.05
2024-09-09 00:00:00,175.25
2024-09-06 00:00:00,175.62
2024-09-05 00:00:00,175.17
2024-09-04 00:00:00,175.9
2024-09-03 00:00:00,192.92
2024-09-02 00:00:00,190.14
2024-08-30 00:00:00,188.69
2024-08-29 00:00:00,177.67
2024-08-28 00:00:00,178.02
2024-08-27 00:00:00,168.68
2024-08-26 00:00:00,169.88
2024-08-23 00:00:00,169.02
2024-08-22 00:00:00,170.75
2024-08-21 00:00:00,171.82
2024-08-20 00:00:00,171.63
2024-08-19 00:00:00,172.5
2024-08-16 00:00:00,174.11
2024-08-15 00:00:00,175.98
2024-08-14 00:00:00,175.64
2024-08-13 00:00:00,178.49
2024-08-12 00:00:00,178.58
2024-08-09 00:00:00,178.65
2024-08-08 00:00:00,186.25
2024-08-07 00:00:00,187.43
2024-08-06 00:00:00,193.08
2024-08-05 00:00:00,194.49
2024-08-02 00:00:00,178.07
2024-08-01 00:00:00,178.07
2024-07-31 00:00:00,178.07
2024-07-30 00:00:00,176.16
2024-07-29 00:00:00,175.43
2024-07-26 00:00:00,176.99
2024-07-25 00:00:00,177.09
2024-07-24 00:00:00,177.06
2024-07-23 00:00:00,174.66
2024-07-22 00:00:00,174.48
2024-07-19 00:00:00,174.91
2024-07-18 00:00:00,174.05
2024-07-17 00:00:00,173.94
2024-07-16 00:00:00,172.39
2024-07-15 00:00:00,175.63
2024-07-12 00:00:00,175.6
2024-07-11 00:00:00,172.58
2024-07-10 00:00:00,173.49
2024-07-09 00:00:00,173.43
2024-07-08 00:00:00,173.23
2024-07-05 00:00:00,174.77
2024-07-04 00:00:00,173.94
2024-07-03 00:00:00,174.74
2024-07-02 00:00:00,175
2024-07-01 00:00:00,174.94
2024-06-28 00:00:00,175.48
2024-06-27 00:00:00,177.25
2024-06-26 00:00:00,176.58
2024-06-25 00:00:00,175.66
2024-06-24 00:00:00,175.79
2024-06-21 00:00:00,178.54
2024-06-20 00:00:00,180.21
2024-06-19 00:00:00,178.52
2024-06-18 00:00:00,181.75
2024-06-17 00:00:00,177.36
2024-06-14 00:00:00,173.71
2024-06-13 00:00:00,168.86
2024-06-12 00:00:00,168.56
2024-06-11 00:00:00,154.37
2024-06-10 00:00:00,170.99
2024-06-07 00:00:00,150.79
2024-06-06 00:00:00,170.32
2024-06-05 00:00:00,155.51
2024-06-04 00:00:00,154.44
2024-06-03 00:00:00,164
2024-05-31 00:00:00,171.12
2024-05-30 00:00:00,165.49
2024-05-29 00:00:00,159.2
2024-05-28 00:00:00,164.24
2024-05-27 00:00:00,171.36
2024-05-24 00:00:00,168.31
2024-05-23 00:00:00,160.27
2024-05-22 00:00:00,170.02
2024-05-21 00:00:00,157.75
2024-05-20 00:00:00,167.39
2024-05-17 00:00:00,156.25
2024-05-16 00:00:00,166.4
2024-05-15 00:00:00,171.35
2024-05-14 00:00:00,167.44
2024-05-13 00:00:00,168.86
2024-05-10 00:00:00,164.96
2024-05-09 00:00:00,168.91
2024-05-08 00:00:00,164.91
2024-05-07 00:00:00,166.37
2024-05-06 00:00:00,162.37
2024-05-03 00:00:00,166.35
2024-05-02 00:00:00,162.47
2024-05-01 00:00:00,163.88
2024-04-30 00:00:00,150.49
2024-04-29 00:00:00,172.13
2024-04-26 00:00:00,179.39
2024-04-25 00:00:00,164.7
2024-04-24 00:00:00,171.2
2024-04-23 00:00:00,178.04
2024-04-22 00:00:00,170.31
2024-04-19 00:00:00,168.02
2024-04-18 00:00:00,176.74
2024-04-17 00:00:00,171.41
2024-04-16 00:00:00,179.84
2024-04-15 00:00:00,175.79
2024-04-12 00:00:00,179.11
2024-04-11 00:00:00,179.85
2024-04-10 00:00:00,163.6
2024-04-09 00:00:00,176.42
2024-04-08 00:00:00,177.57
2024-04-05 00:00:00,184.15
2024-04-04 00:00:00,181.43
2024-04-03 00:00:00,179.1
2024-04-02 00:00:00,170.41
2024-04-01 00:00:00,182.85
2024-03-29 00:00:00,182.36
2024-03-28 00:00:00,183.38
2024-03-27 00:00:00,179.99
2024-03-26 00:00:00,175.01
2024-03-25 00:00:00,180.31
2024-03-22 00:00:00,192.06
2024-03-21 00:00:00,189.68
2024-03-20 00:00:00,207.39
2024-03-19 00:00:00,196.87
2024-03-18 00:00:00,184.35
2024-03-15 00:00:00,180.99
2024-03-14 00:00:00,180.26
2024-03-13 00:00:00,180.46
2024-03-12 00:00:00,190.1
2024-03-11 00:00:00,192.2
2024-03-08 00:00:00,190.99
2024-03-07 00:00:00,195.31
2024-03-06 00:00:00,194.78
2024-03-05 00:00:00,194.86
2024-03-04 00:00:00,194.84
2024-03-01 00:00:00,194.32
2024-02-29 00:00:00,194.47
2024-02-28 00:00:00,194.65
2024-02-27 00:00:00,194.21
2024-02-26 00:00:00,194.45
2024-02-23 00:00:00,199.71
2024-02-22 00:00:00,199.77
2024-02-21 00:00:00,201.62
2024-02-20 00:00:00,201.74
2024-02-19 00:00:00,206.88
2024-02-16 00:00:00,195.76
2024-02-15 00:00:00,196.41
2024-02-14 00:00:00,195.82
2024-02-13 00:00:00,195.99
2024-02-12 00:00:00,197.6
2024-02-09 00:00:00,196.21
2024-02-08 00:00:00,197.5
2024-02-07 00:00:00,196.63
2024-02-06 00:00:00,196.6
2024-02-05 00:00:00,196.58
2024-02-02 00:00:00,196.38
2024-02-01 00:00:00,195.89
2024-01-31 00:00:00,195.57
2024-01-30 00:00:00,195.46
2024-01-29 00:00:00,195.7
2024-01-26 00:00:00,195.39
2024-01-25 00:00:00,196.33
2024-01-24 00:00:00,196.37
2024-01-23 00:00:00,198.27
2024-01-22 00:00:00,197.74
2024-01-19 00:00:00,196.47
2024-01-18 00:00:00,198.27
2024-01-17 00:00:00,199.05
2024-01-16 00:00:00,196.4
2024-01-15 00:00:00,195.47
2024-01-12 00:00:00,194.98
2024-01-11 00:00:00,196.87
2024-01-10 00:00:00,195.73
2024-01-09 00:00:00,196.33
2024-01-08 00:00:00,196.05
2024-01-05 00:00:00,200.06
2024-01-04 00:00:00,200.68
2024-01-03 00:00:00,203
2024-01-02 00:00:00,193.04
2024-01-01 00:00:00,193.05
2023-12-29 00:00:00,193
2023-12-28 00:00:00,192.97
2023-12-27 00:00:00,193.03
2023-12-26 00:00:00,193.01
2023-12-25 00:00:00,192.9
2023-12-22 00:00:00,192.93
2023-12-21 00:00:00,192.98
2023-12-20 00:00:00,187.38
2023-12-19 00:00:00,187.43
2023-12-18 00:00:00,176.58
2023-12-15 00:00:00,176.55
2023-12-14 00:00:00,182.02
2023-12-13 00:00:00,176.58
2023-12-12 00:00:00,176.6
2023-12-11 00:00:00,176.58
2023-12-08 00:00:00,176.59
2023-12-07 00:00:00,176.59
2023-12-06 00:00:00,176.63
2023-12-05 00:00:00,176.57
2023-12-04 00:00:00,193.02
2023-12-01 00:00:00,182.14
2023-11-30 00:00:00,182.08
2023-11-29 00:00:00,182.2
2023-11-28 00:00:00,198.54
2023-11-27 00:00:00,220.43
2023-11-24 00:00:00,220.45
2023-11-23 00:00:00,231.32
2023-11-22 00:00:00,214.94
2023-11-21 00:00:00,223.93
2023-11-20 00:00:00,239.51
2023-11-17 00:00:00,233.32
2023-11-16 00:00:00,214.63
2023-11-15 00:00:00,233.35
2023-11-14 00:00:00,246.04
2023-11-13 00:00:00,245.89
2023-11-10 00:00:00,261.69
2023-11-09 00:00:00,249.06
2023-11-08 00:00:00,239.64
2023-11-07 00:00:00,242.85
2023-11-06 00:00:00,231.46
2023-11-03 00:00:00,231.33
2023-11-02 00:00:00,231.46
2023-11-01 00:00:00,231.39
2023-10-31 00:00:00,231.49
2023-10-30 00:00:00,231.47
2023-10-27 00:00:00,231.51
2023-10-26 00:00:00,231.46
2023-10-25 00:00:00,231.51
2023-10-24 00:00:00,200.56
2023-10-23 00:00:00,200.54
2023-10-20 00:00:00,197.67
2023-10-19 00:00:00,197.65
2023-10-18 00:00:00,197.61
2023-10-17 00:00:00,200.54
2023-10-16 00:00:00,200.51
2023-10-13 00:00:00,200.14
2023-10-12 00:00:00,200.23
2023-10-11 00:00:00,200.25
2023-10-10 00:00:00,203.19
2023-10-09 00:00:00,203.1
2023-10-06 00:00:00,203.13
2023-10-05 00:00:00,200.33
2023-10-04 00:00:00,200.18
2023-10-03 00:00:00,203.05
2023-10-02 00:00:00,203.06
2023-09-29 00:00:00,203.11
2023-09-28 00:00:00,208.73
2023-09-27 00:00:00,214.41
2023-09-26 00:00:00,225.93
2023-09-25 00:00:00,242.98
2023-09-22 00:00:00,257.37
2023-09-21 00:00:00,260.21
2023-09-20 00:00:00,256.94
2023-09-19 00:00:00,247.79
2023-09-18 00:00:00,247.58
2023-09-15 00:00:00,252.4
2023-09-14 00:00:00,252.74
2023-09-13 00:00:00,252.65
2023-09-12 00:00:00,252.68
2023-09-11 00:00:00,252.41
2023-09-08 00:00:00,252.62
2023-09-07 00:00:00,252.68
2023-09-06 00:00:00,252.55
2023-09-05 00:00:00,267.82
2023-09-04 00:00:00,267.54
2023-09-01 00:00:00,267.38
2023-08-31 00:00:00,267.55
2023-08-30 00:00:00,267.5
2023-08-29 00:00:00,267.86
2023-08-28 00:00:00,267.69
2023-08-25 00:00:00,267.61
2023-08-24 00:00:00,267.22
2023-08-23 00:00:00,267.56
2023-08-22 00:00:00,273.03
2023-08-21 00:00:00,272.64
2023-08-18 00:00:00,272.85
2023-08-17 00:00:00,272.63
2023-08-16 00:00:00,272.99
2023-08-15 00:00:00,272.98
2023-08-14 00:00:00,273.06
2023-08-11 00:00:00,272.79
2023-08-10 00:00:00,272.96
2023-08-09 00:00:00,272.4
2023-08-08 00:00:00,272.99
2023-08-07 00:00:00,272.71
2023-08-04 00:00:00,272.83
2023-08-03 00:00:00,272.72
2023-08-02 00:00:00,272.76
2023-08-01 00:00:00,272.79
2023-07-31 00:00:00,272.73
2023-07-28 00:00:00,272.57
2023-07-27 00:00:00,277.99
2023-07-26 00:00:00,277.88
2023-07-25 00:00:00,277.46
2023-07-24 00:00:00,277.71
2023-07-21 00:00:00,278.13
2023-07-20 00:00:00,277.78
2023-07-19 00:00:00,277.23
2023-07-18 00:00:00,277.81
2023-07-17 00:00:00,277.93
2023-07-14 00:00:00,277.47
2023-07-13 00:00:00,282.71
2023-07-12 00:00:00,282.92
2023-07-11 00:00:00,282.92
2023-07-10 00:00:00,282.82
2023-07-07 00:00:00,283.51
2023-07-06 00:00:00,282.71
2023-07-05 00:00:00,283.01
2023-07-04 00:00:00,282.8
2023-07-03 00:00:00,282.95
2023-06-30 00:00:00,283.06
2023-06-29 00:00:00,283.03
2023-06-28 00:00:00,283.01
2023-06-27 00:00:00,282.86
2023-06-26 00:00:00,282.27
2023-06-23 00:00:00,283.11
2023-06-22 00:00:00,282.92
2023-06-21 00:00:00,272.69
2023-06-20 00:00:00,272.94
2023-06-19 00:00:00,272.92
2023-06-16 00:00:00,273.07
2023-06-15 00:00:00,267.95
2023-06-14 00:00:00,267.91
2023-06-13 00:00:00,267.79
2023-06-12 00:00:00,267.71
2023-06-09 00:00:00,267.88
2023-06-08 00:00:00,267.91
2023-06-07 00:00:00,272.84
2023-06-06 00:00:00,272.99
2023-06-05 00:00:00,278.05
2023-06-02 00:00:00,277.67
2023-06-01 00:00:00,282.57
2023-05-31 00:00:00,282.47
2023-05-30 00:00:00,282.7
2023-05-29 00:00:00,282.87
2023-05-26 00:00:00,288.19
2023-05-25 00:00:00,287.76
2023-05-24 00:00:00,287.96
2023-05-23 00:00:00,287.73
2023-05-22 00:00:00,288.16
2023-05-19 00:00:00,288.36
2023-05-18 00:00:00,298.22
2023-05-17 00:00:00,297.93
2023-05-16 00:00:00,298.15
2023-05-15 00:00:00,298.16
2023-05-12 00:00:00,297.7
2023-05-11 00:00:00,297.7
2023-05-10 00:00:00,298
2023-05-09 00:00:00,293.31
2023-05-08 00:00:00,293.02
2023-05-05 00:00:00,292.64
2023-05-04 00:00:00,292.76
2023-05-03 00:00:00,293.09
2023-05-02 00:00:00,292.95
2023-05-01 00:00:00,292.59
2023-04-28 00:00:00,293.3
2023-04-27 00:00:00,297.37
2023-04-26 00:00:00,292.3
2023-04-25 00:00:00,298.01
2023-04-24 00:00:00,298.19
2023-04-21 00:00:00,297.9
2023-04-20 00:00:00,298.38
2023-04-19 00:00:00,292.92
2023-04-18 00:00:00,293.25
2023-04-17 00:00:00,293.2
2023-04-14 00:00:00,292.91
2023-04-13 00:00:00,293.16
2023-04-12 00:00:00,293.53
2023-04-11 00:00:00,300.08
2023-04-10 00:00:00,300.06
2023-04-07 00:00:00,299.92
2023-04-06 00:00:00,302.48
2023-04-05 00:00:00,297.97
2023-04-04 00:00:00,292.87
2023-04-03 00:00:00,282.82
2023-03-31 00:00:00,284.68
2023-03-30 00:00:00,290.51
2023-03-29 00:00:00,292.12
2023-03-28 00:00:00,292.3
2023-03-27 00:00:00,292.26
2023-03-24 00:00:00,289.16
2023-03-23 00:00:00,285.64
2023-03-22 00:00:00,283.28
2023-03-21 00:00:00,292.07
2023-03-20 00:00:00,301.95
2023-03-17 00:00:00,286.92
2023-03-16 00:00:00,243.98
2023-03-15 00:00:00,240.95
2023-03-14 00:00:00,242.59
2023-03-13 00:00:00,220.58
2023-03-10 00:00:00,219.11
2023-03-09 00:00:00,219
2023-03-08 00:00:00,218.98
2023-03-07 00:00:00,219.07
2023-03-06 00:00:00,219.11
2023-03-03 00:00:00,219.01
2023-03-02 00:00:00,219.1
2023-03-01 00:00:00,219.19
2023-02-28 00:00:00,219.1
2023-02-27 00:00:00,211.85
2023-02-24 00:00:00,211.86
2023-02-23 00:00:00,211.92
2023-02-22 00:00:00,211.8
2023-02-21 00:00:00,211.85
2023-02-20 00:00:00,211.95
2023-02-17 00:00:00,211.93
2023-02-16 00:00:00,211.86
2023-02-15 00:00:00,211.73
2023-02-14 00:00:00,211.81
2023-02-13 00:00:00,211.77
2023-02-10 00:00:00,211.78
2023-02-09 00:00:00,211.89
2023-02-08 00:00:00,211.76
2023-02-07 00:00:00,219.03
2023-02-06 00:00:00,218.86
2023-02-03 00:00:00,220.68
2023-02-02 00:00:00,223.39
2023-02-01 00:00:00,223.34
2023-01-31 00:00:00,226.22
2023-01-30 00:00:00,226.34
2023-01-27 00:00:00,218.92
2023-01-26 00:00:00,219.01
2023-01-25 00:00:00,219.11
2023-01-24 00:00:00,218.93
2023-01-23 00:00:00,218.93
2023-01-20 00:00:00,218.88
2023-01-19 00:00:00,220.4
2023-01-18 00:00:00,228.03
2023-01-17 00:00:00,226.26
2023-01-16 00:00:00,226.18
2023-01-13 00:00:00,226.41
2023-01-12 00:00:00,226.57
2023-01-11 00:00:00,226.31
2023-01-10 00:00:00,226.38
2023-01-09 00:00:00,235.38
2023-01-06 00:00:00,233.72
2023-01-05 00:00:00,235.25
2023-01-04 00:00:00,233.69
2023-01-03 00:00:00,238.13
2023-01-02 00:00:00,238.04
2022-12-30 00:00:00,235.25
2022-12-29 00:00:00,238.2
2022-12-28 00:00:00,236.57
2022-12-27 00:00:00,236.67
2022-12-26 00:00:00,236.64
2022-12-23 00:00:00,236.75
2022-12-22 00:00:00,236.36
2022-12-21 00:00:00,234.9
2022-12-20 00:00:00,233.52
2022-12-19 00:00:00,230.65
2022-12-16 00:00:00,230.43
2022-12-15 00:00:00,231.99
2022-12-14 00:00:00,233.34
2022-12-13 00:00:00,239.13
2022-12-12 00:00:00,240.75
2022-12-09 00:00:00,240.76
2022-12-08 00:00:00,240.88
2022-12-07 00:00:00,240.87
2022-12-06 00:00:00,248.12
2022-12-05 00:00:00,248.05
2022-12-02 00:00:00,249.73
2022-12-01 00:00:00,248.26
2022-11-30 00:00:00,249.58
2022-11-29 00:00:00,248.18
2022-11-28 00:00:00,248.15
2022-11-25 00:00:00,249.65
2022-11-24 00:00:00,248.24
2022-11-23 00:00:00,248.21
2022-11-22 00:00:00,248.06
2022-11-21 00:00:00,248.17
2022-11-18 00:00:00,248.2
2022-11-17 00:00:00,248.21
2022-11-16 00:00:00,248.19
2022-11-15 00:00:00,248.12
2022-11-14 00:00:00,270.15
2022-11-11 00:00:00,271.47
2022-11-10 00:00:00,271.87
2022-11-09 00:00:00,270.19
2022-11-08 00:00:00,270.14
2022-11-07 00:00:00,277.24
2022-11-04 00:00:00,277.24
2022-11-03 00:00:00,277.25
2022-11-02 00:00:00,277.3
2022-11-01 00:00:00,277.35
2022-10-31 00:00:00,277.24
2022-10-28 00:00:00,290.89
2022-10-27 00:00:00,290.73
2022-10-26 00:00:00,290.55
2022-10-25 00:00:00,290.79
2022-10-24 00:00:00,290.93
2022-10-21 00:00:00,284.7
2022-10-20 00:00:00,284.79
2022-10-19 00:00:00,284.76
2022-10-18 00:00:00,283.07
2022-10-17 00:00:00,283.21
2022-10-14 00:00:00,283.47
2022-10-13 00:00:00,283.66
2022-10-12 00:00:00,285.27
2022-10-11 00:00:00,287.53
2022-10-10 00:00:00,284.87
2022-10-07 00:00:00,281.78
2022-10-06 00:00:00,284.84
2022-10-05 00:00:00,290.72
2022-10-04 00:00:00,292.52
2022-10-03 00:00:00,299.44
2022-09-30 00:00:00,305.88
2022-09-29 00:00:00,305.71
2022-09-28 00:00:00,290.71
2022-09-27 00:00:00,290.76
2022-09-26 00:00:00,283.37
2022-09-23 00:00:00,276.17
2022-09-22 00:00:00,275.98
2022-09-21 00:00:00,276.51
2022-09-20 00:00:00,276.39
2022-09-19 00:00:00,265.98
2022-09-16 00:00:00,265.66
2022-09-15 00:00:00,265.89
2022-09-14 00:00:00,265.73
2022-09-13 00:00:00,250.82
2022-09-12 00:00:00,250.78
2022-09-09 00:00:00,265.68
2022-09-08 00:00:00,266.46
2022-09-07 00:00:00,274.45
2022-09-06 00:00:00,269.42
2022-09-05 00:00:00,283.41
2022-09-02 00:00:00,308.14
2022-09-01 00:00:00,293.11
2022-08-31 00:00:00,260.39
2022-08-30 00:00:00,248.56
2022-08-29 00:00:00,233.81
2022-08-26 00:00:00,234.18
2022-08-25 00:00:00,234.2
2022-08-24 00:00:00,234.26
2022-08-23 00:00:00,234.05
2022-08-22 00:00:00,234.15
2022-08-19 00:00:00,234.03
2022-08-18 00:00:00,234.15
2022-08-17 00:00:00,271.36
2022-08-16 00:00:00,254.36
2022-08-15 00:00:00,235.5
2022-08-12 00:00:00,268.82
2022-08-11 00:00:00,268.75
2022-08-10 00:00:00,268.93
2022-08-09 00:00:00,268.82
2022-08-08 00:00:00,268.8
2022-08-05 00:00:00,268.92
2022-08-04 00:00:00,268.9
2022-08-03 00:00:00,297.12
2022-08-02 00:00:00,289.56
2022-08-01 00:00:00,282.8
2022-07-29 00:00:00,294.02
2022-07-28 00:00:00,314.02
2022-07-27 00:00:00,316.66
2022-07-26 00:00:00,310.34
2022-07-25 00:00:00,307.11
2022-07-22 00:00:00,301.42
2022-07-21 00:00:00,301.51
2022-07-20 00:00:00,299.07
2022-07-19 00:00:00,315.39
2022-07-18 00:00:00,316.12
2022-07-15 00:00:00,317.82
2022-07-14 00:00:00,317.54
2022-07-13 00:00:00,302.95
2022-07-12 00:00:00,299.24
2022-07-11 00:00:00,261.92
2022-07-08 00:00:00,263.13
2022-07-07 00:00:00,267.23
2022-07-06 00:00:00,243.61
2022-07-05 00:00:00,255.56
2022-07-04 00:00:00,265.49
2022-07-01 00:00:00,259.82
2022-06-30 00:00:00,258.52
2022-06-29 00:00:00,249.4
2022-06-28 00:00:00,249.23
2022-06-27 00:00:00,260.13
2022-06-24 00:00:00,235.09
2022-06-23 00:00:00,240.39
2022-06-22 00:00:00,234.91
2022-06-21 00:00:00,227.66
2022-06-20 00:00:00,227.88
2022-06-17 00:00:00,230.2
2022-06-16 00:00:00,228.74
2022-06-15 00:00:00,221.88
2022-06-14 00:00:00,227.39
2022-06-13 00:00:00,204.38
2022-06-10 00:00:00,204.37
2022-06-09 00:00:00,197.4
2022-06-08 00:00:00,196.72
2022-06-07 00:00:00,197.65
2022-06-06 00:00:00,197.66
2022-06-03 00:00:00,197.65
2022-06-02 00:00:00,197.57
2022-06-01 00:00:00,197.73
2022-05-31 00:00:00,197.68
2022-05-30 00:00:00,197.65
2022-05-27 00:00:00,197.64
2022-05-26 00:00:00,224.42
2022-05-25 00:00:00,224.49
2022-05-24 00:00:00,224.37
2022-05-23 00:00:00,216.57
2022-05-20 00:00:00,220.79
2022-05-19 00:00:00,223.12
2022-05-18 00:00:00,211.24
2022-05-17 00:00:00,210.24
2022-05-16 00:00:00,210.26
2022-05-13 00:00:00,207.91
2022-05-12 00:00:00,216.32
2022-05-11 00:00:00,217.77
2022-05-10 00:00:00,217.82
2022-05-09 00:00:00,218.09
2022-05-06 00:00:00,214.48
2022-05-05 00:00:00,204.78
2022-05-04 00:00:00,202.7
2022-05-03 00:00:00,203.2
2022-05-02 00:00:00,205.97
2022-04-29 00:00:00,205.94
2022-04-28 00:00:00,198.77
2022-04-27 00:00:00,184.87
2022-04-26 00:00:00,184.88
2022-04-25 00:00:00,184.83
2022-04-22 00:00:00,184.77
2022-04-21 00:00:00,184.91
2022-04-20 00:00:00,184.38
2022-04-19 00:00:00,185.38
2022-04-18 00:00:00,179.39
2022-04-15 00:00:00,179.38
2022-04-14 00:00:00,179.38
2022-04-13 00:00:00,173.04
2022-04-12 00:00:00,167.62
2022-04-11 00:00:00,161.79
2022-04-08 00:00:00,166.08
2022-04-07 00:00:00,162.25
2022-04-06 00:00:00,163.45
2022-04-05 00:00:00,163.56
2022-04-04 00:00:00,163.24
2022-04-01 00:00:00,162.76
2022-03-31 00:00:00,162.04
2022-03-30 00:00:00,162.93
2022-03-29 00:00:00,167.71
2022-03-28 00:00:00,171.5
2022-03-25 00:00:00,174.27
2022-03-24 00:00:00,173.07
2022-03-23 00:00:00,174.97
2022-03-22 00:00:00,166.59
2022-03-21 00:00:00,178.07
2022-03-18 00:00:00,179.19
2022-03-17 00:00:00,190.06
2022-03-16 00:00:00,172.16
2022-03-15 00:00:00,168.33
2022-03-14 00:00:00,187.33
2022-03-11 00:00:00,187.26
2022-03-10 00:00:00,187.27
2022-03-09 00:00:00,187.25
2022-03-08 00:00:00,187.25
2022-03-07 00:00:00,187.23
2022-03-04 00:00:00,190.64
2022-03-03 00:00:00,188.48
2022-03-02 00:00:00,188.68
2022-03-01 00:00:00,188.72
2022-02-28 00:00:00,186.58
2022-02-25 00:00:00,186.65
2022-02-24 00:00:00,182.85
2022-02-23 00:00:00,175.64
2022-02-22 00:00:00,177.68
2022-02-21 00:00:00,175.54
2022-02-18 00:00:00,176.15
2022-02-17 00:00:00,176.24
2022-02-16 00:00:00,168.14
2022-02-15 00:00:00,184.3
2022-02-14 00:00:00,178.84
2022-02-11 00:00:00,172.13
2022-02-10 00:00:00,172.23
2022-02-09 00:00:00,173.54
2022-02-08 00:00:00,168.62
2022-02-07 00:00:00,175
2022-02-04 00:00:00,166.39
2022-02-03 00:00:00,155.01
2022-02-02 00:00:00,149.1
2022-02-01 00:00:00,148.36
2022-01-31 00:00:00,149.3
2022-01-28 00:00:00,145.68
2022-01-27 00:00:00,145.68
2022-01-26 00:00:00,145.67
2022-01-25 00:00:00,147.09
2022-01-24 00:00:00,146.58
2022-01-21 00:00:00,143.26
2022-01-20 00:00:00,143.13
2022-01-19 00:00:00,143
2022-01-18 00:00:00,145.58
2022-01-17 00:00:00,147.25
2022-01-14 00:00:00,143.5
2022-01-13 00:00:00,145.49
2022-01-12 00:00:00,144.48
2022-01-11 00:00:00,143.38
2022-01-10 00:00:00,144.25
2022-01-07 00:00:00,142.81
2022-01-06 00:00:00,139.63
2022-01-05 00:00:00,142.16
2022-01-04 00:00:00,137.13
2022-01-03 00:00:00,139.27
2021-12-31 00:00:00,139.28
2021-12-30 00:00:00,147.2
2021-12-29 00:00:00,149.75
2021-12-28 00:00:00,146
2021-12-27 00:00:00,145.99
2021-12-24 00:00:00,146
2021-12-23 00:00:00,149.15
2021-12-22 00:00:00,149.5
2021-12-21 00:00:00,151.26
2021-12-20 00:00:00,150.49
2021-12-17 00:00:00,149.68
2021-12-16 00:00:00,148.87
2021-12-15 00:00:00,152.15
2021-12-14 00:00:00,152.61
2021-12-13 00:00:00,150
2021-12-10 00:00:00,154.44
2021-12-09 00:00:00,153.86
2021-12-08 00:00:00,153.71
2021-12-07 00:00:00,154.6
2021-12-06 00:00:00,153.85
2021-12-03 00:00:00,152.25
2021-12-02 00:00:00,152.54
2021-12-01 00:00:00,151.39
2021-11-30 00:00:00,151.34
2021-11-29 00:00:00,154.03
2021-11-26 00:00:00,152.04
2021-11-25 00:00:00,148.62
2021-11-24 00:00:00,150.77
2021-11-23 00:00:00,153.82
2021-11-22 00:00:00,153.24
2021-11-19 00:00:00,152.36
2021-11-18 00:00:00,152.24
2021-11-17 00:00:00,151.18
2021-11-16 00:00:00,151.53
2021-11-15 00:00:00,150.08
2021-11-12 00:00:00,153.71
2021-11-11 00:00:00,144.02
2021-11-10 00:00:00,148.45
2021-11-09 00:00:00,145.41
2021-11-08 00:00:00,152.19
2021-11-05 00:00:00,151.59
2021-11-04 00:00:00,145.37
2021-11-03 00:00:00,146.13
2021-11-02 00:00:00,145.51
2021-11-01 00:00:00,147.05
2021-10-29 00:00:00,149.44
2021-10-28 00:00:00,138.92
2021-10-27 00:00:00,132.33
2021-10-26 00:00:00,139.74
2021-10-25 00:00:00,141.29
2021-10-22 00:00:00,141.89
2021-10-21 00:00:00,142.04
2021-10-20 00:00:00,141.68
2021-10-19 00:00:00,139.48
2021-10-18 00:00:00,142
2021-10-15 00:00:00,139.73
2021-10-14 00:00:00,141.38
2021-10-13 00:00:00,142.09
2021-10-12 00:00:00,140.03
2021-10-11 00:00:00,139.38
2021-10-08 00:00:00,137.08
2021-10-07 00:00:00,134.43
2021-10-06 00:00:00,133.31
2021-10-05 00:00:00,137.7
2021-10-04 00:00:00,137.7
2021-10-01 00:00:00,137.71
2021-09-30 00:00:00,137.69
2021-09-29 00:00:00,137.71
2021-09-28 00:00:00,119.63
2021-09-27 00:00:00,119.63
2021-09-24 00:00:00,119.62
2021-09-23 00:00:00,119.63
2021-09-22 00:00:00,119.62
2021-09-21 00:00:00,119.62
2021-09-20 00:00:00,119.62
2021-09-17 00:00:00,115.24
2021-09-16 00:00:00,117.7
2021-09-15 00:00:00,118.81
2021-09-14 00:00:00,120.53
2021-09-13 00:00:00,117.58
2021-09-10 00:00:00,120.47
2021-09-09 00:00:00,120.46
2021-09-08 00:00:00,120.47
2021-09-07 00:00:00,119.12
2021-09-06 00:00:00,120.39
2021-09-03 00:00:00,123.97
2021-09-02 00:00:00,119.8
2021-09-01 00:00:00,120.25
2021-08-31 00:00:00,117.71
2021-08-30 00:00:00,117.71
2021-08-27 00:00:00,117.71
2021-08-26 00:00:00,128.95
2021-08-25 00:00:00,128.96
2021-08-24 00:00:00,123.09
2021-08-23 00:00:00,122.07
2021-08-20 00:00:00,123.02
2021-08-19 00:00:00,132.45
2021-08-18 00:00:00,125.6
2021-08-17 00:00:00,126.62
2021-08-16 00:00:00,124.79
2021-08-13 00:00:00,117.8
2021-08-12 00:00:00,117.8
2021-08-11 00:00:00,118.73
2021-08-10 00:00:00,119.04
2021-08-09 00:00:00,120.2
2021-08-06 00:00:00,118.25
2021-08-05 00:00:00,125.83
2021-08-04 00:00:00,128.15
2021-08-03 00:00:00,128.16
2021-08-02 00:00:00,128.16
2021-07-30 00:00:00,128.16
2021-07-29 00:00:00,128.16
2021-07-28 00:00:00,130.41
2021-07-27 00:00:00,130.41
2021-07-26 00:00:00,130.41
2021-07-23 00:00:00,130.41
2021-07-22 00:00:00,134.33
2021-07-21 00:00:00,134.33
2021-07-20 00:00:00,134.33
2021-07-19 00:00:00,134.33
2021-07-16 00:00:00,134.33
2021-07-15 00:00:00,133.92
2021-07-14 00:00:00,128.38
2021-07-13 00:00:00,128.38
2021-07-12 00:00:00,127.09
2021-07-09 00:00:00,126.98
2021-07-08 00:00:00,126.98
2021-07-07 00:00:00,128.7
2021-07-06 00:00:00,126.34
2021-07-05 00:00:00,130.04
2021-07-02 00:00:00,126.56
2021-07-01 00:00:00,126.56
2021-06-30 00:00:00,126.56
2021-06-29 00:00:00,126.75
2021-06-28 00:00:00,126.89
2021-06-25 00:00:00,129.41
2021-06-24 00:00:00,129.41
2021-06-23 00:00:00,129.41
2021-06-22 00:00:00,132.28
2021-06-21 00:00:00,132.37
2021-06-18 00:00:00,132.38
2021-06-17 00:00:00,132.37
2021-06-16 00:00:00,132.5
2021-06-15 00:00:00,132.06
2021-06-14 00:00:00,131.59
2021-06-11 00:00:00,140.59
2021-06-10 00:00:00,140.59
2021-06-09 00:00:00,147.76
2021-06-08 00:00:00,149.64
2021-06-07 00:00:00,149.74
2021-06-04 00:00:00,149.25
2021-06-03 00:00:00,149.25
2021-06-02 00:00:00,149.78
2021-06-01 00:00:00,149.86
2021-05-31 00:00:00,149.86
2021-05-28 00:00:00,149.86
2021-05-27 00:00:00,149.86
2021-05-26 00:00:00,149.84
2021-05-25 00:00:00,147.8
2021-05-24 00:00:00,149.89
2021-05-21 00:00:00,148.84
2021-05-20 00:00:00,147.95
2021-05-19 00:00:00,147.34
2021-05-18 00:00:00,149.97
2021-05-17 00:00:00,149.79
2021-05-14 00:00:00,149.38
2021-05-13 00:00:00,150.05
2021-05-12 00:00:00,149.52
2021-05-11 00:00:00,150.32
2021-05-10 00:00:00,149.68
2021-05-07 00:00:00,150.21
2021-05-06 00:00:00,150.29
2021-05-05 00:00:00,148.79
2021-05-04 00:00:00,149.26
2021-05-03 00:00:00,147.96
2021-04-30 00:00:00,147.97
2021-04-29 00:00:00,148.96
2021-04-28 00:00:00,148.4
2021-04-27 00:00:00,149.73
2021-04-26 00:00:00,149.66
2021-04-23 00:00:00,149.01
2021-04-22 00:00:00,150.98
2021-04-21 00:00:00,150.26
2021-04-20 00:00:00,152.88
2021-04-19 00:00:00,150.28
2021-04-16 00:00:00,149.68
2021-04-15 00:00:00,149.87
2021-04-14 00:00:00,153.62
2021-04-13 00:00:00,156.9
2021-04-12 00:00:00,156.16
2021-04-09 00:00:00,155.89
2021-04-08 00:00:00,154.25
2021-04-07 00:00:00,153.28
2021-04-06 00:00:00,156.52
2021-04-05 00:00:00,155.74
2021-04-02 00:00:00,155.74
2021-04-01 00:00:00,155.75
2021-03-31 00:00:00,162.41
2021-03-30 00:00:00,171.59
2021-03-29 00:00:00,179.57
2021-03-26 00:00:00,165.71
2021-03-25 00:00:00,164.61
2021-03-24 00:00:00,162.25
2021-03-23 00:00:00,170.08
2021-03-22 00:00:00,188.99
2021-03-19 00:00:00,171.22
2021-03-18 00:00:00,170.27
2021-03-17 00:00:00,170
2021-03-16 00:00:00,184.52
2021-03-15 00:00:00,184.55
2021-03-12 00:00:00,152.68
2021-03-11 00:00:00,152.67
2021-03-10 00:00:00,155.62
2021-03-09 00:00:00,154.62
2021-03-08 00:00:00,154.61
2021-03-05 00:00:00,155.62
2021-03-04 00:00:00,154.63
2021-03-03 00:00:00,151.91
2021-03-02 00:00:00,151.88
2021-03-01 00:00:00,150.4
2021-02-26 00:00:00,150.4
2021-02-25 00:00:00,150.4
2021-02-24 00:00:00,150.41
2021-02-23 00:00:00,150.39
2021-02-22 00:00:00,150.41
2021-02-19 00:00:00,150.41
2021-02-18 00:00:00,150.39
2021-02-17 00:00:00,150.41
2021-02-16 00:00:00,150.38
2021-02-15 00:00:00,150.38
2021-02-12 00:00:00,150.38
2021-02-11 00:00:00,150.38
2021-02-10 00:00:00,150.36
2021-02-09 00:00:00,154.82
2021-02-08 00:00:00,154.82
2021-02-05 00:00:00,154.82
2021-02-04 00:00:00,154.82
2021-02-03 00:00:00,154.82
2021-02-02 00:00:00,154.82
2021-02-01 00:00:00,154.81
2021-01-29 00:00:00,154.81
2021-01-28 00:00:00,154.81
2021-01-27 00:00:00,154.81
2021-01-26 00:00:00,153.11
2021-01-25 00:00:00,153.11
2021-01-22 00:00:00,153.11
2021-01-21 00:00:00,153.11
2021-01-20 00:00:00,153.12
2021-01-19 00:00:00,153.11
2021-01-18 00:00:00,153.11
2021-01-15 00:00:00,153.12
2021-01-14 00:00:00,153.12
2021-01-13 00:00:00,149.19
2021-01-12 00:00:00,149.19
2021-01-11 00:00:00,149.19
2021-01-08 00:00:00,163.82
2021-01-07 00:00:00,167.98
2021-01-06 00:00:00,167.77
2021-01-05 00:00:00,174.17
2021-01-04 00:00:00,174.18
2021-01-01 00:00:00,174.18
2020-12-31 00:00:00,174.18
2020-12-30 00:00:00,174.18
2020-12-29 00:00:00,174.18
2020-12-28 00:00:00,174.19
2020-12-25 00:00:00,174.19
2020-12-24 00:00:00,174.19
2020-12-23 00:00:00,174.19
2020-12-22 00:00:00,174.19
2020-12-21 00:00:00,174.19
2020-12-18 00:00:00,174.2
2020-12-17 00:00:00,174.24
2020-12-16 00:00:00,174.24
2020-12-15 00:00:00,174.24
2020-12-14 00:00:00,174.24
2020-12-11 00:00:00,168.64
2020-12-10 00:00:00,178.55
2020-12-09 00:00:00,177.69
2020-12-08 00:00:00,175.9
2020-12-07 00:00:00,175.9
2020-12-04 00:00:00,177.8
2020-12-03 00:00:00,173.85
2020-12-02 00:00:00,193.88
2020-12-01 00:00:00,188.32
2020-11-30 00:00:00,180.26
2020-11-27 00:00:00,184.36
2020-11-26 00:00:00,185.12
2020-11-25 00:00:00,185.12
2020-11-24 00:00:00,188
2020-11-23 00:00:00,195.9
2020-11-20 00:00:00,193.07
2020-11-19 00:00:00,200.69
2020-11-18 00:00:00,198.36
2020-11-17 00:00:00,191.71
2020-11-16 00:00:00,203.9
2020-11-13 00:00:00,203.91
2020-11-12 00:00:00,194.73
2020-11-11 00:00:00,214.27
2020-11-10 00:00:00,215.09
2020-11-09 00:00:00,214.39
2020-11-06 00:00:00,216.06
2020-11-05 00:00:00,237
2020-11-04 00:00:00,243.94
2020-11-03 00:00:00,247.46
2020-11-02 00:00:00,276.57
2020-10-30 00:00:00,267.36
2020-10-29 00:00:00,243.29
2020-10-28 00:00:00,258.45
2020-10-27 00:00:00,240.11
2020-10-26 00:00:00,264.33
2020-10-23 00:00:00,254.68
2020-10-22 00:00:00,272.31
2020-10-21 00:00:00,244.33
2020-10-20 00:00:00,265.49
2020-10-19 00:00:00,241.14
2020-10-16 00:00:00,266.29
2020-10-15 00:00:00,240.12
2020-10-14 00:00:00,277.24
2020-10-13 00:00:00,290.1
2020-10-12 00:00:00,274.57
2020-10-09 00:00:00,243.01
2020-10-08 00:00:00,241.99
2020-10-07 00:00:00,245.42
2020-10-06 00:00:00,244.53
2020-10-05 00:00:00,231.18
2020-10-02 00:00:00,271.69
2020-10-01 00:00:00,244.43
2020-09-30 00:00:00,270.25
2020-09-29 00:00:00,277.06
2020-09-28 00:00:00,242.62
2020-09-25 00:00:00,242.63
2020-09-24 00:00:00,242.61
2020-09-23 00:00:00,256.12
2020-09-22 00:00:00,260.53
2020-09-21 00:00:00,227.88
2020-09-18 00:00:00,264.7
2020-09-17 00:00:00,242.28
2020-09-16 00:00:00,236.96
2020-09-15 00:00:00,326.59
2020-09-14 00:00:00,297.07
2020-09-11 00:00:00,303.64
2020-09-10 00:00:00,312.36
2020-09-09 00:00:00,275.57
2020-09-08 00:00:00,305.44
2020-09-07 00:00:00,300.08
2020-09-04 00:00:00,225.41
2020-09-03 00:00:00,243.33
2020-09-02 00:00:00,257.67
2020-09-01 00:00:00,258.58
2020-08-31 00:00:00,246.2
2020-08-28 00:00:00,246.21
2020-08-27 00:00:00,228.03
2020-08-26 00:00:00,219.37
2020-08-25 00:00:00,222.92
2020-08-24 00:00:00,228.56
2020-08-21 00:00:00,245.87
2020-08-20 00:00:00,245.87
2020-08-19 00:00:00,233.25
2020-08-18 00:00:00,237.56
2020-08-17 00:00:00,222.2
2020-08-14 00:00:00,230.14
2020-08-13 00:00:00,224.85
2020-08-12 00:00:00,258.96
2020-08-11 00:00:00,254.13
2020-08-10 00:00:00,292.78
2020-08-07 00:00:00,268.8
2020-08-06 00:00:00,268.81
2020-08-05 00:00:00,268.81
2020-08-04 00:00:00,268.82
2020-08-03 00:00:00,268.82
2020-07-31 00:00:00,268.95
2020-07-30 00:00:00,275.15
2020-07-29 00:00:00,291.37
2020-07-28 00:00:00,278.12
2020-07-27 00:00:00,269.33
2020-07-24 00:00:00,259.8
2020-07-23 00:00:00,262.46
2020-07-22 00:00:00,288.1
2020-07-21 00:00:00,291.54
2020-07-20 00:00:00,295.92
2020-07-17 00:00:00,302.59
2020-07-16 00:00:00,302.29
2020-07-15 00:00:00,299.87
2020-07-14 00:00:00,312.92
2020-07-13 00:00:00,307.19
2020-07-10 00:00:00,319.57
2020-07-09 00:00:00,309.1
2020-07-08 00:00:00,303.35
2020-07-07 00:00:00,317.59
2020-07-06 00:00:00,317.79
2020-07-03 00:00:00,313.3
2020-07-02 00:00:00,334.86
2020-07-01 00:00:00,372.35
2020-06-30 00:00:00,328.63
2020-06-29 00:00:00,343
2020-06-26 00:00:00,372.32
2020-06-25 00:00:00,328.22
2020-06-24 00:00:00,349.85
2020-06-23 00:00:00,353.19
2020-06-22 00:00:00,299.18
2020-06-19 00:00:00,299.19
2020-06-18 00:00:00,312.13
2020-06-17 00:00:00,334.43
2020-06-16 00:00:00,326.63
2020-06-15 00:00:00,362.74
2020-06-12 00:00:00,340.6
2020-06-11 00:00:00,391.71
2020-06-10 00:00:00,335.06
2020-06-09 00:00:00,336.77
2020-06-08 00:00:00,341.41
2020-06-05 00:00:00,358.58
2020-06-04 00:00:00,394.73
2020-06-03 00:00:00,395.16
2020-06-02 00:00:00,363.19
2020-06-01 00:00:00,364.19
2020-05-29 00:00:00,380.02
2020-05-28 00:00:00,352.79
2020-05-27 00:00:00,366.94
2020-05-26 00:00:00,345.87
2020-05-25 00:00:00,378.46
2020-05-22 00:00:00,378.49
2020-05-21 00:00:00,381.1
2020-05-20 00:00:00,379.99
2020-05-19 00:00:00,375.48
2020-05-18 00:00:00,376.96
2020-05-15 00:00:00,384.36
2020-05-14 00:00:00,381.15
2020-05-13 00:00:00,380.26
2020-05-12 00:00:00,389.89
2020-05-11 00:00:00,390.35
2020-05-08 00:00:00,389.77
2020-05-07 00:00:00,389.77
2020-05-06 00:00:00,389.58
2020-05-05 00:00:00,382.86
2020-05-04 00:00:00,390.14
2020-05-01 00:00:00,347.41
2020-04-30 00:00:00,366.66
2020-04-29 00:00:00,370.38
2020-04-28 00:00:00,369.84
2020-04-27 00:00:00,338.41
2020-04-24 00:00:00,355.75
2020-04-23 00:00:00,377.51
2020-04-22 00:00:00,379.95
2020-04-21 00:00:00,378.78
2020-04-20 00:00:00,373.79
2020-04-17 00:00:00,376.68
2020-04-16 00:00:00,376.69
2020-04-15 00:00:00,365.92
2020-04-14 00:00:00,369.05
2020-04-13 00:00:00,367.12
2020-04-10 00:00:00,367.14
2020-04-09 00:00:00,367.16
2020-04-08 00:00:00,371.61
2020-04-07 00:00:00,283.53
2020-04-06 00:00:00,292.38
2020-04-03 00:00:00,295.62
2020-04-02 00:00:00,294.67
2020-04-01 00:00:00,239.16
2020-03-31 00:00:00,237.24
2020-03-30 00:00:00,231.92
2020-03-27 00:00:00,230.95
2020-03-26 00:00:00,210.39
2020-03-25 00:00:00,229.02
2020-03-24 00:00:00,236.93
2020-03-23 00:00:00,250.66
2020-03-20 00:00:00,254.32
2020-03-19 00:00:00,257.83
2020-03-18 00:00:00,262.14
2020-03-17 00:00:00,262.26
2020-03-16 00:00:00,163
2020-03-13 00:00:00,163
2020-03-12 00:00:00,144.41
2020-03-11 00:00:00,144.41
2020-03-10 00:00:00,144.4
2020-03-09 00:00:00,144.41
2020-03-06 00:00:00,144.41
2020-03-05 00:00:00,144.41
2020-03-04 00:00:00,144.42
2020-03-03 00:00:00,144.41
2020-03-02 00:00:00,144.41
2020-02-28 00:00:00,144.41
2020-02-27 00:00:00,144.42
2020-02-26 00:00:00,144.42
2020-02-25 00:00:00,144.42
2020-02-24 00:00:00,144.42
2020-02-21 00:00:00,144.42
2020-02-20 00:00:00,144.42
2020-02-19 00:00:00,144.43
2020-02-18 00:00:00,144.42
2020-02-17 00:00:00,144.43
2020-02-14 00:00:00,144.43
2020-02-13 00:00:00,144.43
2020-02-12 00:00:00,144.43
2020-02-11 00:00:00,144.43
2020-02-10 00:00:00,144.43
2020-02-07 00:00:00,144.43
2020-02-06 00:00:00,144.43
2020-02-05 00:00:00,144.44
2020-02-04 00:00:00,144.43
2020-02-03 00:00:00,144.43
2020-01-31 00:00:00,144.44
2020-01-30 00:00:00,144.44
2020-01-29 00:00:00,144.44
2020-01-28 00:00:00,144.44
2020-01-27 00:00:00,143.47
2020-01-24 00:00:00,144
2020-01-23 00:00:00,144
2020-01-22 00:00:00,144.24
2020-01-21 00:00:00,144.91
2020-01-20 00:00:00,148.69
2020-01-17 00:00:00,145.95
2020-01-16 00:00:00,145.96
2020-01-15 00:00:00,149.37
2020-01-14 00:00:00,149.46
2020-01-13 00:00:00,154.37
2020-01-10 00:00:00,153.25
2020-01-09 00:00:00,159.15
2020-01-08 00:00:00,161.23
2020-01-07 00:00:00,162.13
2020-01-06 00:00:00,161.64
2020-01-03 00:00:00,162.29
2020-01-02 00:00:00,183.79
2020-01-01 00:00:00,183.8
2019-12-31 00:00:00,183.8
2019-12-30 00:00:00,183.8
2019-12-27 00:00:00,183.8
2019-12-26 00:00:00,183.8
2019-12-25 00:00:00,183.81
2019-12-24 00:00:00,183.81
2019-12-23 00:00:00,183.81
2019-12-20 00:00:00,183.81
2019-12-19 00:00:00,183.81
2019-12-18 00:00:00,181.73
2019-12-17 00:00:00,180.01
2019-12-16 00:00:00,192.01
2019-12-13 00:00:00,192.01
2019-12-12 00:00:00,192.01
2019-12-11 00:00:00,191.93
2019-12-10 00:00:00,192.49
2019-12-09 00:00:00,192.21
2019-12-06 00:00:00,191.19
2019-12-05 00:00:00,192.68
2019-12-04 00:00:00,191.61
2019-12-03 00:00:00,192.16
2019-12-02 00:00:00,192.15
2019-11-29 00:00:00,192.72
2019-11-28 00:00:00,191.54
2019-11-27 00:00:00,191.55
2019-11-26 00:00:00,191.89
2019-11-25 00:00:00,195.41
2019-11-22 00:00:00,194.17
2019-11-21 00:00:00,194.06
2019-11-20 00:00:00,191.68
2019-11-19 00:00:00,189.8
2019-11-18 00:00:00,194.27
2019-11-15 00:00:00,195.19
2019-11-14 00:00:00,181.49
2019-11-13 00:00:00,184.44
2019-11-12 00:00:00,180.21
2019-11-11 00:00:00,185.32
2019-11-08 00:00:00,180
2019-11-07 00:00:00,180
2019-11-06 00:00:00,180
2019-11-05 00:00:00,180
2019-11-04 00:00:00,180
2019-11-01 00:00:00,180
2019-10-31 00:00:00,180
2019-10-30 00:00:00,180
2019-10-29 00:00:00,180
2019-10-28 00:00:00,180
2019-10-25 00:00:00,180
2019-10-24 00:00:00,180
2019-10-23 00:00:00,180
2019-10-22 00:00:00,180
2019-10-21 00:00:00,180
2019-10-18 00:00:00,180
2019-10-17 00:00:00,180
2019-10-16 00:00:00,180
2019-10-15 00:00:00,180
2019-10-14 00:00:00,180
2019-10-11 00:00:00,180
2019-10-10 00:00:00,189.35
2019-10-09 00:00:00,189.36
2019-10-08 00:00:00,189.75
2019-10-07 00:00:00,189.14
2019-10-04 00:00:00,186.7
2019-10-03 00:00:00,183.12
2019-10-02 00:00:00,183.71
2019-10-01 00:00:00,183.74
2019-09-30 00:00:00,186.36
2019-09-27 00:00:00,189.51
2019-09-26 00:00:00,189.66
2019-09-25 00:00:00,189.64
2019-09-24 00:00:00,189.1
2019-09-23 00:00:00,188.14
2019-09-20 00:00:00,199.61
2019-09-19 00:00:00,185.78
2019-09-18 00:00:00,185.78
2019-09-17 00:00:00,174.6
2019-09-16 00:00:00,174.61
2019-09-13 00:00:00,174.61
2019-09-12 00:00:00,174.61
2019-09-11 00:00:00,174.61
2019-09-10 00:00:00,174.61
2019-09-09 00:00:00,165.34
2019-09-06 00:00:00,165.39
2019-09-05 00:00:00,165.22
2019-09-04 00:00:00,165.17
2019-09-03 00:00:00,167.18
2019-09-02 00:00:00,168.1
2019-08-30 00:00:00,168.1
2019-08-29 00:00:00,178.18
2019-08-28 00:00:00,178.07
2019-08-27 00:00:00,179.82
2019-08-26 00:00:00,179.77
2019-08-23 00:00:00,179.77
2019-08-22 00:00:00,179.77
2019-08-21 00:00:00,179.33
2019-08-20 00:00:00,179.84
2019-08-19 00:00:00,179.68
2019-08-16 00:00:00,179.82
2019-08-15 00:00:00,179.86
2019-08-14 00:00:00,178.9
2019-08-13 00:00:00,179.86
2019-08-12 00:00:00,179.81
2019-08-09 00:00:00,178.04
2019-08-08 00:00:00,170.35
2019-08-07 00:00:00,170.54
2019-08-06 00:00:00,170.23
2019-08-05 00:00:00,170.62
2019-08-02 00:00:00,170.24
2019-08-01 00:00:00,170.16
2019-07-31 00:00:00,170.6
2019-07-30 00:00:00,170.11
2019-07-29 00:00:00,170.74
2019-07-26 00:00:00,170.81
2019-07-25 00:00:00,171.85
2019-07-24 00:00:00,173.89
2019-07-23 00:00:00,174.5
2019-07-22 00:00:00,177.94
2019-07-19 00:00:00,181.19
2019-07-18 00:00:00,182.07
2019-07-17 00:00:00,184.8
2019-07-16 00:00:00,188.88
2019-07-15 00:00:00,185.92
2019-07-12 00:00:00,189.27
2019-07-11 00:00:00,186.15
2019-07-10 00:00:00,189.03
2019-07-09 00:00:00,192.58
2019-07-08 00:00:00,199.79
2019-07-05 00:00:00,198.4
2019-07-04 00:00:00,199.72
2019-07-03 00:00:00,199.62
2019-07-02 00:00:00,198.31
2019-07-01 00:00:00,204.38
2019-06-28 00:00:00,204.42
2019-06-27 00:00:00,209.11
2019-06-26 00:00:00,207.34
2019-06-25 00:00:00,205.52
2019-06-24 00:00:00,207.17
2019-06-21 00:00:00,208.18
2019-06-20 00:00:00,203.85
2019-06-19 00:00:00,206.54
2019-06-18 00:00:00,205.25
2019-06-17 00:00:00,202.65
2019-06-14 00:00:00,208.75
2019-06-13 00:00:00,205.59
2019-06-12 00:00:00,207.42
2019-06-11 00:00:00,209.3
2019-06-10 00:00:00,209.52
2019-06-07 00:00:00,205.75
2019-06-06 00:00:00,209.63
2019-06-05 00:00:00,209.59
2019-06-04 00:00:00,209.5
2019-06-03 00:00:00,207.84
2019-05-31 00:00:00,206.43
2019-05-30 00:00:00,208.1
2019-05-29 00:00:00,209.44
2019-05-28 00:00:00,209.59
2019-05-27 00:00:00,209.59
2019-05-24 00:00:00,209.6
2019-05-23 00:00:00,209.6
2019-05-22 00:00:00,209.53
2019-05-21 00:00:00,209.44
2019-05-20 00:00:00,206.03
2019-05-17 00:00:00,209.45
2019-05-16 00:00:00,203.34
2019-05-15 00:00:00,208.98
2019-05-14 00:00:00,206.5
2019-05-13 00:00:00,205.18
2019-05-10 00:00:00,209.64
2019-05-09 00:00:00,207.37
2019-05-08 00:00:00,204.12
2019-05-07 00:00:00,201.6
2019-05-06 00:00:00,206.68
2019-05-03 00:00:00,206.69
2019-05-02 00:00:00,213.23
2019-05-01 00:00:00,218.7
2019-04-30 00:00:00,217.97
2019-04-29 00:00:00,216.95
2019-04-26 00:00:00,218.23
2019-04-25 00:00:00,216.44
2019-04-24 00:00:00,225.7
2019-04-23 00:00:00,221.98
2019-04-22 00:00:00,223.23
2019-04-19 00:00:00,223.24
2019-04-18 00:00:00,223.25
2019-04-17 00:00:00,221.07
2019-04-16 00:00:00,222.63
2019-04-15 00:00:00,225.35
2019-04-12 00:00:00,222.86
2019-04-11 00:00:00,223.77
2019-04-10 00:00:00,226.98
2019-04-09 00:00:00,230.51
2019-04-08 00:00:00,228.13
2019-04-05 00:00:00,225.76
2019-04-04 00:00:00,230.04
2019-04-03 00:00:00,229.88
2019-04-02 00:00:00,227.96
2019-04-01 00:00:00,227.34
2019-03-29 00:00:00,230.47
2019-03-28 00:00:00,228.84
2019-03-27 00:00:00,225.58
2019-03-26 00:00:00,229.38
2019-03-25 00:00:00,229.01
2019-03-22 00:00:00,230.19
2019-03-21 00:00:00,227.53
2019-03-20 00:00:00,217.96
2019-03-19 00:00:00,213.63
2019-03-18 00:00:00,217.69
2019-03-15 00:00:00,216.75
2019-03-14 00:00:00,216.38
2019-03-13 00:00:00,219.07
2019-03-12 00:00:00,217.35
2019-03-11 00:00:00,217.35
2019-03-08 00:00:00,216.3
2019-03-07 00:00:00,217.93
2019-03-06 00:00:00,221.46
2019-03-05 00:00:00,218.72
2019-03-04 00:00:00,221.52
2019-03-01 00:00:00,219.46
2019-02-28 00:00:00,219.16
2019-02-27 00:00:00,218.7
2019-02-26 00:00:00,216.82
2019-02-25 00:00:00,222.77
2019-02-22 00:00:00,222.79
2019-02-21 00:00:00,223.2
2019-02-20 00:00:00,224.37
2019-02-19 00:00:00,222.69
2019-02-18 00:00:00,224.29
2019-02-15 00:00:00,223.71
2019-02-14 00:00:00,224.61
2019-02-13 00:00:00,224.82
2019-02-12 00:00:00,224.65
2019-02-11 00:00:00,224.93
2019-02-08 00:00:00,224.25
2019-02-07 00:00:00,224.68
2019-02-06 00:00:00,224.36
2019-02-05 00:00:00,223.51
2019-02-04 00:00:00,224.11
2019-02-01 00:00:00,222.42
2019-01-31 00:00:00,224.91
2019-01-30 00:00:00,228.19
2019-01-29 00:00:00,228.34
2019-01-28 00:00:00,227.91
2019-01-25 00:00:00,230.55
2019-01-24 00:00:00,228.58
2019-01-23 00:00:00,231
2019-01-22 00:00:00,235.13
2019-01-21 00:00:00,231.73
2019-01-18 00:00:00,232.73
2019-01-17 00:00:00,235.32
2019-01-16 00:00:00,226.58
2019-01-15 00:00:00,236.79
2019-01-14 00:00:00,236.86
2019-01-11 00:00:00,237.86
2019-01-10 00:00:00,239.19
2019-01-09 00:00:00,220.56
2019-01-08 00:00:00,224.79
2019-01-07 00:00:00,225.32
2019-01-04 00:00:00,226.78
2019-01-03 00:00:00,224.29
2019-01-02 00:00:00,223.52
2019-01-01 00:00:00,218.7
2018-12-31 00:00:00,218.72
2018-12-28 00:00:00,223.45
2018-12-27 00:00:00,226.6
2018-12-26 00:00:00,226.61
2018-12-25 00:00:00,226.61
2018-12-24 00:00:00,226.62
2018-12-21 00:00:00,224.22
2018-12-20 00:00:00,228.49
2018-12-19 00:00:00,223.45
2018-12-18 00:00:00,201.58
2018-12-17 00:00:00,197.21
2018-12-14 00:00:00,218.08
2018-12-13 00:00:00,204.86
2018-12-12 00:00:00,212.96
2018-12-11 00:00:00,199.22
2018-12-10 00:00:00,208.23
2018-12-07 00:00:00,208.02
2018-12-06 00:00:00,211.95
2018-12-05 00:00:00,202
2018-12-04 00:00:00,211.69
2018-12-03 00:00:00,209.25
2018-11-30 00:00:00,212.64
2018-11-29 00:00:00,213.25
2018-11-28 00:00:00,212.26
2018-11-27 00:00:00,208.73
2018-11-26 00:00:00,207.92
2018-11-23 00:00:00,201.92
2018-11-22 00:00:00,204.36
2018-11-21 00:00:00,202.01
2018-11-20 00:00:00,196.5
2018-11-19 00:00:00,204.28
2018-11-16 00:00:00,204.69
2018-11-15 00:00:00,204.05
2018-11-14 00:00:00,202.57
2018-11-13 00:00:00,203.18
2018-11-12 00:00:00,199.5
2018-11-09 00:00:00,205.66
2018-11-08 00:00:00,200.69
2018-11-07 00:00:00,206.82
2018-11-06 00:00:00,215.91
2018-11-05 00:00:00,218.38
2018-11-02 00:00:00,219.36
2018-11-01 00:00:00,216.21
2018-10-31 00:00:00,215.71
2018-10-30 00:00:00,220.79
2018-10-29 00:00:00,224.46
2018-10-26 00:00:00,223.5
2018-10-25 00:00:00,219.58
2018-10-24 00:00:00,223.37
2018-10-23 00:00:00,213.86
2018-10-22 00:00:00,210.24
2018-10-19 00:00:00,208.95
2018-10-18 00:00:00,193.06
2018-10-17 00:00:00,191.6
2018-10-16 00:00:00,191.61
2018-10-15 00:00:00,187.59
2018-10-12 00:00:00,188.6
2018-10-11 00:00:00,188.69
2018-10-10 00:00:00,188.41
2018-10-09 00:00:00,188.78
2018-10-08 00:00:00,188.82
2018-10-05 00:00:00,188.75
2018-10-04 00:00:00,187.81
2018-10-03 00:00:00,188.02
2018-10-02 00:00:00,187.72
2018-10-01 00:00:00,188.44
2018-09-28 00:00:00,188.33
2018-09-27 00:00:00,188.43
2018-09-26 00:00:00,188.34
2018-09-25 00:00:00,185.3
2018-09-24 00:00:00,187.23
2018-09-21 00:00:00,187.53
2018-09-20 00:00:00,188.4
2018-09-19 00:00:00,166.4
2018-09-18 00:00:00,180.24
2018-09-17 00:00:00,172.19
2018-09-14 00:00:00,179.51
2018-09-13 00:00:00,183.01
2018-09-12 00:00:00,179.99
2018-09-11 00:00:00,182.39
2018-09-10 00:00:00,181.59
2018-09-07 00:00:00,182.58
2018-09-06 00:00:00,182.86
2018-09-05 00:00:00,185.92
2018-09-04 00:00:00,182.99
2018-09-03 00:00:00,185.57
2018-08-31 00:00:00,185.62
2018-08-30 00:00:00,185.74
2018-08-29 00:00:00,186.19
2018-08-28 00:00:00,185.27
2018-08-27 00:00:00,183.27
2018-08-24 00:00:00,183.27
2018-08-23 00:00:00,186.33
2018-08-22 00:00:00,187.25
2018-08-21 00:00:00,186.05
2018-08-20 00:00:00,184.47
2018-08-17 00:00:00,184.55
2018-08-16 00:00:00,187.95
2018-08-15 00:00:00,193.73
2018-08-14 00:00:00,185.75
2018-08-13 00:00:00,187.95
2018-08-10 00:00:00,187.67
2018-08-09 00:00:00,184.39
2018-08-08 00:00:00,183.39
2018-08-07 00:00:00,184.3
2018-08-06 00:00:00,186.48
2018-08-03 00:00:00,189.15
2018-08-02 00:00:00,185.52
2018-08-01 00:00:00,189.47
2018-07-31 00:00:00,189.89
2018-07-30 00:00:00,188.5
2018-07-27 00:00:00,190.68
2018-07-26 00:00:00,190.25
2018-07-25 00:00:00,194.72
2018-07-24 00:00:00,198.13
2018-07-23 00:00:00,194.36
2018-07-20 00:00:00,196.03
2018-07-19 00:00:00,194.54
2018-07-18 00:00:00,190.92
2018-07-17 00:00:00,191.59
2018-07-16 00:00:00,197.26
2018-07-13 00:00:00,197.34
2018-07-12 00:00:00,193.77
2018-07-11 00:00:00,195.3
2018-07-10 00:00:00,193.06
2018-07-09 00:00:00,197.58
2018-07-06 00:00:00,197.93
2018-07-05 00:00:00,198.94
2018-07-04 00:00:00,205.78
2018-07-03 00:00:00,202.23
2018-07-02 00:00:00,197.6
2018-06-29 00:00:00,202.38
2018-06-28 00:00:00,207.42
2018-06-27 00:00:00,211.5
2018-06-26 00:00:00,210.24
2018-06-25 00:00:00,209.09
2018-06-22 00:00:00,200.3
2018-06-21 00:00:00,205.24
2018-06-20 00:00:00,197.76
2018-06-19 00:00:00,203.8
2018-06-18 00:00:00,199.53
2018-06-15 00:00:00,202.18
2018-06-14 00:00:00,204.1
2018-06-13 00:00:00,194.68
2018-06-12 00:00:00,200.6
2018-06-11 00:00:00,199.11
2018-06-08 00:00:00,195.55
2018-06-07 00:00:00,193.87
2018-06-06 00:00:00,215.04
2018-06-05 00:00:00,201.84
2018-06-04 00:00:00,189.65
2018-06-01 00:00:00,196.15
2018-05-31 00:00:00,202.44
2018-05-30 00:00:00,226.45
2018-05-29 00:00:00,230.44
2018-05-28 00:00:00,186.29
2018-05-25 00:00:00,186.3
2018-05-24 00:00:00,165.39
2018-05-23 00:00:00,164.54
2018-05-22 00:00:00,156.65
2018-05-21 00:00:00,158.87
2018-05-18 00:00:00,152.38
2018-05-17 00:00:00,152.86
2018-05-16 00:00:00,146.29
2018-05-15 00:00:00,143.6
2018-05-14 00:00:00,142.36
2018-05-11 00:00:00,141.81
2018-05-10 00:00:00,145.8
2018-05-09 00:00:00,146.31
2018-05-08 00:00:00,143.95
2018-05-07 00:00:00,140.59
2018-05-04 00:00:00,140.59
2018-05-03 00:00:00,143.93
2018-05-02 00:00:00,140.47
2018-05-01 00:00:00,141.2
2018-04-30 00:00:00,139.7
2018-04-27 00:00:00,138.25
2018-04-26 00:00:00,137.32
2018-04-25 00:00:00,137.98
2018-04-24 00:00:00,138.19
2018-04-23 00:00:00,139.22
2018-04-20 00:00:00,138.36
2018-04-19 00:00:00,141.61
2018-04-18 00:00:00,134.5
2018-04-17 00:00:00,135.03
2018-04-16 00:00:00,136.08
2018-04-13 00:00:00,140.16
2018-04-12 00:00:00,145.32
2018-04-11 00:00:00,145.07
2018-04-10 00:00:00,145.09
2018-04-09 00:00:00,148.88
2018-04-06 00:00:00,148.02
2018-04-05 00:00:00,148.83
2018-04-04 00:00:00,154.38
2018-04-03 00:00:00,153.23
2018-04-02 00:00:00,152.57
2018-03-30 00:00:00,152.57
2018-03-29 00:00:00,152.57
2018-03-28 00:00:00,154.14
2018-03-27 00:00:00,154.42
2018-03-26 00:00:00,157.38
2018-03-23 00:00:00,160.05
2018-03-22 00:00:00,154.21
2018-03-21 00:00:00,150.65
2018-03-20 00:00:00,151.58
2018-03-19 00:00:00,144.84
2018-03-16 00:00:00,141.31
2018-03-15 00:00:00,144.2
2018-03-14 00:00:00,140.49
2018-03-13 00:00:00,139.18
2018-03-12 00:00:00,144.11
2018-03-09 00:00:00,140.88
2018-03-08 00:00:00,147.32
2018-03-07 00:00:00,144.61
2018-03-06 00:00:00,147.8
2018-03-05 00:00:00,148.84
2018-03-02 00:00:00,152.99
2018-03-01 00:00:00,147.84
2018-02-28 00:00:00,146.79
2018-02-27 00:00:00,147.14
2018-02-26 00:00:00,150.57
2018-02-23 00:00:00,148.76
2018-02-22 00:00:00,147.22
2018-02-21 00:00:00,150.27
2018-02-20 00:00:00,149.42
2018-02-19 00:00:00,143.28
2018-02-16 00:00:00,142.82
2018-02-15 00:00:00,145.11
2018-02-14 00:00:00,149.44
2018-02-13 00:00:00,149.56
2018-02-12 00:00:00,145.35
2018-02-09 00:00:00,146.63
2018-02-08 00:00:00,131.94
2018-02-07 00:00:00,132.88
2018-02-06 00:00:00,136.44
2018-02-05 00:00:00,128.08
2018-02-02 00:00:00,127.34
2018-02-01 00:00:00,129.74
2018-01-31 00:00:00,124.91
2018-01-30 00:00:00,129.5
2018-01-29 00:00:00,127.42
2018-01-26 00:00:00,129.57
2018-01-25 00:00:00,125.85
2018-01-24 00:00:00,132.12
2018-01-23 00:00:00,132.05
2018-01-22 00:00:00,134.41
2018-01-19 00:00:00,149.71
2018-01-18 00:00:00,162
2018-01-17 00:00:00,155.18
2018-01-16 00:00:00,158.76
2018-01-15 00:00:00,166.73
2018-01-12 00:00:00,162.62
2018-01-11 00:00:00,167.92
2018-01-10 00:00:00,162.22
2018-01-09 00:00:00,166.18
2018-01-08 00:00:00,166.26
2018-01-05 00:00:00,170.81
2018-01-04 00:00:00,165.56
2018-01-03 00:00:00,170.43
2018-01-02 00:00:00,174.47
2018-01-01 00:00:00,178
2017-12-29 00:00:00,178
2017-12-28 00:00:00,171.93
2017-12-27 00:00:00,179.89
2017-12-26 00:00:00,179.89
2017-12-25 00:00:00,179.89
2017-12-22 00:00:00,179.89
2017-12-21 00:00:00,179.89
2017-12-20 00:00:00,180.15
2017-12-19 00:00:00,180.15
2017-12-18 00:00:00,174.66
2017-12-15 00:00:00,178.59
2017-12-14 00:00:00,179.31
2017-12-13 00:00:00,177.39
2017-12-12 00:00:00,178.49
2017-12-11 00:00:00,178.69
2017-12-08 00:00:00,180.2
2017-12-07 00:00:00,179.73
2017-12-06 00:00:00,179.24
2017-12-05 00:00:00,179.53
2017-12-04 00:00:00,179.29
2017-12-01 00:00:00,179.64
2017-11-30 00:00:00,179.41
2017-11-29 00:00:00,179.83
2017-11-28 00:00:00,181.8
2017-11-27 00:00:00,181.56
2017-11-24 00:00:00,182.69
2017-11-23 00:00:00,182.89
2017-11-22 00:00:00,183.52
2017-11-21 00:00:00,179.58
2017-11-20 00:00:00,181.05
2017-11-17 00:00:00,187.46
2017-11-16 00:00:00,195.71
2017-11-15 00:00:00,192.71
2017-11-14 00:00:00,193.77
2017-11-13 00:00:00,180.61
2017-11-10 00:00:00,187.38
2017-11-09 00:00:00,185.46
2017-11-08 00:00:00,181.13
2017-11-07 00:00:00,176.04
2017-11-06 00:00:00,176.1
2017-11-03 00:00:00,184.39
2017-11-02 00:00:00,177.05
2017-11-01 00:00:00,176.83
2017-10-31 00:00:00,186.51
2017-10-30 00:00:00,194.29
2017-10-27 00:00:00,199.95
2017-10-26 00:00:00,193.29
2017-10-25 00:00:00,198.55
2017-10-24 00:00:00,198.1
2017-10-23 00:00:00,198.21
2017-10-20 00:00:00,203.11
2017-10-19 00:00:00,201.9
2017-10-18 00:00:00,197.51
2017-10-17 00:00:00,190.64
2017-10-16 00:00:00,184.11
2017-10-13 00:00:00,199.77
2017-10-12 00:00:00,199.9
2017-10-11 00:00:00,187.48
2017-10-10 00:00:00,192.2
2017-10-09 00:00:00,204.02
2017-10-06 00:00:00,206.05
2017-10-05 00:00:00,206.24
2017-10-04 00:00:00,212.66
2017-10-03 00:00:00,187.61
2017-10-02 00:00:00,188.47
2017-09-29 00:00:00,180.26
2017-09-28 00:00:00,183.38
2017-09-27 00:00:00,183.43
2017-09-26 00:00:00,184.2
2017-09-25 00:00:00,187.58
2017-09-22 00:00:00,182.14
2017-09-21 00:00:00,166.2
2017-09-20 00:00:00,164.31
2017-09-19 00:00:00,158.83
2017-09-18 00:00:00,160.75
2017-09-15 00:00:00,166.08
2017-09-14 00:00:00,166.17
2017-09-13 00:00:00,166.03
2017-09-12 00:00:00,167.09
2017-09-11 00:00:00,170.82
2017-09-08 00:00:00,170.44
2017-09-07 00:00:00,170.41
2017-09-06 00:00:00,170.93
2017-09-05 00:00:00,170.48
2017-09-04 00:00:00,168.23
2017-09-01 00:00:00,174.09
2017-08-31 00:00:00,176.42
2017-08-30 00:00:00,185.86
2017-08-29 00:00:00,187.68
2017-08-28 00:00:00,201.67
2017-08-25 00:00:00,201.67
2017-08-24 00:00:00,197.33
2017-08-23 00:00:00,200.72
2017-08-22 00:00:00,191.26
2017-08-21 00:00:00,198.18
2017-08-18 00:00:00,208.86
2017-08-17 00:00:00,193.45
2017-08-16 00:00:00,193.64
2017-08-15 00:00:00,189.83
2017-08-14 00:00:00,191.05
2017-08-11 00:00:00,208.61
2017-08-10 00:00:00,194.25
2017-08-09 00:00:00,184.19
2017-08-08 00:00:00,185.74
2017-08-07 00:00:00,186.68
2017-08-04 00:00:00,192.87
2017-08-03 00:00:00,197.22
2017-08-02 00:00:00,192.14
2017-08-01 00:00:00,194.36
2017-07-31 00:00:00,198.16
2017-07-28 00:00:00,204.48
2017-07-27 00:00:00,198.81
2017-07-26 00:00:00,205.08
2017-07-25 00:00:00,206.6
2017-07-24 00:00:00,209.45
2017-07-21 00:00:00,208.19
2017-07-20 00:00:00,209.4
2017-07-19 00:00:00,213.78
2017-07-18 00:00:00,216.81
2017-07-17 00:00:00,223.97
2017-07-14 00:00:00,224.29
2017-07-13 00:00:00,224.94
2017-07-12 00:00:00,229.73
2017-07-11 00:00:00,233.28
2017-07-10 00:00:00,228.29
2017-07-07 00:00:00,232.04
2017-07-06 00:00:00,231.98
2017-07-05 00:00:00,238.16
2017-07-04 00:00:00,231.02
2017-07-03 00:00:00,243.4
2017-06-30 00:00:00,222.56
2017-06-29 00:00:00,230.91
2017-06-28 00:00:00,245.48
2017-06-27 00:00:00,247.9
2017-06-26 00:00:00,239.06
2017-06-23 00:00:00,243.64
2017-06-22 00:00:00,262.84
2017-06-21 00:00:00,258.73
2017-06-20 00:00:00,253.95
2017-06-19 00:00:00,265.82
2017-06-16 00:00:00,257.32
2017-06-15 00:00:00,247.43
2017-06-14 00:00:00,253.71
2017-06-13 00:00:00,244.92
2017-06-12 00:00:00,266.48
2017-06-09 00:00:00,276.01
2017-06-08 00:00:00,243.49
2017-06-07 00:00:00,280.88
2017-06-06 00:00:00,289.89
2017-06-05 00:00:00,285.02
2017-06-02 00:00:00,285.95
2017-06-01 00:00:00,288.67
2017-05-31 00:00:00,282.68
2017-05-30 00:00:00,286.84
2017-05-29 00:00:00,282.5
2017-05-26 00:00:00,282.52
2017-05-25 00:00:00,288.73
2017-05-24 00:00:00,287.93
2017-05-23 00:00:00,284.24
2017-05-22 00:00:00,274.85
2017-05-19 00:00:00,294.15
2017-05-18 00:00:00,293.8
2017-05-17 00:00:00,288.51
2017-05-16 00:00:00,272.44
2017-05-15 00:00:00,270.35
2017-05-12 00:00:00,289.03
2017-05-11 00:00:00,279
2017-05-10 00:00:00,293.39
2017-05-09 00:00:00,294.82
2017-05-08 00:00:00,296.79
2017-05-05 00:00:00,278.4
2017-05-04 00:00:00,296.2
2017-05-03 00:00:00,295.23
2017-05-02 00:00:00,287.31
2017-05-01 00:00:00,290.31
2017-04-28 00:00:00,290.32
2017-04-27 00:00:00,312.81
2017-04-26 00:00:00,304.61
2017-04-25 00:00:00,308.72
2017-04-24 00:00:00,308.65
2017-04-21 00:00:00,316.91
2017-04-20 00:00:00,316.49
2017-04-19 00:00:00,311.82
2017-04-18 00:00:00,315.27
2017-04-17 00:00:00,322.72
2017-04-14 00:00:00,322.73
2017-04-13 00:00:00,322.74
2017-04-12 00:00:00,317.93
2017-04-11 00:00:00,313.92
2017-04-10 00:00:00,313.4
2017-04-07 00:00:00,327.25
2017-04-06 00:00:00,314.16
2017-04-05 00:00:00,319.06
2017-04-04 00:00:00,323.45
2017-04-03 00:00:00,310.79
2017-03-31 00:00:00,316.74
2017-03-30 00:00:00,300.83
2017-03-29 00:00:00,307.81
2017-03-28 00:00:00,316.24
2017-03-27 00:00:00,317.2
2017-03-24 00:00:00,321.68
2017-03-23 00:00:00,323.06
2017-03-22 00:00:00,317.82
2017-03-21 00:00:00,319.16
2017-03-20 00:00:00,324.77
2017-03-17 00:00:00,309.15
2017-03-16 00:00:00,316.66
2017-03-15 00:00:00,319.14
2017-03-14 00:00:00,319.97
2017-03-13 00:00:00,315.49
2017-03-10 00:00:00,313.7
2017-03-09 00:00:00,318.68
2017-03-08 00:00:00,307.67
2017-03-07 00:00:00,319.72
2017-03-06 00:00:00,315.18
2017-03-03 00:00:00,321.18
2017-03-02 00:00:00,315.84
2017-03-01 00:00:00,319.62
2017-02-28 00:00:00,320.23
2017-02-27 00:00:00,321.26
2017-02-24 00:00:00,321.74
2017-02-23 00:00:00,324.31
2017-02-22 00:00:00,321.31
2017-02-21 00:00:00,324.09
2017-02-20 00:00:00,320.27
2017-02-17 00:00:00,317.59
2017-02-16 00:00:00,321.4
2017-02-15 00:00:00,322.97
2017-02-14 00:00:00,324.08
2017-02-13 00:00:00,325.45
2017-02-10 00:00:00,319.73
2017-02-09 00:00:00,329.15
2017-02-08 00:00:00,328.51
2017-02-07 00:00:00,328.98
2017-02-06 00:00:00,332.45
2017-02-03 00:00:00,327.63
2017-02-02 00:00:00,340.89
2017-02-01 00:00:00,337.95
2017-01-31 00:00:00,332.31
2017-01-30 00:00:00,339.29
2017-01-27 00:00:00,337.61
2017-01-26 00:00:00,335.53
2017-01-25 00:00:00,341.88
2017-01-24 00:00:00,348.99
2017-01-23 00:00:00,317.71
2017-01-20 00:00:00,352.84
2017-01-19 00:00:00,355.15
2017-01-18 00:00:00,352.56
2017-01-17 00:00:00,353.26
2017-01-16 00:00:00,351.96
2017-01-13 00:00:00,349.12
2017-01-12 00:00:00,352.57
2017-01-11 00:00:00,342.46
2017-01-10 00:00:00,340.3
2017-01-09 00:00:00,337.99
2017-01-06 00:00:00,345
2017-01-05 00:00:00,345
2017-01-04 00:00:00,345
2017-01-03 00:00:00,344.38
2017-01-02 00:00:00,354.41
2016-12-30 00:00:00,354.16
2016-12-29 00:00:00,345.53
2016-12-28 00:00:00,295
2016-12-27 00:00:00,294.66
2016-12-26 00:00:00,294.33
2016-12-23 00:00:00,295
2016-12-22 00:00:00,315
2016-12-21 00:00:00,305
2016-12-20 00:00:00,305
2016-12-19 00:00:00,305
2016-12-16 00:00:00,305
2016-12-15 00:00:00,340.6
2016-12-14 00:00:00,355.72
2016-12-13 00:00:00,365
2016-12-12 00:00:00,315
2016-12-09 00:00:00,358.26
2016-12-08 00:00:00,358.31
2016-12-07 00:00:00,370
2016-12-06 00:00:00,368.51
2016-12-05 00:00:00,377
2016-12-02 00:00:00,377
2016-12-01 00:00:00,377.41
2016-11-30 00:00:00,377
2016-11-29 00:00:00,377.59
2016-11-28 00:00:00,377
2016-11-25 00:00:00,377
2016-11-24 00:00:00,377
2016-11-23 00:00:00,372.43
2016-11-22 00:00:00,372.7
2016-11-21 00:00:00,371.58
2016-11-18 00:00:00,370
2016-11-17 00:00:00,369.21
2016-11-16 00:00:00,367
2016-11-15 00:00:00,367.7
2016-11-14 00:00:00,375
2016-11-11 00:00:00,360.59
2016-11-10 00:00:00,368.44
2016-11-09 00:00:00,376.61
2016-11-08 00:00:00,362
2016-11-07 00:00:00,347.66
2016-11-04 00:00:00,362.31
2016-11-03 00:00:00,357.99
2016-11-02 00:00:00,362.55
2016-11-01 00:00:00,360
2016-10-31 00:00:00,349.89
2016-10-28 00:00:00,345
2016-10-27 00:00:00,345
2016-10-26 00:00:00,337.04
2016-10-25 00:00:00,345
2016-10-24 00:00:00,345
2016-10-21 00:00:00,345
2016-10-20 00:00:00,345
2016-10-19 00:00:00,345
2016-10-18 00:00:00,320
2016-10-17 00:00:00,320
2016-10-14 00:00:00,349
2016-10-13 00:00:00,349
2016-10-12 00:00:00,347
2016-10-11 00:00:00,347
2016-10-10 00:00:00,347
2016-10-07 00:00:00,345
2016-10-06 00:00:00,345
2016-10-05 00:00:00,325
2016-10-04 00:00:00,352
2016-10-03 00:00:00,350.5
2016-09-30 00:00:00,347.45
2016-09-29 00:00:00,350
2016-09-28 00:00:00,350
2016-09-27 00:00:00,350
2016-09-26 00:00:00,345
2016-09-23 00:00:00,345
2016-09-22 00:00:00,338.21
2016-09-21 00:00:00,339.87
2016-09-20 00:00:00,345.37
2016-09-19 00:00:00,341.6
2016-09-16 00:00:00,334.33
2016-09-15 00:00:00,328.34
2016-09-14 00:00:00,342.54
2016-09-13 00:00:00,340.16
2016-09-12 00:00:00,347.57
2016-09-09 00:00:00,341.17
2016-09-08 00:00:00,324.47
2016-09-07 00:00:00,313.74
2016-09-06 00:00:00,342.5
2016-09-05 00:00:00,313.44
2016-09-02 00:00:00,312.23
2016-09-01 00:00:00,320.65
2016-08-31 00:00:00,320.66
2016-08-30 00:00:00,321.58
2016-08-29 00:00:00,364.1
2016-08-26 00:00:00,365
2016-08-25 00:00:00,320.18
2016-08-24 00:00:00,353.78
2016-08-23 00:00:00,324.19
2016-08-22 00:00:00,327.97
2016-08-19 00:00:00,326.9
2016-08-18 00:00:00,369
2016-08-17 00:00:00,328.15
2016-08-16 00:00:00,323.04
2016-08-15 00:00:00,295.23
2016-08-12 00:00:00,305
,
,
,
,
,
,
,
,
,
,
,
,
,
,
,
,
,
,
,
,
,
,
,
,
,
,
,
,
,
,
,
,
,
,
,
,
,
,
,
,
,
,
,
,
,
,
,
,
,
,
,
,
,
,
,
,
,
,
,
,
,
,
,
,
,
,
,
,
,
,
,
,
,
,
,
,
,
,
,
,
,
,
,
,
,
,
,
,
,
,
,
,
,
,
,
,
,
,
,
,
,
,
,
,
,
,
,
,
,
,
,
,
,
,
,
,
,
,
,
,
,
,
,
,
,
,
,
,
,
,
,
,
,
,
,
,
,
,
,
,
,
,
,
,
,
,
,
,
,
,
,
,
,
,
,
,
,
,
,
,
,
,
,
,
,
,
,
,
,
,
,
,
,
,
,
,
,
,
,
,
,
,
,
,
,
,
,
,
,
,
,
,
,
,
,
,
,
,
,
,
,
,
,
,
,
,
,
,
,
,
,
,
,
,
,
,
,
,
,
,
,
,
,
,
,
,
,
,
,
,
,
,
,
,
,
,
,
,
,
,
,
,
,
,
,
,
,
,
,
,
,
,
,
,
,
,
,
,
,
,
,
,
,
,
,
,
,
,
,
,
,
,
,
,
,
,
,
,
,
,
,
,
,
,
,
,
,
,
,
,
,
,
,
,
,
,
,
,
,
,
,
,
,
,
,
,
,
,
,
,
,
,
,
,
,
,
,
,
,
,
,
,
,
,
,
,
,
,
,
,
,
,
,
,
,
,
,
,
,
,
,
,
,
,
,
,
,
,
,
,
,
,
,
,
,
,
,
,
,
,
,
,
,
,
,
,
,
,
,
,
,
,
,
,
,
,
,
,
,
,
,
,
,
,
,
,
,
,
,
,
,
,
,
,
,
,
,
,
,
,
,
,
,
,
,
,
,
,
,
,
,
,
,
,
,
,
,
,
,
,
,
,
,
,
,
,
,
,
,
,
,
,
,
,
,
,
,
,
,
,
,
,
,
,
,
,
,
,
,
,
,
,
,
,
,
,
,
,
,
,
,
,
,
,
,
,
,
,
,
,
,
,
,
,
,
,
,
,
,
,
,
,
,
,
,
,
,
,
,
,
,
,
,
,
,
,
,
,
,
,
,
,
,
,
,
,
,
,
,
,
,
,
,
,
,
,
,
,
,
,
,
,
,
,
,
,
,
,
,
,
,
,
,
,
,
,
,
,
,
,
,
,
,
,
,
,
,
,
,
,
,
,
,
,
,
,
,
,
,
,
,
,
,
,
,
,
,
,
,
,
,
,
,
,
,
,
,
,
,
,
,
,
,
,
,
,
,
,
,
,
,
,
,
,
,
,
,
,
,
,
,
,
,
,
,
,
,
,
,
,
,
,
,
,
,
,
,
,
,
,
,
,
,
,
,
,
,
,
,
,
,
,
,
,
,
,
,
,
,
,
,
,
,
,
,
,
,
,
,
,
,
,
,
,
,
,
,
,
,
,
,
,
,
,
,
,
,
,
,
,
,
,
,
,
,
,
,
,
,
,
,
,
,
,
,
,
,
,
,
,
,
,
,
,
,
,
,
,
,
,
,
,
,
,
,
,
,
,
,
,
,
,
,
,
,
,
,
,
,
,
,
,
,
,
,
,
,
,
,
,
,
,
,
,
,
,
,
,
,
,
,
,
,
,
,
,
,
,
,
,
,
,
,
,
,
,
,
,
,
,
,
,
,
,
,
,
,
,
,
,
,
,
,
,
,
,
,
,
,
,
,
,
,
,
,
,
,
,
,
,
,
,
,
,
,
,
,
,
,
,
,
,
,
,
,
,
,
,
,
,
,
,
,
,
,
,
,
,
,
,
,
,
,
,
,
,
,
,
,
,
,
,
,
,
,
,
,
,
,
,
,
,
,
,
,
,
,
,
,
,
,
,
,
,
,
,
,
,
,
,
,
,
,
,
,
,
,
,
,
,
,
,
,
,
,
,
,
,
,
,
,
,
,
,
,
,
,
,
,
,
,
,
,
,
,
,
,
,
,
,
,
,
,
,
,
,
,
,
,
,
,
,
,
,
,
,
,
,
,
,
,
,
,
,
,
,
,
,
,
,
,
,
,
,
,
,
,
,
,
,
,
,
,
,
,
,
,
,
,
,
,
,
,
,
,
,
,
,
,
,
,
,
,
,
,
,
,
,
,
,
,
,
,
,
,
,
,
,
,
,
,
,
,
,
,
,
,
,
,
,
,
,
,
,
,
,
,
,
,
,
,
,
,
,
,
,
,
,
,
,
,
,
,
,
,
,
,
,
,
,
,
,
,
,
,
,
,
,
,
,
,
,
,
,
,
,
,
,
,
,
,
,
,
,
,
,
,
,
,
,
,
,
,
,
,
,
,
,
,
,
,
,
,
,
,
,
,
,
,
,
,
,
,
,
,
,
,
,
,
,
,
,
,
,
,
,
,
,
,
,
,
,
,
,
,
,
,
,
,
,
,
,
,
,
,
,
,
,
,
,
,
,
,
,
,
,
,
,
,
,
,
,
,
,
,
,
,
,
,
,
,
,
,
,
,
,
,
,
,
,
,
,
,
,
,
,
,
,
,
,
,
,
,
,
,
,
,
,
,
,
,
,
,
,
,
,
,
,
,
,
,
,
,
,
,
,
,
,
,
,
,
,
,
,
,
,
,
,
,
,
,
,
,
,
,
,
,
,
,
,
,
,
,
,
,
,
,
,
,
,
,
,
,
,
,
,
,
,
,
,
,
,
,
,
,
,
,
,
,
,
,
,
,
,
,
,
,
,
,
,
,
,
,
,
,
,
,
,
,
,
,
,
,
,
,
,
,
,
,
,
,
,
,
,
,
,
,
,
,
,
,
,
,
,
,
,
,
,
,
,
,
,
,
,
,
,
,
,
,
,
,
,
,
,
,
,
,
,
,
,
,
,
,
,
,
,
,
,
,
,
,
,
,
,
,
,
,
,
,
,
,
,
,
,
,
,
,
,
,
,
,
,
,
,
,
,
,
,
,
,
,
,
,
,
,
,
,
,
,
,
,
,
,
,
,
,
,
,
,
,
,
,
,
,
,
,
,
,
,
,
,
,
,
,
,
,
,
,
,
,
,
,
,
,
,
,
,
,
,
,
,
,
,
,
,
,
,
,
,
,
,
,
,
,
,
,
,
,
,
,
,
,
,
,
,
,
,
,
,
,
,
,
,
,
,
,
,
,
,
,
,
,
,
,
,
,
,
,
,
,
,
,
,
,
,
,
,
,
,
,
,
,
,
,
,
,
,
,
,
,
,
,
,
,
,
,
,
,
,
,
,
,
,
,
,
,
,
,
,
,
,
,
,
,
,
,
,
,
,
,
,
,
,
,
,
,
,
,
,
,
,
,
,
,
,
,
,
,
,
,
,
,
,
,
,
,
,
,
,
,
,
,
,
,
,
,
,
,
,
,
,
,
,
,
,
,
,
,
,
,
,
,
,
,
,
,
,
,
,
,
,
,
,
,
,
,
,
,
,
,
,
,
,
,
,
,
,
,
,
,
,
,
,
,
,
,
,
,
,
,
,
,
,
,
,
,
,
,
,
,
,
,
,
,
,
,
,
,
,
,
,
,
,
,
,
,
,
,
,
,
,
,
,
,
,
,
,
,
,
,
,
,
,
,
,
,
,
,
,
,
,
,
,
,
,
,
,
,
,
,
,
,
,
,
,
,
,
,
,
,
,
,
,
,
,
,
,
,
,
,
,
,
,
,
,
,
,
,
,
,
,
,
,
,
,
,
,
,
,
,
,
,
,
,
,
,
,
,
,
,
,
,
,
,
,
,
,
,
,
,
,
,
,
,
,
,
,
,
,
,
,
,
,
,
,
,
,
,
,
,
,
,
,
,
,
,
,
,
,
,
,
,
,
,
,
,
,
,
,
,
,
,
,
,
,
,
,
,
,
,
,
,
,
,
,
,
,
,
,
,
,
,
,
,
,
,
,
,
,
,
,
,
,
,
,
,
,
,
,
,
,
,
,
,
,
,
,
,
,
,
,
,
,
,
,
,
,
,
,
,
,
,
,
,
,
,
,
,
,
,
,
,
,
,
,
,
,
,
,
,
,
,
,
,
,
,
,
,
,
,
,
,
,
,
,
,
,
,
,
,
,
,
,
,
,
,
,
,
,
,
,
,
,
,
,
,
,
,
,
,
,
,
,
,
,
,
,
,
,
,
,
,
,
,
,
,
,
,
,
,
,
,
,
,
,
,
,
,
,
,
,
,
,
,
,
,
,
,
,
,
,
,
,
,
,
,
,
,
,
,
,
,
,
,
,
,
,
,
,
,
,
,
,
,
,
,
,
,
,
,
,
,
,
,
,
,
,
,
,
,
,
,
,
,
,
,
,
,
,
,
,
,
,
,
,
,
,
,
,
,
,
,
,
,
,
,
,
,
,
,
,
,
,
,
,
,
,
,
,
,
,
,
,
,
,
,
,
,
,
,
,
,
,
,
,
,
,
,
,
,
,
,
,
,
,
,
,
,
,
,
,
,
,
,
,
,
,
,
,
,
,
,
,
,
,
,
,
,
,
,
,
,
,
,
,
,
,
,
,
,
,
,
,
,
,
,
,
,
,
,
,
,
,
,
,
,
,
,
,
,
,
,
,
,
,
,
,
,
,
,
,
,
,
,
,
,
,
,
,
,
,
,
,
,
,
,
,
,
,
,
,
,
,
,
,
,
,
,
,
,
,
,
,
,
,
,
,
,
,
,
,
,
,
,
,
,
,
,
,
,
,
,
,
,
,
,
,
,
,
,
,
,
,
,
,
,
,
,
,
,
,
,
,
,
,
,
,
,
,
,
,
,
,
,
,
,
,
,
,
,
,
,
,
,
,
,
,
,
,
,
,
,
,
,
,
,
,
,
,
,
,
,
,
,
,
,
,
,
,
,
,
,
,
,
,
,
,
,
,
,
,
,
,
,
,
,
,
,
,
,
,
,
,
,
,
,
,
,
,
,
,
,
,
,
,
,
,
,
,
,
,
,
,
,
,
,
,
,
,
,
,
,
,
,
,
,
,
,
,
,
,
,
,
,
,
,
,
,
,
,
,
,
,
,
,
,
,
,
,
,
,
,
,
,
,
,
,
,
,
,
,
,
,
,
,
,
,
,
,
,
,
,
,
,
,
,
,
,
,
,
,
,
,
,
,
,
,
,
,
,
,
,
,
,
,
,
,
,
,
,
,
,
,
,
,
,
,
,
,
,
,
,
,
,
,
,
,
,
,
,
,
,
,
,
,
,
,
,
,
,
,
,
,
,
,
,
,
,
,
,
,
,
,
,
,
,
,
,
,
,
,
,
,
,
,
,
,
,
,
,
,
,
,
,
,
,
,
,
,
,
,
,
,
,
,
,
,
,
,
,
,
,
,
,
,
,
,
,
,
,
,
,
,
,
,
,
,
,
,
,
,
,
,
,
,
,
,
,
,
,
,
,
,
,
,
,
,
,
,
,
,
,
,
,
,
,
,
,
,
,
,
,
,
,
,
,
,
,
,
,
,
,
,
,
,
,
,
,
,
,
,
,
,
,
,
,
,
,
,
,
,
,
,
,
,
,
,
,
,
,
,
,
,
,
,
,
,
,
,
,
,
,
,
,
,
,
,
,
,
,
,
,
,
,
,
,
,
,
,
,
,
,
,
,
,
,
,
,
,
,
,
,
,
,
,
,
,
,
,
,
,
,
,
,
,
,
,
,
,
,
,
,
,
,
,
,
,
,
,
,
,
,
,
,
,
,
,
,
,
,
,
,
,
,
,
,
,
,
,
,
,
,
,
,
,
,
,
,
,
,
,
,
,
,
,
,
,
,
,
,
,
,
,
,
,
,
,
,
,
,
,
,
,
,
,
,
,
,
,
,
,
,
,
,
,
,
,
,
,
,
,
,
,
,
,
,
,
,
,
,
,
,
,
,
,
,
,
,
,
,
,
,
,
,
,
,
,
,
,
,
,
,
,
,
,
,
,
,
,
,
,
,
,
,
,
,
,
,
,
,
,
,
,
,
,
,
,
,
,
,
,
,
,
,
,
,
,
,
,
,
,
,
,
,
,
,
,
,
,
,
,
,
,
,
,
,
,
,
,
,
,
,
,
,
,
,
,
,
,
,
,
,
,
,
,
,
,
,
,
,
,
,
,
,
,
,
,
,
,
,
,
,
,
,
,
,
,
,
,
,
,
,
,
,
,
,
,
,
,
,
,
,
,
,
,
,
,
,
,
,
,
,
,
,
,
,
,
,
,
,
,
,
,
,
,
,
,
,
,
,
,
,
,
,
,
,
,
,
,
,
,
,
,
,
,
,
,
,
,
,
,
,
,
,
,
,
,
,
,
,
,
,
,
,
,
,
,
,
,
,
,
,
,
,
,
,
,
,
,
,
,
,
,
,
,
,
,
,
,
,
,
,
,
,
,
,
,
,
,
,
,
,
,
,
,
,
,
,
,
,
,
,
,
,
,
,
,
,
,
,
,
,
,
,
,
,
