Date,BAY
2024-10-25 00:00:00,47.54
2024-10-24 00:00:00,47.54
2024-10-23 00:00:00,49.87
2024-10-22 00:00:00,50.06
2024-10-21 00:00:00,50.07
2024-10-18 00:00:00,50.06
2024-10-17 00:00:00,50.06
2024-10-16 00:00:00,51.77
2024-10-15 00:00:00,53.34
2024-10-14 00:00:00,53.32
2024-10-11 00:00:00,53.34
2024-10-10 00:00:00,53.37
2024-10-09 00:00:00,53.34
2024-10-08 00:00:00,53.37
2024-10-07 00:00:00,53.4
2024-10-04 00:00:00,54.95
2024-10-03 00:00:00,54.93
2024-10-02 00:00:00,55.43
2024-10-01 00:00:00,53.09
2024-09-30 00:00:00,53.11
2024-09-27 00:00:00,59.93
2024-09-26 00:00:00,59.89
2024-09-25 00:00:00,59.89
2024-09-24 00:00:00,59.87
2024-09-23 00:00:00,59.89
2024-09-20 00:00:00,59.93
2024-09-19 00:00:00,56.83
2024-09-18 00:00:00,56.84
2024-09-17 00:00:00,56.8
2024-09-16 00:00:00,56.83
2024-09-13 00:00:00,56.87
2024-09-12 00:00:00,56.82
2024-09-11 00:00:00,61.48
2024-09-10 00:00:00,62.11
2024-09-09 00:00:00,61.15
2024-09-06 00:00:00,58.64
2024-09-05 00:00:00,61.92
2024-09-04 00:00:00,65.92
2024-09-03 00:00:00,65.9
2024-09-02 00:00:00,65.93
2024-08-30 00:00:00,62.99
2024-08-29 00:00:00,62.22
2024-08-28 00:00:00,61.73
2024-08-27 00:00:00,64.03
2024-08-26 00:00:00,65.44
2024-08-23 00:00:00,65.03
2024-08-22 00:00:00,64.99
2024-08-21 00:00:00,60.73
2024-08-20 00:00:00,60.94
2024-08-19 00:00:00,63.06
2024-08-16 00:00:00,62.47
2024-08-15 00:00:00,63.66
2024-08-14 00:00:00,63.65
2024-08-13 00:00:00,61.17
2024-08-12 00:00:00,65.08
2024-08-09 00:00:00,60.87
2024-08-08 00:00:00,61.91
2024-08-07 00:00:00,65.26
2024-08-06 00:00:00,62.24
2024-08-05 00:00:00,60.51
2024-08-02 00:00:00,57.72
2024-08-01 00:00:00,57.75
2024-07-31 00:00:00,57.73
2024-07-30 00:00:00,57.73
2024-07-29 00:00:00,57.75
2024-07-26 00:00:00,57.77
2024-07-25 00:00:00,57.74
2024-07-24 00:00:00,57.75
2024-07-23 00:00:00,57.76
2024-07-22 00:00:00,57.75
2024-07-19 00:00:00,53.8
2024-07-18 00:00:00,53.77
2024-07-17 00:00:00,57.15
2024-07-16 00:00:00,54.87
2024-07-15 00:00:00,53.85
2024-07-12 00:00:00,57.77
2024-07-11 00:00:00,53.79
2024-07-10 00:00:00,53.8
2024-07-09 00:00:00,57.19
2024-07-08 00:00:00,55.14
2024-07-05 00:00:00,56.35
2024-07-04 00:00:00,56.31
2024-07-03 00:00:00,53.6
2024-07-02 00:00:00,54.89
2024-07-01 00:00:00,53.52
2024-06-28 00:00:00,53.49
2024-06-27 00:00:00,53.76
2024-06-26 00:00:00,56.53
2024-06-25 00:00:00,55.19
2024-06-24 00:00:00,56.41
2024-06-21 00:00:00,53.93
2024-06-20 00:00:00,58.24
2024-06-19 00:00:00,57.95
2024-06-18 00:00:00,54.97
2024-06-17 00:00:00,54
2024-06-14 00:00:00,53.94
2024-06-13 00:00:00,53.98
2024-06-12 00:00:00,58.69
2024-06-11 00:00:00,58.68
2024-06-10 00:00:00,58.68
2024-06-07 00:00:00,54.93
2024-06-06 00:00:00,54.91
2024-06-05 00:00:00,54.94
2024-06-04 00:00:00,53.05
2024-06-03 00:00:00,56.16
2024-05-31 00:00:00,56.1
2024-05-30 00:00:00,59.81
2024-05-29 00:00:00,59.83
2024-05-28 00:00:00,57.98
2024-05-27 00:00:00,62.13
2024-05-24 00:00:00,62.12
2024-05-23 00:00:00,62.14
2024-05-22 00:00:00,58.86
2024-05-21 00:00:00,55.43
2024-05-20 00:00:00,58.76
2024-05-17 00:00:00,62.22
2024-05-16 00:00:00,59.34
2024-05-15 00:00:00,60.61
2024-05-14 00:00:00,60.59
2024-05-13 00:00:00,57.9
2024-05-10 00:00:00,60.82
2024-05-09 00:00:00,60.19
2024-05-08 00:00:00,61.35
2024-05-07 00:00:00,57.65
2024-05-06 00:00:00,58.11
2024-05-03 00:00:00,54.69
2024-05-02 00:00:00,58.38
2024-05-01 00:00:00,57.92
2024-04-30 00:00:00,57.9
2024-04-29 00:00:00,57.91
2024-04-26 00:00:00,60.55
2024-04-25 00:00:00,65.17
2024-04-24 00:00:00,66.41
2024-04-23 00:00:00,63.34
2024-04-22 00:00:00,62.74
2024-04-19 00:00:00,58.4
2024-04-18 00:00:00,58.67
2024-04-17 00:00:00,58.95
2024-04-16 00:00:00,59.59
2024-04-15 00:00:00,57.89
2024-04-12 00:00:00,57.11
2024-04-11 00:00:00,55.96
2024-04-10 00:00:00,55.5
2024-04-09 00:00:00,55.55
2024-04-08 00:00:00,55.78
2024-04-05 00:00:00,55.69
2024-04-04 00:00:00,55.65
2024-04-03 00:00:00,56.69
2024-04-02 00:00:00,56.67
2024-04-01 00:00:00,56.52
2024-03-29 00:00:00,56.45
2024-03-28 00:00:00,56.27
2024-03-27 00:00:00,56.27
2024-03-26 00:00:00,56.69
2024-03-25 00:00:00,57.18
2024-03-22 00:00:00,57.38
2024-03-21 00:00:00,56.69
2024-03-20 00:00:00,58.1
2024-03-19 00:00:00,54.1
2024-03-18 00:00:00,53.7
2024-03-15 00:00:00,54
2024-03-14 00:00:00,53.99
2024-03-13 00:00:00,54.15
2024-03-12 00:00:00,54.78
2024-03-11 00:00:00,55.17
2024-03-08 00:00:00,54.84
2024-03-07 00:00:00,55.87
2024-03-06 00:00:00,56.49
2024-03-05 00:00:00,56.6
2024-03-04 00:00:00,57.36
2024-03-01 00:00:00,57.34
2024-02-29 00:00:00,57.73
2024-02-28 00:00:00,57.91
2024-02-27 00:00:00,57.8
2024-02-26 00:00:00,46.64
2024-02-23 00:00:00,46.69
2024-02-22 00:00:00,46.68
2024-02-21 00:00:00,46.65
2024-02-20 00:00:00,46.64
2024-02-19 00:00:00,46.66
2024-02-16 00:00:00,46.66
2024-02-15 00:00:00,46.59
2024-02-14 00:00:00,46.67
2024-02-13 00:00:00,46.61
2024-02-12 00:00:00,46.65
2024-02-09 00:00:00,46.67
2024-02-08 00:00:00,46.67
2024-02-07 00:00:00,46.62
2024-02-06 00:00:00,46.64
2024-02-05 00:00:00,46.67
2024-02-02 00:00:00,46.66
2024-02-01 00:00:00,46.62
2024-01-31 00:00:00,49.88
2024-01-30 00:00:00,49.84
2024-01-29 00:00:00,50.74
2024-01-26 00:00:00,50.73
2024-01-25 00:00:00,53.25
2024-01-24 00:00:00,53.28
2024-01-23 00:00:00,56.24
2024-01-22 00:00:00,50.62
2024-01-19 00:00:00,50.61
2024-01-18 00:00:00,50.61
2024-01-17 00:00:00,50.66
2024-01-16 00:00:00,50.59
2024-01-15 00:00:00,50.61
2024-01-12 00:00:00,50.61
2024-01-11 00:00:00,50.61
2024-01-10 00:00:00,50.62
2024-01-09 00:00:00,50.55
2024-01-08 00:00:00,50.57
2024-01-05 00:00:00,50.6
2024-01-04 00:00:00,50.54
2024-01-03 00:00:00,50.63
2024-01-02 00:00:00,50.58
2024-01-01 00:00:00,50.6
2023-12-29 00:00:00,48.95
2023-12-28 00:00:00,48.94
2023-12-27 00:00:00,47.76
2023-12-26 00:00:00,46.92
2023-12-25 00:00:00,46.85
2023-12-22 00:00:00,46.95
2023-12-21 00:00:00,46.99
2023-12-20 00:00:00,47
2023-12-19 00:00:00,47.08
2023-12-18 00:00:00,47.07
2023-12-15 00:00:00,46.57
2023-12-14 00:00:00,46.77
2023-12-13 00:00:00,47.28
2023-12-12 00:00:00,47.89
2023-12-11 00:00:00,48.09
2023-12-08 00:00:00,48.53
2023-12-07 00:00:00,48.06
2023-12-06 00:00:00,47.8
2023-12-05 00:00:00,48.47
2023-12-04 00:00:00,48.4
2023-12-01 00:00:00,48.26
2023-11-30 00:00:00,52.98
2023-11-29 00:00:00,53.53
2023-11-28 00:00:00,55.77
2023-11-27 00:00:00,56.83
2023-11-24 00:00:00,57.13
2023-11-23 00:00:00,56.91
2023-11-22 00:00:00,57.36
2023-11-21 00:00:00,57.78
2023-11-20 00:00:00,55.53
2023-11-17 00:00:00,55.88
2023-11-16 00:00:00,55.77
2023-11-15 00:00:00,58.41
2023-11-14 00:00:00,59.37
2023-11-13 00:00:00,60.99
2023-11-10 00:00:00,61.51
2023-11-09 00:00:00,61.02
2023-11-08 00:00:00,61.27
2023-11-07 00:00:00,59.24
2023-11-06 00:00:00,57.13
2023-11-03 00:00:00,57.29
2023-11-02 00:00:00,60.37
2023-11-01 00:00:00,59.01
2023-10-31 00:00:00,59.54
2023-10-30 00:00:00,61.57
2023-10-27 00:00:00,57.45
2023-10-26 00:00:00,56.43
2023-10-25 00:00:00,57.62
2023-10-24 00:00:00,57.44
2023-10-23 00:00:00,61.62
2023-10-20 00:00:00,56.54
2023-10-19 00:00:00,61.48
2023-10-18 00:00:00,60.56
2023-10-17 00:00:00,59.95
2023-10-16 00:00:00,59.81
2023-10-13 00:00:00,59.29
2023-10-12 00:00:00,58.06
2023-10-11 00:00:00,58.83
2023-10-10 00:00:00,59.5
2023-10-09 00:00:00,60.76
2023-10-06 00:00:00,60.61
2023-10-05 00:00:00,61.54
2023-10-04 00:00:00,60.44
2023-10-03 00:00:00,60.82
2023-10-02 00:00:00,60.38
2023-09-29 00:00:00,59.74
2023-09-28 00:00:00,60.78
2023-09-27 00:00:00,60.8
2023-09-26 00:00:00,60.02
2023-09-25 00:00:00,59.61
2023-09-22 00:00:00,59.04
2023-09-21 00:00:00,56.53
2023-09-20 00:00:00,55.98
2023-09-19 00:00:00,57.25
2023-09-18 00:00:00,60.59
2023-09-15 00:00:00,60.22
2023-09-14 00:00:00,58.42
2023-09-13 00:00:00,59.39
2023-09-12 00:00:00,58.36
2023-09-11 00:00:00,59.31
2023-09-08 00:00:00,55.3
2023-09-07 00:00:00,53.33
2023-09-06 00:00:00,58.02
2023-09-05 00:00:00,57.19
2023-09-04 00:00:00,59.2
2023-09-01 00:00:00,58.19
2023-08-31 00:00:00,57.06
2023-08-30 00:00:00,57.32
2023-08-29 00:00:00,54.98
2023-08-28 00:00:00,56.56
2023-08-25 00:00:00,56.65
2023-08-24 00:00:00,56.47
2023-08-23 00:00:00,60.02
2023-08-22 00:00:00,60.68
2023-08-21 00:00:00,61.19
2023-08-18 00:00:00,60.52
2023-08-17 00:00:00,60.55
2023-08-16 00:00:00,60.74
2023-08-15 00:00:00,60.42
2023-08-14 00:00:00,58.41
2023-08-11 00:00:00,59.71
2023-08-10 00:00:00,59.32
2023-08-09 00:00:00,59.39
2023-08-08 00:00:00,58.99
2023-08-07 00:00:00,58.35
2023-08-04 00:00:00,57.34
2023-08-03 00:00:00,58.33
2023-08-02 00:00:00,60.08
2023-08-01 00:00:00,59.2
2023-07-31 00:00:00,56.22
2023-07-28 00:00:00,55.23
2023-07-27 00:00:00,59.47
2023-07-26 00:00:00,60.35
2023-07-25 00:00:00,58.36
2023-07-24 00:00:00,60.04
2023-07-21 00:00:00,60.28
2023-07-20 00:00:00,60.42
2023-07-19 00:00:00,57.39
2023-07-18 00:00:00,56.38
2023-07-17 00:00:00,56.46
2023-07-14 00:00:00,57.43
2023-07-13 00:00:00,56.53
2023-07-12 00:00:00,56.86
2023-07-11 00:00:00,58.63
2023-07-10 00:00:00,57.71
2023-07-07 00:00:00,55.74
2023-07-06 00:00:00,58.93
2023-07-05 00:00:00,57.61
2023-07-04 00:00:00,56.65
2023-07-03 00:00:00,55.19
2023-06-30 00:00:00,55.65
2023-06-29 00:00:00,54.13
2023-06-28 00:00:00,54.84
2023-06-27 00:00:00,59.92
2023-06-26 00:00:00,60.04
2023-06-23 00:00:00,59.61
2023-06-22 00:00:00,59.99
2023-06-21 00:00:00,59.81
2023-06-20 00:00:00,55.49
2023-06-19 00:00:00,55.18
2023-06-16 00:00:00,54.77
2023-06-15 00:00:00,59.4
2023-06-14 00:00:00,58.7
2023-06-13 00:00:00,57
2023-06-12 00:00:00,56.58
2023-06-09 00:00:00,54.6
2023-06-08 00:00:00,55.65
2023-06-07 00:00:00,55.08
2023-06-06 00:00:00,55.71
2023-06-05 00:00:00,53.34
2023-06-02 00:00:00,53.45
2023-06-01 00:00:00,53.77
2023-05-31 00:00:00,49.79
2023-05-30 00:00:00,48.79
2023-05-29 00:00:00,49.8
2023-05-26 00:00:00,49.64
2023-05-25 00:00:00,50.02
2023-05-24 00:00:00,49.97
2023-05-23 00:00:00,49.34
2023-05-22 00:00:00,49.59
2023-05-19 00:00:00,50.06
2023-05-18 00:00:00,51.03
2023-05-17 00:00:00,50.95
2023-05-16 00:00:00,50.99
2023-05-15 00:00:00,50.65
2023-05-12 00:00:00,50.92
2023-05-11 00:00:00,50.98
2023-05-10 00:00:00,47.71
2023-05-09 00:00:00,48.11
2023-05-08 00:00:00,48.03
2023-05-05 00:00:00,47.78
2023-05-04 00:00:00,48.05
2023-05-03 00:00:00,45.13
2023-05-02 00:00:00,44.8
2023-05-01 00:00:00,45.07
2023-04-28 00:00:00,44.88
2023-04-27 00:00:00,48.73
2023-04-26 00:00:00,48.66
2023-04-25 00:00:00,47.79
2023-04-24 00:00:00,47.12
2023-04-21 00:00:00,47.07
2023-04-20 00:00:00,46.26
2023-04-19 00:00:00,45.91
2023-04-18 00:00:00,45.7
2023-04-17 00:00:00,46.37
2023-04-14 00:00:00,46.91
2023-04-13 00:00:00,47.5
2023-04-12 00:00:00,47.68
2023-04-11 00:00:00,48.32
2023-04-10 00:00:00,49.39
2023-04-07 00:00:00,49.32
2023-04-06 00:00:00,49.06
2023-04-05 00:00:00,48.85
2023-04-04 00:00:00,50.12
2023-04-03 00:00:00,49.72
2023-03-31 00:00:00,51.76
2023-03-30 00:00:00,55.28
2023-03-29 00:00:00,57.04
2023-03-28 00:00:00,62.08
2023-03-27 00:00:00,61.15
2023-03-24 00:00:00,61.31
2023-03-23 00:00:00,60.31
2023-03-22 00:00:00,58.45
2023-03-21 00:00:00,58.86
2023-03-20 00:00:00,62.11
2023-03-17 00:00:00,59.12
2023-03-16 00:00:00,57.93
2023-03-15 00:00:00,59.87
2023-03-14 00:00:00,56.6
2023-03-13 00:00:00,56.35
2023-03-10 00:00:00,53.49
2023-03-09 00:00:00,51.83
2023-03-08 00:00:00,49.85
2023-03-07 00:00:00,50.69
2023-03-06 00:00:00,49.57
2023-03-03 00:00:00,49.81
2023-03-02 00:00:00,54.59
2023-03-01 00:00:00,50.01
2023-02-28 00:00:00,49.94
2023-02-27 00:00:00,49.93
2023-02-24 00:00:00,50.44
2023-02-23 00:00:00,49.74
2023-02-22 00:00:00,51.74
2023-02-21 00:00:00,54.72
2023-02-20 00:00:00,53.45
2023-02-17 00:00:00,51.54
2023-02-16 00:00:00,53.45
2023-02-15 00:00:00,53.47
2023-02-14 00:00:00,49.75
2023-02-13 00:00:00,49.88
2023-02-10 00:00:00,49.72
2023-02-09 00:00:00,48.52
2023-02-08 00:00:00,53.38
2023-02-07 00:00:00,53.41
2023-02-06 00:00:00,53.16
2023-02-03 00:00:00,52.66
2023-02-02 00:00:00,53.09
2023-02-01 00:00:00,54.64
2023-01-31 00:00:00,58.32
2023-01-30 00:00:00,58.56
2023-01-27 00:00:00,53.72
2023-01-26 00:00:00,51.82
2023-01-25 00:00:00,62.99
2023-01-24 00:00:00,62.65
2023-01-23 00:00:00,62.95
2023-01-20 00:00:00,62.95
2023-01-19 00:00:00,63.1
2023-01-18 00:00:00,63.01
2023-01-17 00:00:00,62.65
2023-01-16 00:00:00,63.03
2023-01-13 00:00:00,63.03
2023-01-12 00:00:00,63.01
2023-01-11 00:00:00,62.98
2023-01-10 00:00:00,63.02
2023-01-09 00:00:00,63.01
2023-01-06 00:00:00,62.94
2023-01-05 00:00:00,63.04
2023-01-04 00:00:00,63.03
2023-01-03 00:00:00,62.98
2023-01-02 00:00:00,62.96
2022-12-30 00:00:00,62.99
2022-12-29 00:00:00,63.8
2022-12-28 00:00:00,64.1
2022-12-27 00:00:00,64.13
2022-12-26 00:00:00,64.11
2022-12-23 00:00:00,64.08
2022-12-22 00:00:00,64.37
2022-12-21 00:00:00,64.68
2022-12-20 00:00:00,65.47
2022-12-19 00:00:00,65.37
2022-12-16 00:00:00,65.33
2022-12-15 00:00:00,65.78
2022-12-14 00:00:00,65.83
2022-12-13 00:00:00,65.8
2022-12-12 00:00:00,65.75
2022-12-09 00:00:00,65.77
2022-12-08 00:00:00,65.79
2022-12-07 00:00:00,65.82
2022-12-06 00:00:00,65.75
2022-12-05 00:00:00,65.76
2022-12-02 00:00:00,65.85
2022-12-01 00:00:00,65.76
2022-11-30 00:00:00,65.84
2022-11-29 00:00:00,65.78
2022-11-28 00:00:00,66.06
2022-11-25 00:00:00,66.13
2022-11-24 00:00:00,66.44
2022-11-23 00:00:00,66.76
2022-11-22 00:00:00,67.15
2022-11-21 00:00:00,69.06
2022-11-18 00:00:00,69.01
2022-11-17 00:00:00,69.09
2022-11-16 00:00:00,69.08
2022-11-15 00:00:00,69.08
2022-11-14 00:00:00,70.4
2022-11-11 00:00:00,70.77
2022-11-10 00:00:00,70.67
2022-11-09 00:00:00,70.67
2022-11-08 00:00:00,70.65
2022-11-07 00:00:00,70.64
2022-11-04 00:00:00,70.61
2022-11-03 00:00:00,70.66
2022-11-02 00:00:00,70.67
2022-11-01 00:00:00,70.62
2022-10-31 00:00:00,70.62
2022-10-28 00:00:00,72.67
2022-10-27 00:00:00,72.6
2022-10-26 00:00:00,71.68
2022-10-25 00:00:00,71.62
2022-10-24 00:00:00,71.59
2022-10-21 00:00:00,75.76
2022-10-20 00:00:00,74.13
2022-10-19 00:00:00,74.18
2022-10-18 00:00:00,74.21
2022-10-17 00:00:00,74.19
2022-10-14 00:00:00,74.16
2022-10-13 00:00:00,74.17
2022-10-12 00:00:00,74.11
2022-10-11 00:00:00,74.18
2022-10-10 00:00:00,74.1
2022-10-07 00:00:00,74.12
2022-10-06 00:00:00,74.1
2022-10-05 00:00:00,74.25
2022-10-04 00:00:00,74.24
2022-10-03 00:00:00,74.27
2022-09-30 00:00:00,74.16
2022-09-29 00:00:00,74.19
2022-09-28 00:00:00,74.12
2022-09-27 00:00:00,83.91
2022-09-26 00:00:00,83.72
2022-09-23 00:00:00,81.57
2022-09-22 00:00:00,79.93
2022-09-21 00:00:00,79.22
2022-09-20 00:00:00,78.48
2022-09-19 00:00:00,73.14
2022-09-16 00:00:00,73.2
2022-09-15 00:00:00,73.15
2022-09-14 00:00:00,73.14
2022-09-13 00:00:00,73.21
2022-09-12 00:00:00,73.19
2022-09-09 00:00:00,73.16
2022-09-08 00:00:00,73.22
2022-09-07 00:00:00,73.18
2022-09-06 00:00:00,73.15
2022-09-05 00:00:00,73.23
2022-09-02 00:00:00,73.17
2022-09-01 00:00:00,72.82
2022-08-31 00:00:00,72.84
2022-08-30 00:00:00,69.13
2022-08-29 00:00:00,69.28
2022-08-26 00:00:00,69.32
2022-08-25 00:00:00,69.25
2022-08-24 00:00:00,70.25
2022-08-23 00:00:00,70.25
2022-08-22 00:00:00,70.19
2022-08-19 00:00:00,70.29
2022-08-18 00:00:00,70.19
2022-08-17 00:00:00,67.13
2022-08-16 00:00:00,67.43
2022-08-15 00:00:00,67.39
2022-08-12 00:00:00,67.63
2022-08-11 00:00:00,67.95
2022-08-10 00:00:00,68.12
2022-08-09 00:00:00,70.45
2022-08-08 00:00:00,70.41
2022-08-05 00:00:00,70.44
2022-08-04 00:00:00,70.41
2022-08-03 00:00:00,70.44
2022-08-02 00:00:00,70.43
2022-08-01 00:00:00,70.41
2022-07-29 00:00:00,70.47
2022-07-28 00:00:00,70.45
2022-07-27 00:00:00,70.44
2022-07-26 00:00:00,70.39
2022-07-25 00:00:00,70.49
2022-07-22 00:00:00,70.41
2022-07-21 00:00:00,70.41
2022-07-20 00:00:00,70.2
2022-07-19 00:00:00,70.18
2022-07-18 00:00:00,70.24
2022-07-15 00:00:00,70.16
2022-07-14 00:00:00,70.19
2022-07-13 00:00:00,70.27
2022-07-12 00:00:00,70.25
2022-07-11 00:00:00,70.21
2022-07-08 00:00:00,70.2
2022-07-07 00:00:00,70.52
2022-07-06 00:00:00,70.51
2022-07-05 00:00:00,70.44
2022-07-04 00:00:00,73.62
2022-07-01 00:00:00,73.55
2022-06-30 00:00:00,70.48
2022-06-29 00:00:00,70.41
2022-06-28 00:00:00,69.95
2022-06-27 00:00:00,70.24
2022-06-24 00:00:00,70.39
2022-06-23 00:00:00,69.98
2022-06-22 00:00:00,69.95
2022-06-21 00:00:00,69.62
2022-06-20 00:00:00,70.04
2022-06-17 00:00:00,70.03
2022-06-16 00:00:00,70.09
2022-06-15 00:00:00,70.18
2022-06-14 00:00:00,70.12
2022-06-13 00:00:00,70.12
2022-06-10 00:00:00,70.12
2022-06-09 00:00:00,70.09
2022-06-08 00:00:00,70.11
2022-06-07 00:00:00,70.11
2022-06-06 00:00:00,70.1
2022-06-03 00:00:00,70.11
2022-06-02 00:00:00,70.13
2022-06-01 00:00:00,70.09
2022-05-31 00:00:00,70.61
2022-05-30 00:00:00,71.62
2022-05-27 00:00:00,72.12
2022-05-26 00:00:00,72.62
2022-05-25 00:00:00,72.6
2022-05-24 00:00:00,72.63
2022-05-23 00:00:00,72.58
2022-05-20 00:00:00,72.62
2022-05-19 00:00:00,72.59
2022-05-18 00:00:00,72.6
2022-05-17 00:00:00,73.11
2022-05-16 00:00:00,73.1
2022-05-13 00:00:00,73.09
2022-05-12 00:00:00,73.55
2022-05-11 00:00:00,73.59
2022-05-10 00:00:00,73.57
2022-05-09 00:00:00,72.59
2022-05-06 00:00:00,72.61
2022-05-05 00:00:00,72.58
2022-05-04 00:00:00,71.64
2022-05-03 00:00:00,71.6
2022-05-02 00:00:00,71.59
2022-04-29 00:00:00,71.18
2022-04-28 00:00:00,58.01
2022-04-27 00:00:00,56.95
2022-04-26 00:00:00,56.06
2022-04-25 00:00:00,55.53
2022-04-22 00:00:00,54.35
2022-04-21 00:00:00,53.81
2022-04-20 00:00:00,54.11
2022-04-19 00:00:00,54.55
2022-04-18 00:00:00,53.87
2022-04-15 00:00:00,53.92
2022-04-14 00:00:00,53.99
2022-04-13 00:00:00,53.79
2022-04-12 00:00:00,53.42
2022-04-11 00:00:00,53.31
2022-04-08 00:00:00,53.24
2022-04-07 00:00:00,52.92
2022-04-06 00:00:00,53.06
2022-04-05 00:00:00,52.03
2022-04-04 00:00:00,51.38
2022-04-01 00:00:00,51.04
2022-03-31 00:00:00,51.25
2022-03-30 00:00:00,51.31
2022-03-29 00:00:00,51.47
2022-03-28 00:00:00,53.31
2022-03-25 00:00:00,53.93
2022-03-24 00:00:00,54.31
2022-03-23 00:00:00,53.7
2022-03-22 00:00:00,53.47
2022-03-21 00:00:00,54.06
2022-03-18 00:00:00,51.26
2022-03-17 00:00:00,51.26
2022-03-16 00:00:00,52.82
2022-03-15 00:00:00,54.86
2022-03-14 00:00:00,54.25
2022-03-11 00:00:00,55.01
2022-03-10 00:00:00,55.4
2022-03-09 00:00:00,55.29
2022-03-08 00:00:00,58.22
2022-03-07 00:00:00,58.56
2022-03-04 00:00:00,55.57
2022-03-03 00:00:00,52.96
2022-03-02 00:00:00,52.94
2022-03-01 00:00:00,52.18
2022-02-28 00:00:00,51.3
2022-02-25 00:00:00,50.32
2022-02-24 00:00:00,52.19
2022-02-23 00:00:00,50.16
2022-02-22 00:00:00,50.35
2022-02-21 00:00:00,49.93
2022-02-18 00:00:00,49.03
2022-02-17 00:00:00,48.31
2022-02-16 00:00:00,47.75
2022-02-15 00:00:00,48.38
2022-02-14 00:00:00,48.73
2022-02-11 00:00:00,47.86
2022-02-10 00:00:00,47.38
2022-02-09 00:00:00,46.97
2022-02-08 00:00:00,47.92
2022-02-07 00:00:00,49.01
2022-02-04 00:00:00,47.26
2022-02-03 00:00:00,45.15
2022-02-02 00:00:00,43.91
2022-02-01 00:00:00,44.3
2022-01-31 00:00:00,45.27
2022-01-28 00:00:00,45.07
2022-01-27 00:00:00,44.05
2022-01-26 00:00:00,43.51
2022-01-25 00:00:00,43.93
2022-01-24 00:00:00,44.06
2022-01-21 00:00:00,43.15
2022-01-20 00:00:00,42.51
2022-01-19 00:00:00,42.65
2022-01-18 00:00:00,42.61
2022-01-17 00:00:00,42.14
2022-01-14 00:00:00,41.71
2022-01-13 00:00:00,40.96
2022-01-12 00:00:00,40.92
2022-01-11 00:00:00,41.52
2022-01-10 00:00:00,41.76
2022-01-07 00:00:00,41.44
2022-01-06 00:00:00,40.85
2022-01-05 00:00:00,40.1
2022-01-04 00:00:00,39.93
2022-01-03 00:00:00,40.51
2021-12-31 00:00:00,40.44
2021-12-30 00:00:00,40.42
2021-12-29 00:00:00,40.08
2021-12-28 00:00:00,40.13
2021-12-27 00:00:00,39.29
2021-12-24 00:00:00,39.27
2021-12-23 00:00:00,39.46
2021-12-22 00:00:00,39.71
2021-12-21 00:00:00,39.68
2021-12-20 00:00:00,40.27
2021-12-17 00:00:00,39.71
2021-12-16 00:00:00,39.66
2021-12-15 00:00:00,40.04
2021-12-14 00:00:00,40
2021-12-13 00:00:00,39.84
2021-12-10 00:00:00,40.08
2021-12-09 00:00:00,40.11
2021-12-08 00:00:00,40.56
2021-12-07 00:00:00,40.8
2021-12-06 00:00:00,41.46
2021-12-03 00:00:00,41.4
2021-12-02 00:00:00,41.73
2021-12-01 00:00:00,41.77
2021-11-30 00:00:00,42.23
2021-11-29 00:00:00,42.2
2021-11-26 00:00:00,42.32
2021-11-25 00:00:00,40.71
2021-11-24 00:00:00,40.68
2021-11-23 00:00:00,40.19
2021-11-22 00:00:00,37.49
2021-11-19 00:00:00,37.17
2021-11-18 00:00:00,36.91
2021-11-17 00:00:00,37.08
2021-11-16 00:00:00,37.23
2021-11-15 00:00:00,36.94
2021-11-12 00:00:00,36.83
2021-11-11 00:00:00,36.84
2021-11-10 00:00:00,36.82
2021-11-09 00:00:00,36.59
2021-11-08 00:00:00,36.58
2021-11-05 00:00:00,36.75
2021-11-04 00:00:00,37.11
2021-11-03 00:00:00,37.55
2021-11-02 00:00:00,37.84
2021-11-01 00:00:00,37.95
2021-10-29 00:00:00,37.88
2021-10-28 00:00:00,37.21
2021-10-27 00:00:00,36.85
2021-10-26 00:00:00,37.21
2021-10-25 00:00:00,37.39
2021-10-22 00:00:00,37.32
2021-10-21 00:00:00,37.49
2021-10-20 00:00:00,37.44
2021-10-19 00:00:00,37.84
2021-10-18 00:00:00,38.1
2021-10-15 00:00:00,37.66
2021-10-14 00:00:00,38.12
2021-10-13 00:00:00,38.74
2021-10-12 00:00:00,39.05
2021-10-11 00:00:00,38.78
2021-10-08 00:00:00,38.35
2021-10-07 00:00:00,38.33
2021-10-06 00:00:00,38.38
2021-10-05 00:00:00,37.74
2021-10-04 00:00:00,37.54
2021-10-01 00:00:00,37.21
2021-09-30 00:00:00,37.33
2021-09-29 00:00:00,37.17
2021-09-28 00:00:00,37.34
2021-09-27 00:00:00,37.16
2021-09-24 00:00:00,37.28
2021-09-23 00:00:00,37.2
2021-09-22 00:00:00,37.45
2021-09-21 00:00:00,37.7
2021-09-20 00:00:00,38.09
2021-09-17 00:00:00,35.21
2021-09-16 00:00:00,35.34
2021-09-15 00:00:00,35.48
2021-09-14 00:00:00,35.56
2021-09-13 00:00:00,35.65
2021-09-10 00:00:00,35.8
2021-09-09 00:00:00,36.1
2021-09-08 00:00:00,36.09
2021-09-07 00:00:00,36.2
2021-09-06 00:00:00,36.09
2021-09-03 00:00:00,36.57
2021-09-02 00:00:00,36.26
2021-09-01 00:00:00,36.38
2021-08-31 00:00:00,36.58
2021-08-30 00:00:00,36.75
2021-08-27 00:00:00,36.73
2021-08-26 00:00:00,36.82
2021-08-25 00:00:00,37.03
2021-08-24 00:00:00,36.91
2021-08-23 00:00:00,37.08
2021-08-20 00:00:00,37.26
2021-08-19 00:00:00,37.14
2021-08-18 00:00:00,36.98
2021-08-17 00:00:00,36.98
2021-08-16 00:00:00,36.9
2021-08-13 00:00:00,36.81
2021-08-12 00:00:00,37.04
2021-08-11 00:00:00,37.09
2021-08-10 00:00:00,37.07
2021-08-09 00:00:00,37
2021-08-06 00:00:00,37.01
2021-08-05 00:00:00,37.08
2021-08-04 00:00:00,37.2
2021-08-03 00:00:00,37.32
2021-08-02 00:00:00,37.34
2021-07-30 00:00:00,37.29
2021-07-29 00:00:00,37.29
2021-07-28 00:00:00,37.68
2021-07-27 00:00:00,37.62
2021-07-26 00:00:00,37.29
2021-07-23 00:00:00,37.29
2021-07-22 00:00:00,37.39
2021-07-21 00:00:00,37.83
2021-07-20 00:00:00,38.36
2021-07-19 00:00:00,38.05
2021-07-16 00:00:00,37.41
2021-07-15 00:00:00,37.44
2021-07-14 00:00:00,37.41
2021-07-13 00:00:00,37.37
2021-07-12 00:00:00,37.38
2021-07-09 00:00:00,37.67
2021-07-08 00:00:00,37.75
2021-07-07 00:00:00,36.98
2021-07-06 00:00:00,36.86
2021-07-05 00:00:00,36.53
2021-07-02 00:00:00,36.52
2021-07-01 00:00:00,36.64
2021-06-30 00:00:00,36.54
2021-06-29 00:00:00,36.56
2021-06-28 00:00:00,36.51
2021-06-25 00:00:00,36.79
2021-06-24 00:00:00,36.77
2021-06-23 00:00:00,36.97
2021-06-22 00:00:00,37.25
2021-06-21 00:00:00,37.67
2021-06-18 00:00:00,37.3
2021-06-17 00:00:00,37.4
2021-06-16 00:00:00,37.24
2021-06-15 00:00:00,37.22
2021-06-14 00:00:00,37.23
2021-06-11 00:00:00,37.05
2021-06-10 00:00:00,37.49
2021-06-09 00:00:00,37.42
2021-06-08 00:00:00,37.76
2021-06-07 00:00:00,36.79
2021-06-04 00:00:00,36.71
2021-06-03 00:00:00,36.86
2021-06-02 00:00:00,36.66
2021-06-01 00:00:00,36.75
2021-05-31 00:00:00,36.93
2021-05-28 00:00:00,35.67
2021-05-27 00:00:00,35.93
2021-05-26 00:00:00,36.12
2021-05-25 00:00:00,36.31
2021-05-24 00:00:00,36.73
2021-05-21 00:00:00,36.79
2021-05-20 00:00:00,36.98
2021-05-19 00:00:00,36.93
2021-05-18 00:00:00,36.44
2021-05-17 00:00:00,36.31
2021-05-14 00:00:00,36.45
2021-05-13 00:00:00,36.91
2021-05-12 00:00:00,36.98
2021-05-11 00:00:00,36.73
2021-05-10 00:00:00,35.88
2021-05-07 00:00:00,35.87
2021-05-06 00:00:00,35.94
2021-05-05 00:00:00,35.83
2021-05-04 00:00:00,35.74
2021-05-03 00:00:00,35.61
2021-04-30 00:00:00,35.71
2021-04-29 00:00:00,36.09
2021-04-28 00:00:00,36.33
2021-04-27 00:00:00,73.46
2021-04-26 00:00:00,73.46
2021-04-23 00:00:00,73.46
2021-04-22 00:00:00,73.46
2021-04-21 00:00:00,73.46
2021-04-20 00:00:00,73.46
2021-04-19 00:00:00,73.46
2021-04-16 00:00:00,73.46
2021-04-15 00:00:00,73.46
2021-04-14 00:00:00,73.46
2021-04-13 00:00:00,73.46
2021-04-12 00:00:00,73.46
2021-04-09 00:00:00,73.46
2021-04-08 00:00:00,73.46
2021-04-07 00:00:00,73.46
2021-04-06 00:00:00,73.46
2021-04-05 00:00:00,73.46
2021-04-02 00:00:00,73.46
2021-04-01 00:00:00,73.46
2021-03-31 00:00:00,73.46
2021-03-30 00:00:00,73.46
2021-03-29 00:00:00,73.46
2021-03-26 00:00:00,73.46
2021-03-25 00:00:00,73.46
2021-03-24 00:00:00,73.46
2021-03-23 00:00:00,74.66
2021-03-22 00:00:00,71.9
2021-03-19 00:00:00,67.23
2021-03-18 00:00:00,67.23
2021-03-17 00:00:00,67.23
2021-03-16 00:00:00,67.23
2021-03-15 00:00:00,67.23
2021-03-12 00:00:00,67.23
2021-03-11 00:00:00,67.23
2021-03-10 00:00:00,67.23
2021-03-09 00:00:00,67.23
2021-03-08 00:00:00,67.23
2021-03-05 00:00:00,67.23
2021-03-04 00:00:00,67.23
2021-03-03 00:00:00,67.23
2021-03-02 00:00:00,67.23
2021-03-01 00:00:00,67.23
2021-02-26 00:00:00,67.23
2021-02-25 00:00:00,67.23
2021-02-24 00:00:00,67.23
2021-02-23 00:00:00,67.23
2021-02-22 00:00:00,67.23
2021-02-19 00:00:00,67.23
2021-02-18 00:00:00,67.23
2021-02-17 00:00:00,67.23
2021-02-16 00:00:00,67.23
2021-02-15 00:00:00,67.23
2021-02-12 00:00:00,67.23
2021-02-11 00:00:00,67.23
2021-02-10 00:00:00,67.23
2021-02-09 00:00:00,67.23
2021-02-08 00:00:00,67.23
2021-02-05 00:00:00,67.23
2021-02-04 00:00:00,67.23
2021-02-03 00:00:00,67.23
2021-02-02 00:00:00,67.23
2021-02-01 00:00:00,67.73
2021-01-29 00:00:00,67.73
2021-01-28 00:00:00,67.73
2021-01-27 00:00:00,67.73
2021-01-26 00:00:00,67.73
2021-01-25 00:00:00,67.73
2021-01-22 00:00:00,67.74
2021-01-21 00:00:00,67.74
2021-01-20 00:00:00,67.73
2021-01-19 00:00:00,67.74
2021-01-18 00:00:00,67.74
2021-01-15 00:00:00,67.73
2021-01-14 00:00:00,67.73
2021-01-13 00:00:00,67.73
2021-01-12 00:00:00,67.73
2021-01-11 00:00:00,67.73
2021-01-08 00:00:00,67.71
2021-01-07 00:00:00,67.69
2021-01-06 00:00:00,67.65
2021-01-05 00:00:00,67.65
2021-01-04 00:00:00,69.19
2021-01-01 00:00:00,67.76
2020-12-31 00:00:00,67.76
2020-12-30 00:00:00,67.89
2020-12-29 00:00:00,67.69
2020-12-28 00:00:00,69.19
2020-12-25 00:00:00,67.69
2020-12-24 00:00:00,67.65
2020-12-23 00:00:00,67.55
2020-12-22 00:00:00,67.73
2020-12-21 00:00:00,67.73
2020-12-18 00:00:00,67.73
2020-12-17 00:00:00,67.73
2020-12-16 00:00:00,67.73
2020-12-15 00:00:00,67.73
2020-12-14 00:00:00,67.73
2020-12-11 00:00:00,67.73
2020-12-10 00:00:00,67.73
2020-12-09 00:00:00,67.73
2020-12-08 00:00:00,67.73
2020-12-07 00:00:00,67.73
2020-12-04 00:00:00,67.72
2020-12-03 00:00:00,62.71
2020-12-02 00:00:00,62.68
2020-12-01 00:00:00,62.64
2020-11-30 00:00:00,62.55
2020-11-27 00:00:00,62.73
2020-11-26 00:00:00,62.73
2020-11-25 00:00:00,62.73
2020-11-24 00:00:00,62.72
2020-11-23 00:00:00,62.71
2020-11-20 00:00:00,62.69
2020-11-19 00:00:00,62.64
2020-11-18 00:00:00,62.55
2020-11-17 00:00:00,62.73
2020-11-16 00:00:00,62.73
2020-11-13 00:00:00,62.73
2020-11-12 00:00:00,62.73
2020-11-11 00:00:00,62.73
2020-11-10 00:00:00,67.24
2020-11-09 00:00:00,67.24
2020-11-06 00:00:00,67.25
2020-11-05 00:00:00,67.26
2020-11-04 00:00:00,67.3
2020-11-03 00:00:00,67.41
2020-11-02 00:00:00,67.22
2020-10-30 00:00:00,67.21
2020-10-29 00:00:00,67.18
2020-10-28 00:00:00,67.12
2020-10-27 00:00:00,67.01
2020-10-26 00:00:00,66.95
2020-10-23 00:00:00,66.83
2020-10-22 00:00:00,66.6
2020-10-21 00:00:00,66.3
2020-10-20 00:00:00,66.31
2020-10-19 00:00:00,65.69
2020-10-16 00:00:00,65.69
2020-10-15 00:00:00,65.69
2020-10-14 00:00:00,65.69
2020-10-13 00:00:00,65.69
2020-10-12 00:00:00,65.69
2020-10-09 00:00:00,65.69
2020-10-08 00:00:00,65.68
2020-10-07 00:00:00,65.68
2020-10-06 00:00:00,65.69
2020-10-05 00:00:00,65.68
2020-10-02 00:00:00,65.68
2020-10-01 00:00:00,65.67
2020-09-30 00:00:00,65.66
2020-09-29 00:00:00,65.65
2020-09-28 00:00:00,65.62
2020-09-25 00:00:00,65.58
2020-09-24 00:00:00,65.51
2020-09-23 00:00:00,62.78
2020-09-22 00:00:00,63.42
2020-09-21 00:00:00,63.18
2020-09-18 00:00:00,58.59
2020-09-17 00:00:00,58.59
2020-09-16 00:00:00,59.96
2020-09-15 00:00:00,59.96
2020-09-14 00:00:00,59.97
2020-09-11 00:00:00,59.96
2020-09-10 00:00:00,59.97
2020-09-09 00:00:00,60
2020-09-08 00:00:00,60.05
2020-09-07 00:00:00,59.96
2020-09-04 00:00:00,59.97
2020-09-03 00:00:00,59.98
2020-09-02 00:00:00,59.96
2020-09-01 00:00:00,59.95
2020-08-31 00:00:00,59.96
2020-08-28 00:00:00,59.96
2020-08-27 00:00:00,59.95
2020-08-26 00:00:00,59.95
2020-08-25 00:00:00,59.97
2020-08-24 00:00:00,59.97
2020-08-21 00:00:00,59.99
2020-08-20 00:00:00,60.03
2020-08-19 00:00:00,60.06
2020-08-18 00:00:00,60.17
2020-08-17 00:00:00,58.89
2020-08-14 00:00:00,58.89
2020-08-13 00:00:00,58.89
2020-08-12 00:00:00,58.88
2020-08-11 00:00:00,58.87
2020-08-10 00:00:00,58.86
2020-08-07 00:00:00,58.83
2020-08-06 00:00:00,58.78
2020-08-05 00:00:00,58.7
2020-08-04 00:00:00,58.54
2020-08-03 00:00:00,58.54
2020-07-31 00:00:00,58.17
2020-07-30 00:00:00,58.17
2020-07-29 00:00:00,58.17
2020-07-28 00:00:00,58.17
2020-07-27 00:00:00,58.17
2020-07-24 00:00:00,58.17
2020-07-23 00:00:00,58.17
2020-07-22 00:00:00,58.17
2020-07-21 00:00:00,59.17
2020-07-20 00:00:00,59.17
2020-07-17 00:00:00,59.17
2020-07-16 00:00:00,59.17
2020-07-15 00:00:00,59.17
2020-07-14 00:00:00,59.16
2020-07-13 00:00:00,60.39
2020-07-10 00:00:00,60.39
2020-07-09 00:00:00,60.38
2020-07-08 00:00:00,60.02
2020-07-07 00:00:00,59.76
2020-07-06 00:00:00,60.43
2020-07-03 00:00:00,63.1
2020-07-02 00:00:00,63.08
2020-07-01 00:00:00,63.1
2020-06-30 00:00:00,63.08
2020-06-29 00:00:00,63.09
2020-06-26 00:00:00,63.09
2020-06-25 00:00:00,63.09
2020-06-24 00:00:00,63.07
2020-06-23 00:00:00,63.12
2020-06-22 00:00:00,63.12
2020-06-19 00:00:00,63.12
2020-06-18 00:00:00,63.12
2020-06-17 00:00:00,63.12
2020-06-16 00:00:00,63.13
2020-06-15 00:00:00,63.12
2020-06-12 00:00:00,63.12
2020-06-11 00:00:00,63.23
2020-06-10 00:00:00,63.11
2020-06-09 00:00:00,63.12
2020-06-08 00:00:00,63.11
2020-06-05 00:00:00,63.11
2020-06-04 00:00:00,63.11
2020-06-03 00:00:00,63.12
2020-06-02 00:00:00,63.12
2020-06-01 00:00:00,63.13
2020-05-29 00:00:00,63.12
2020-05-28 00:00:00,63.12
2020-05-27 00:00:00,63.12
2020-05-26 00:00:00,63.13
2020-05-25 00:00:00,63.13
2020-05-22 00:00:00,63.13
2020-05-21 00:00:00,63.12
2020-05-20 00:00:00,63.12
2020-05-19 00:00:00,63.12
2020-05-18 00:00:00,63.12
2020-05-15 00:00:00,63.11
2020-05-14 00:00:00,63.09
2020-05-13 00:00:00,63.05
2020-05-12 00:00:00,62.93
2020-05-11 00:00:00,62.4
2020-05-08 00:00:00,62.4
2020-05-07 00:00:00,62.39
2020-05-06 00:00:00,62.41
2020-05-05 00:00:00,62.4
2020-05-04 00:00:00,62.4
2020-05-01 00:00:00,62.41
2020-04-30 00:00:00,62.38
2020-04-29 00:00:00,62.38
2020-04-28 00:00:00,62.35
2020-04-27 00:00:00,62.4
2020-04-24 00:00:00,62.62
2020-04-23 00:00:00,62.62
2020-04-22 00:00:00,62.71
2020-04-21 00:00:00,62.71
2020-04-20 00:00:00,62.73
2020-04-17 00:00:00,62.73
2020-04-16 00:00:00,62.74
2020-04-15 00:00:00,62.74
2020-04-14 00:00:00,62.74
2020-04-13 00:00:00,62.74
2020-04-10 00:00:00,62.75
2020-04-09 00:00:00,62.73
2020-04-08 00:00:00,62.71
2020-04-07 00:00:00,62.71
2020-04-06 00:00:00,62.7
2020-04-03 00:00:00,63.04
2020-04-02 00:00:00,65.03
2020-04-01 00:00:00,65.03
2020-03-31 00:00:00,65.04
2020-03-30 00:00:00,65.03
2020-03-27 00:00:00,65.03
2020-03-26 00:00:00,65.03
2020-03-25 00:00:00,65.03
2020-03-24 00:00:00,65.03
2020-03-23 00:00:00,65.02
2020-03-20 00:00:00,65.02
2020-03-19 00:00:00,61.08
2020-03-18 00:00:00,61.08
2020-03-17 00:00:00,61.08
2020-03-16 00:00:00,55.98
2020-03-13 00:00:00,55.98
2020-03-12 00:00:00,55.98
2020-03-11 00:00:00,55.98
2020-03-10 00:00:00,55.98
2020-03-09 00:00:00,43.84
2020-03-06 00:00:00,43.83
2020-03-05 00:00:00,40.77
2020-03-04 00:00:00,40.77
2020-03-03 00:00:00,40.77
2020-03-02 00:00:00,40.77
2020-02-28 00:00:00,38.73
2020-02-27 00:00:00,38.72
2020-02-26 00:00:00,38.72
2020-02-25 00:00:00,38.73
2020-02-24 00:00:00,38.73
2020-02-21 00:00:00,38.72
2020-02-20 00:00:00,38.72
2020-02-19 00:00:00,38.72
2020-02-18 00:00:00,38.72
2020-02-17 00:00:00,38.72
2020-02-14 00:00:00,38.72
2020-02-13 00:00:00,38.72
2020-02-12 00:00:00,38.72
2020-02-11 00:00:00,38.72
2020-02-10 00:00:00,38.72
2020-02-07 00:00:00,38.72
2020-02-06 00:00:00,38.72
2020-02-05 00:00:00,38.72
2020-02-04 00:00:00,38.72
2020-02-03 00:00:00,38.72
2020-01-31 00:00:00,38.72
2020-01-30 00:00:00,38.72
2020-01-29 00:00:00,38.72
2020-01-28 00:00:00,38.72
2020-01-27 00:00:00,38.72
2020-01-24 00:00:00,38.72
2020-01-23 00:00:00,38.71
2020-01-22 00:00:00,38.71
2020-01-21 00:00:00,38.71
2020-01-20 00:00:00,38.71
2020-01-17 00:00:00,38.01
2020-01-16 00:00:00,38.01
2020-01-15 00:00:00,38.01
2020-01-14 00:00:00,38.01
2020-01-13 00:00:00,38.01
2020-01-10 00:00:00,38.01
2020-01-09 00:00:00,38.01
2020-01-08 00:00:00,38.01
2020-01-07 00:00:00,38.01
2020-01-06 00:00:00,38.01
2020-01-03 00:00:00,38.01
2020-01-02 00:00:00,38.01
2020-01-01 00:00:00,38.01
2019-12-31 00:00:00,38.01
2019-12-30 00:00:00,38.01
2019-12-27 00:00:00,38.01
2019-12-26 00:00:00,38.01
2019-12-25 00:00:00,38.01
2019-12-24 00:00:00,38.01
2019-12-23 00:00:00,38.01
2019-12-20 00:00:00,38.01
2019-12-19 00:00:00,38.4
2019-12-18 00:00:00,38.01
2019-12-17 00:00:00,38.81
2019-12-16 00:00:00,39.18
2019-12-13 00:00:00,39.73
2019-12-12 00:00:00,40.56
2019-12-11 00:00:00,44.1
2019-12-10 00:00:00,46.11
2019-12-09 00:00:00,46.07
2019-12-06 00:00:00,46.09
2019-12-05 00:00:00,46.1
2019-12-04 00:00:00,46.14
2019-12-03 00:00:00,46.22
2019-12-02 00:00:00,46.38
2019-11-29 00:00:00,46.39
2019-11-28 00:00:00,46.41
2019-11-27 00:00:00,46.44
2019-11-26 00:00:00,46.53
2019-11-25 00:00:00,46.53
2019-11-22 00:00:00,46.51
2019-11-21 00:00:00,46.51
2019-11-20 00:00:00,46.51
2019-11-19 00:00:00,46.51
2019-11-18 00:00:00,46.51
2019-11-15 00:00:00,46.51
2019-11-14 00:00:00,46.51
2019-11-13 00:00:00,46.5
2019-11-12 00:00:00,46.5
2019-11-11 00:00:00,46.71
2019-11-08 00:00:00,46.71
2019-11-07 00:00:00,46.71
2019-11-06 00:00:00,46.51
2019-11-05 00:00:00,46.51
2019-11-04 00:00:00,46.51
2019-11-01 00:00:00,46.51
2019-10-31 00:00:00,46.51
2019-10-30 00:00:00,46.51
2019-10-29 00:00:00,46.51
2019-10-28 00:00:00,46.51
2019-10-25 00:00:00,46.51
2019-10-24 00:00:00,46.51
2019-10-23 00:00:00,46.51
2019-10-22 00:00:00,46.51
2019-10-21 00:00:00,46.51
2019-10-18 00:00:00,46.53
2019-10-17 00:00:00,46.57
2019-10-16 00:00:00,46.74
2019-10-15 00:00:00,47.44
2019-10-14 00:00:00,47.43
2019-10-11 00:00:00,47.41
2019-10-10 00:00:00,47.29
2019-10-09 00:00:00,47.29
2019-10-08 00:00:00,47.29
2019-10-07 00:00:00,47.29
2019-10-04 00:00:00,47.29
2019-10-03 00:00:00,47.28
2019-10-02 00:00:00,47.25
2019-10-01 00:00:00,47.16
2019-09-30 00:00:00,46.78
2019-09-27 00:00:00,46.79
2019-09-26 00:00:00,44.56
2019-09-25 00:00:00,44.55
2019-09-24 00:00:00,44.56
2019-09-23 00:00:00,44.55
2019-09-20 00:00:00,45.91
2019-09-19 00:00:00,42.34
2019-09-18 00:00:00,42.34
2019-09-17 00:00:00,42.84
2019-09-16 00:00:00,42.84
2019-09-13 00:00:00,42.84
2019-09-12 00:00:00,42.85
2019-09-11 00:00:00,42.85
2019-09-10 00:00:00,42.85
2019-09-09 00:00:00,42.73
2019-09-06 00:00:00,42.73
2019-09-05 00:00:00,42.87
2019-09-04 00:00:00,42.92
2019-09-03 00:00:00,43.04
2019-09-02 00:00:00,42.9
2019-08-30 00:00:00,42.9
2019-08-29 00:00:00,42.89
2019-08-28 00:00:00,42.89
2019-08-27 00:00:00,42.89
2019-08-26 00:00:00,42.89
2019-08-23 00:00:00,42.88
2019-08-22 00:00:00,42.89
2019-08-21 00:00:00,42.89
2019-08-20 00:00:00,42.9
2019-08-19 00:00:00,42.89
2019-08-16 00:00:00,42.89
2019-08-15 00:00:00,42.87
2019-08-14 00:00:00,42.87
2019-08-13 00:00:00,42.88
2019-08-12 00:00:00,42.89
2019-08-09 00:00:00,42.9
2019-08-08 00:00:00,43.03
2019-08-07 00:00:00,43.02
2019-08-06 00:00:00,43.03
2019-08-05 00:00:00,42.96
2019-08-02 00:00:00,41.6
2019-08-01 00:00:00,41.6
2019-07-31 00:00:00,41.6
2019-07-30 00:00:00,41.6
2019-07-29 00:00:00,41.6
2019-07-26 00:00:00,41.6
2019-07-25 00:00:00,41.6
2019-07-24 00:00:00,42.83
2019-07-23 00:00:00,42.83
2019-07-22 00:00:00,42.83
2019-07-19 00:00:00,42.83
2019-07-18 00:00:00,42.83
2019-07-17 00:00:00,42.33
2019-07-16 00:00:00,43.21
2019-07-15 00:00:00,42.95
2019-07-12 00:00:00,43.24
2019-07-11 00:00:00,42.95
2019-07-10 00:00:00,43.22
2019-07-09 00:00:00,43.25
2019-07-08 00:00:00,43.3
2019-07-05 00:00:00,43.3
2019-07-04 00:00:00,43.3
2019-07-03 00:00:00,43.3
2019-07-02 00:00:00,43.3
2019-07-01 00:00:00,43.3
2019-06-28 00:00:00,43.3
2019-06-27 00:00:00,43.3
2019-06-26 00:00:00,43.3
2019-06-25 00:00:00,43.3
2019-06-24 00:00:00,43.3
2019-06-21 00:00:00,43.3
2019-06-20 00:00:00,43.3
2019-06-19 00:00:00,43.3
2019-06-18 00:00:00,43.3
2019-06-17 00:00:00,43.3
2019-06-14 00:00:00,43.3
2019-06-13 00:00:00,43.3
2019-06-12 00:00:00,43.3
2019-06-11 00:00:00,43.3
2019-06-10 00:00:00,43.3
2019-06-07 00:00:00,43.3
2019-06-06 00:00:00,43.3
2019-06-05 00:00:00,43.31
2019-06-04 00:00:00,43.31
2019-06-03 00:00:00,43.31
2019-05-31 00:00:00,43.31
2019-05-30 00:00:00,43.31
2019-05-29 00:00:00,43.31
2019-05-28 00:00:00,43.31
2019-05-27 00:00:00,43.31
2019-05-24 00:00:00,43.31
2019-05-23 00:00:00,43.31
2019-05-22 00:00:00,43.31
2019-05-21 00:00:00,43.31
2019-05-20 00:00:00,43.31
2019-05-17 00:00:00,43.31
2019-05-16 00:00:00,43.31
2019-05-15 00:00:00,43.31
2019-05-14 00:00:00,43.31
2019-05-13 00:00:00,43.31
